date,data_label,energy_kwh,valid,ghi,clear_ghi,clearness,t2m_c,precip_mm,model_kwh,pi,clear,reference,expected_kwh,ratio,smooth_ratio,flagged,loss_fraction,outage
2016-01-01,Public dataset: NREL PVDAQ (Photovoltaic Data Acquisition) via OEDI data lake,464.6,True,3.2486,3.3881,0.95883,1.37,0.0,639.56848,0.72643,True,0.76051,486.39757,0.95519,0.95519,True,0.04481,False
2016-01-02,Public dataset: NREL PVDAQ (Photovoltaic Data Acquisition) via OEDI data lake,315.55,True,2.1775,3.2285,0.67446,4.58,0.0,373.27949,0.84535,False,0.76288,284.76647,1.1081,0.96559,True,0.03441,False
2016-01-03,Public dataset: NREL PVDAQ (Photovoltaic Data Acquisition) via OEDI data lake,218.875,True,1.5883,3.2568,0.48769,7.2,0.01,250.82847,0.87261,False,0.76525,191.94542,1.1403,0.95519,True,0.04481,False
2016-01-04,Public dataset: NREL PVDAQ (Photovoltaic Data Acquisition) via OEDI data lake,112.65,True,0.821,3.0734,0.26713,8.02,0.46,125.73457,,False,0.76761,96.51564,,0.96559,True,0.03441,False
2016-01-05,Public dataset: NREL PVDAQ (Photovoltaic Data Acquisition) via OEDI data lake,40.225,True,0.967,3.2124,0.30102,7.86,15.0,148.21675,,False,0.76998,114.12431,,0.97599,True,0.02401,False
2016-01-06,Public dataset: NREL PVDAQ (Photovoltaic Data Acquisition) via OEDI data lake,307.15,True,2.2056,3.2803,0.67238,6.82,4.54,373.75701,0.82179,False,0.77235,288.67159,1.06401,0.97599,True,0.02401,False
2016-01-07,Public dataset: NREL PVDAQ (Photovoltaic Data Acquisition) via OEDI data lake,378.5,True,1.9999,3.3122,0.6038,5.56,2.39,330.36541,1.1457,False,0.77472,255.94049,1.47886,0.96559,True,0.03441,False
2016-01-08,Public dataset: NREL PVDAQ (Photovoltaic Data Acquisition) via OEDI data lake,482.55,True,2.994,3.3994,0.88074,5.61,0.02,557.95277,0.86486,True,0.77709,433.57828,1.11295,0.95519,True,0.04481,False
2016-01-09,Public dataset: NREL PVDAQ (Photovoltaic Data Acquisition) via OEDI data lake,462.075,True,3.229,3.3806,0.95516,5.53,0.0,607.40235,0.76074,True,0.77946,473.44352,0.97599,0.95898,True,0.04102,False
2016-01-10,Public dataset: NREL PVDAQ (Photovoltaic Data Acquisition) via OEDI data lake,392.95,True,2.8198,3.3665,0.83761,4.9,0.0,516.33653,0.76103,False,0.78182,403.6846,0.97341,0.97599,True,0.02401,False
2016-01-11,Public dataset: NREL PVDAQ (Photovoltaic Data Acquisition) via OEDI data lake,494.425,True,3.5294,3.5746,0.98736,3.06,0.0,678.64328,0.72855,True,0.78419,532.18731,0.92904,0.95898,True,0.04102,False
2016-01-12,Public dataset: NREL PVDAQ (Photovoltaic Data Acquisition) via OEDI data lake,495.0,True,3.3341,3.5647,0.93531,3.32,0.0,631.82845,0.78344,True,0.78656,496.97187,0.99603,0.95898,True,0.04102,False
2016-01-13,Public dataset: NREL PVDAQ (Photovoltaic Data Acquisition) via OEDI data lake,296.25,True,1.8667,3.5076,0.53219,3.77,0.0,300.87749,0.98462,False,0.78893,237.37122,1.24805,0.94196,True,0.05804,False
2016-01-14,Public dataset: NREL PVDAQ (Photovoltaic Data Acquisition) via OEDI data lake,416.3,True,3.0444,3.5647,0.85404,6.55,0.0,558.51173,0.74537,True,0.7913,441.94933,0.94196,0.94196,True,0.05804,False
2016-01-15,Public dataset: NREL PVDAQ (Photovoltaic Data Acquisition) via OEDI data lake,437.775,True,3.3965,3.5755,0.94994,7.4,0.04,629.70757,0.6952,True,0.79367,499.77788,0.87594,0.94196,True,0.05804,False
2016-01-16,Public dataset: NREL PVDAQ (Photovoltaic Data Acquisition) via OEDI data lake,231.65,True,1.8305,3.4726,0.52713,6.5,0.0,292.67216,0.7915,False,0.79316,232.13503,0.99791,0.9355,True,0.0645,False
2016-01-17,Public dataset: NREL PVDAQ (Photovoltaic Data Acquisition) via OEDI data lake,440.95,True,3.1056,3.5916,0.86468,7.51,0.0,564.54203,0.78108,True,0.79265,447.483,0.9854,0.9355,True,0.0645,False
2016-01-18,Public dataset: NREL PVDAQ (Photovoltaic Data Acquisition) via OEDI data lake,378.975,True,3.2153,3.523,0.91266,10.26,0.0,575.67502,0.65831,True,0.79214,456.01428,0.83106,0.94196,True,0.05804,False
2016-01-19,Public dataset: NREL PVDAQ (Photovoltaic Data Acquisition) via OEDI data lake,84.375,True,1.0694,3.493,0.30616,7.48,1.05,163.44685,,False,0.79163,129.38927,,0.95165,True,0.04835,False
2016-01-20,Public dataset: NREL PVDAQ (Photovoltaic Data Acquisition) via OEDI data lake,453.15,True,3.4498,3.667,0.94077,9.57,0.23,627.60643,0.72203,True,0.79112,496.51174,0.91267,0.95165,True,0.04835,False
2016-01-21,Public dataset: NREL PVDAQ (Photovoltaic Data Acquisition) via OEDI data lake,440.225,True,2.8992,3.7234,0.77864,7.49,0.0,507.20759,0.86794,False,0.79061,401.00349,1.09781,0.95013,True,0.04987,False
2016-01-22,Public dataset: NREL PVDAQ (Photovoltaic Data Acquisition) via OEDI data lake,412.5,True,2.5452,3.7531,0.67816,8.19,0.0,426.64598,0.96684,False,0.7901,337.09332,1.2237,0.95165,True,0.04835,False
2016-01-23,Public dataset: NREL PVDAQ (Photovoltaic Data Acquisition) via OEDI data lake,244.15,True,2.1583,3.6504,0.59125,8.68,0.1,346.64107,0.70433,False,0.78959,273.7048,0.89202,0.95846,True,0.04154,False
2016-01-24,Public dataset: NREL PVDAQ (Photovoltaic Data Acquisition) via OEDI data lake,526.25,True,3.721,3.8933,0.95574,8.78,0.0,672.57021,0.78245,True,0.78908,530.71302,0.99159,0.95846,True,0.04154,False
2016-01-25,Public dataset: NREL PVDAQ (Photovoltaic Data Acquisition) via OEDI data lake,524.325,True,3.7457,3.942,0.9502,6.46,0.01,688.82108,0.76119,True,0.78857,543.1854,0.96528,0.95165,True,0.04835,False
2016-01-26,Public dataset: NREL PVDAQ (Photovoltaic Data Acquisition) via OEDI data lake,536.55,True,3.8786,3.9799,0.97455,5.66,0.0,715.43951,0.74996,True,0.78806,563.81152,0.95165,0.96528,True,0.03472,False
2016-01-27,Public dataset: NREL PVDAQ (Photovoltaic Data Acquisition) via OEDI data lake,521.9,True,3.7344,3.9857,0.93695,7.44,0.0,672.46435,0.7761,True,0.78755,529.60181,0.98546,0.96413,True,0.03587,False
2016-01-28,Public dataset: NREL PVDAQ (Photovoltaic Data Acquisition) via OEDI data lake,519.8,True,3.883,3.9912,0.97289,10.12,0.0,696.22954,0.74659,True,0.78704,547.96352,0.9486,0.97537,True,0.02463,False
2016-01-29,Public dataset: NREL PVDAQ (Photovoltaic Data Acquisition) via OEDI data lake,418.8,True,3.222,3.9439,0.81696,11.15,0.0,550.09893,0.76132,False,0.78653,432.67203,0.96794,0.96528,True,0.03472,False
2016-01-30,Public dataset: NREL PVDAQ (Photovoltaic Data Acquisition) via OEDI data lake,444.925,True,3.3499,3.9696,0.84389,11.98,0.0,569.84901,0.78078,False,0.78603,447.91587,0.99332,0.97537,True,0.02463,False
2016-01-31,Public dataset: NREL PVDAQ (Photovoltaic Data Acquisition) via OEDI data lake,246.275,True,1.369,3.9893,0.34317,9.86,3.21,205.10627,,False,0.78552,161.11428,,0.98546,True,0.01454,False
2016-02-01,Public dataset: NREL PVDAQ (Photovoltaic Data Acquisition) via OEDI data lake,419.05,True,2.8793,4.2833,0.67222,4.15,2.62,493.06936,0.84988,False,0.78501,387.06276,1.08264,0.98546,True,0.01454,False
2016-02-02,Public dataset: NREL PVDAQ (Photovoltaic Data Acquisition) via OEDI data lake,595.8,True,3.9478,4.3296,0.91182,1.7,0.0,722.50308,0.82463,True,0.7845,566.80173,1.05116,0.98608,True,0.01392,False
2016-02-03,Public dataset: NREL PVDAQ (Photovoltaic Data Acquisition) via OEDI data lake,574.075,True,4.1405,4.3435,0.95326,2.48,0.0,760.39658,0.75497,True,0.78399,596.14173,0.96298,0.98608,True,0.01392,False
2016-02-04,Public dataset: NREL PVDAQ (Photovoltaic Data Acquisition) via OEDI data lake,576.7,True,4.1249,4.3106,0.95692,5.08,0.0,740.61412,0.77868,True,0.78348,580.25524,0.99387,0.98713,True,0.01287,False
2016-02-05,Public dataset: NREL PVDAQ (Photovoltaic Data Acquisition) via OEDI data lake,581.85,True,4.3402,4.397,0.98708,6.38,0.0,774.55759,0.7512,True,0.78297,606.45466,0.95943,0.99076,False,0.0,False
2016-02-06,Public dataset: NREL PVDAQ (Photovoltaic Data Acquisition) via OEDI data lake,574.95,True,4.2113,4.3174,0.97543,7.16,0.0,745.16783,0.77157,True,0.78246,583.0638,0.98608,0.99118,False,0.0,False
2016-02-07,Public dataset: NREL PVDAQ (Photovoltaic Data Acquisition) via OEDI data lake,579.125,True,4.295,4.3476,0.9879,10.08,0.0,747.5235,0.77472,True,0.78195,584.52622,0.99076,0.99118,False,0.0,False
2016-02-08,Public dataset: NREL PVDAQ (Photovoltaic Data Acquisition) via OEDI data lake,587.825,True,4.4071,4.4815,0.9834,11.97,0.0,762.04314,0.77138,True,0.78144,595.49166,0.98713,0.9916,False,0.0,False
2016-02-09,Public dataset: NREL PVDAQ (Photovoltaic Data Acquisition) via OEDI data lake,582.375,True,4.3826,4.476,0.97913,12.58,0.0,752.06321,0.77437,True,0.78093,587.30983,0.9916,0.99274,False,0.0,False
2016-02-10,Public dataset: NREL PVDAQ (Photovoltaic Data Acquisition) via OEDI data lake,574.075,True,4.4654,4.5622,0.97878,13.35,0.0,760.80662,0.75456,True,0.78042,593.75028,0.96686,0.9916,False,0.0,False
2016-02-11,Public dataset: NREL PVDAQ (Photovoltaic Data Acquisition) via OEDI data lake,591.025,True,4.2797,4.5931,0.93177,14.12,0.0,719.33314,0.82163,True,0.77991,561.01703,1.05349,0.99274,False,0.0,False
2016-02-12,Public dataset: NREL PVDAQ (Photovoltaic Data Acquisition) via OEDI data lake,589.3,True,4.3795,4.6694,0.93791,14.39,0.0,731.32494,0.8058,True,0.7794,569.99704,1.03387,0.99517,False,0.0,False
2016-02-13,Public dataset: NREL PVDAQ (Photovoltaic Data Acquisition) via OEDI data lake,581.425,True,4.1402,4.6121,0.89768,14.27,0.0,687.64537,0.84553,True,0.77889,535.60275,1.08555,0.99733,False,0.0,False
2016-02-14,Public dataset: NREL PVDAQ (Photovoltaic Data Acquisition) via OEDI data lake,436.7,True,3.1339,4.7554,0.65902,14.42,0.0,492.3683,0.88694,False,0.77838,383.25183,1.13946,0.99872,False,0.0,False
2016-02-15,Public dataset: NREL PVDAQ (Photovoltaic Data Acquisition) via OEDI data lake,603.1,True,4.4225,4.7309,0.93481,15.39,0.0,729.2963,0.82696,True,0.77788,567.30139,1.0631,1.00388,False,0.0,False
2016-02-16,Public dataset: NREL PVDAQ (Photovoltaic Data Acquisition) via OEDI data lake,611.3,True,4.7194,4.7825,0.98681,16.01,0.0,778.74984,0.78498,True,0.77796,605.83914,1.00901,1.02144,False,0.0,False
2016-02-17,Public dataset: NREL PVDAQ (Photovoltaic Data Acquisition) via OEDI data lake,583.1,True,3.5515,4.8595,0.73084,17.15,1.86,558.13039,1.04474,False,0.77805,434.25471,1.34276,1.02144,False,0.0,False
2016-02-18,Public dataset: NREL PVDAQ (Photovoltaic Data Acquisition) via OEDI data lake,542.625,True,4.0574,4.9495,0.81976,13.74,0.57,661.6168,0.82015,False,0.77814,514.83125,1.05399,1.02144,False,0.0,False
2016-02-19,Public dataset: NREL PVDAQ (Photovoltaic Data Acquisition) via OEDI data lake,637.15,True,4.979,5.0482,0.98629,14.0,0.0,819.74183,0.77726,True,0.77823,637.94755,0.99875,1.00388,False,0.0,False
2016-02-20,Public dataset: NREL PVDAQ (Photovoltaic Data Acquisition) via OEDI data lake,630.3,True,4.9517,5.0618,0.97825,14.09,0.0,813.15134,0.77513,True,0.77832,632.89076,0.99591,0.99872,False,0.0,False
2016-02-21,Public dataset: NREL PVDAQ (Photovoltaic Data Acquisition) via OEDI data lake,627.725,True,4.9685,5.0273,0.9883,15.16,0.0,807.47901,0.77739,True,0.77841,628.5475,0.99869,0.9973,False,0.0,False
2016-02-22,Public dataset: NREL PVDAQ (Photovoltaic Data Acquisition) via OEDI data lake,688.725,True,5.213,5.2538,0.99223,13.36,0.0,850.02853,0.81024,True,0.7785,661.74375,1.04077,0.99591,False,0.0,False
2016-02-23,Public dataset: NREL PVDAQ (Photovoltaic Data Acquisition) via OEDI data lake,668.8,True,4.9642,5.3292,0.93151,9.62,0.0,822.78643,0.81285,True,0.77858,640.60887,1.04401,0.99551,False,0.0,False
2016-02-24,Public dataset: NREL PVDAQ (Photovoltaic Data Acquisition) via OEDI data lake,661.325,True,5.1936,5.262,0.987,10.94,0.0,854.37456,0.77405,True,0.77867,665.27868,0.99406,0.99458,False,0.0,False
2016-02-25,Public dataset: NREL PVDAQ (Photovoltaic Data Acquisition) via OEDI data lake,648.4,True,5.19,5.2198,0.99429,14.68,0.0,836.69355,0.77496,True,0.77876,651.58516,0.99511,0.99458,False,0.0,False
2016-02-26,Public dataset: NREL PVDAQ (Photovoltaic Data Acquisition) via OEDI data lake,613.375,True,5.0225,5.148,0.97562,16.74,0.0,795.75386,0.77081,True,0.77885,619.77347,0.98968,0.99406,False,0.0,False
2016-02-27,Public dataset: NREL PVDAQ (Photovoltaic Data Acquisition) via OEDI data lake,630.775,True,5.1756,5.4079,0.95704,18.6,0.0,816.50859,0.77253,True,0.77894,636.01073,0.99177,0.99291,False,0.0,False
2016-02-28,Public dataset: NREL PVDAQ (Photovoltaic Data Acquisition) via OEDI data lake,549.4,True,4.8439,5.3762,0.90099,17.54,0.0,760.45056,0.72247,True,0.77903,592.41237,0.92739,0.99177,False,0.0,False
2016-02-29,Public dataset: NREL PVDAQ (Photovoltaic Data Acquisition) via OEDI data lake,647.45,True,5.3798,5.436,0.98966,19.11,0.0,838.42695,0.77222,True,0.77912,653.23253,0.99115,0.99146,False,0.0,False
2016-03-01,Public dataset: NREL PVDAQ (Photovoltaic Data Acquisition) via OEDI data lake,555.2,True,4.5578,5.5111,0.82702,18.59,0.0,705.44659,0.78702,False,0.77921,549.68787,1.01003,0.99146,False,0.0,False
2016-03-02,Public dataset: NREL PVDAQ (Photovoltaic Data Acquisition) via OEDI data lake,616.05,True,5.2764,5.7329,0.92037,18.79,0.0,817.30589,0.75376,True,0.77929,636.92175,0.96723,0.99146,False,0.0,False
2016-03-03,Public dataset: NREL PVDAQ (Photovoltaic Data Acquisition) via OEDI data lake,584.625,True,4.1321,5.658,0.73031,19.42,0.0,621.54625,0.9406,False,0.77938,484.42253,1.20685,0.99146,False,0.0,False
2016-03-04,Public dataset: NREL PVDAQ (Photovoltaic Data Acquisition) via OEDI data lake,610.125,True,5.1617,5.5817,0.92475,19.16,0.0,794.84626,0.7676,True,0.77947,619.56009,0.98477,0.99115,False,0.0,False
2016-03-05,Public dataset: NREL PVDAQ (Photovoltaic Data Acquisition) via OEDI data lake,357.6,True,3.7277,5.5661,0.66971,17.36,0.07,559.29201,0.63938,False,0.77956,436.00185,0.82018,0.99177,False,0.0,False
2016-03-06,Public dataset: NREL PVDAQ (Photovoltaic Data Acquisition) via OEDI data lake,534.85,True,3.7385,5.7751,0.64735,13.62,1.29,571.29299,0.93621,False,0.77965,445.40801,1.20081,0.99115,False,0.0,False
2016-03-07,Public dataset: NREL PVDAQ (Photovoltaic Data Acquisition) via OEDI data lake,491.575,True,3.6163,5.8013,0.62336,10.51,0.07,554.54548,0.88645,False,0.77974,432.40001,1.13685,0.99115,False,0.0,False
2016-03-08,Public dataset: NREL PVDAQ (Photovoltaic Data Acquisition) via OEDI data lake,725.5,True,5.8051,6.0055,0.96663,12.81,0.0,909.47132,0.79772,True,0.77983,709.22974,1.02294,1.00007,False,0.0,False
2016-03-09,Public dataset: NREL PVDAQ (Photovoltaic Data Acquisition) via OEDI data lake,692.075,True,5.4914,5.9386,0.9247,16.27,0.0,844.06384,0.81993,True,0.77992,658.29813,1.05131,0.99552,False,0.0,False
2016-03-10,Public dataset: NREL PVDAQ (Photovoltaic Data Acquisition) via OEDI data lake,716.45,True,5.9726,6.0391,0.98899,18.61,0.0,908.72351,0.78841,True,0.78,708.80778,1.01078,1.00017,False,0.0,False
2016-03-11,Public dataset: NREL PVDAQ (Photovoltaic Data Acquisition) via OEDI data lake,472.65,True,4.0092,5.8474,0.68564,17.01,0.78,596.48873,0.79239,False,0.78009,465.31638,1.01576,1.00027,False,0.0,False
2016-03-12,Public dataset: NREL PVDAQ (Photovoltaic Data Acquisition) via OEDI data lake,692.65,True,5.7341,6.1687,0.92955,12.7,0.21,887.74744,0.78023,True,0.78018,692.60385,1.00007,1.00189,False,0.0,False
2016-03-13,Public dataset: NREL PVDAQ (Photovoltaic Data Acquisition) via OEDI data lake,534.05,True,5.4086,6.0348,0.89624,13.76,0.0,834.13024,0.64025,True,0.78027,650.84671,0.82055,1.00269,False,0.0,False
2016-03-14,Public dataset: NREL PVDAQ (Photovoltaic Data Acquisition) via OEDI data lake,645.875,True,5.5018,6.3115,0.87171,15.1,0.0,839.67336,0.7692,True,0.78036,655.24632,0.9857,1.00269,False,0.0,False
2016-03-15,Public dataset: NREL PVDAQ (Photovoltaic Data Acquisition) via OEDI data lake,723.05,True,6.0665,6.379,0.95101,16.01,0.0,921.78994,0.7844,True,0.78073,719.66723,1.0047,1.00349,False,0.0,False
2016-03-16,Public dataset: NREL PVDAQ (Photovoltaic Data Acquisition) via OEDI data lake,737.55,True,6.288,6.4226,0.97904,16.74,0.0,952.84567,0.77405,True,0.7811,744.26532,0.99098,1.00349,False,0.0,False
2016-03-17,Public dataset: NREL PVDAQ (Photovoltaic Data Acquisition) via OEDI data lake,734.475,True,6.3077,6.3552,0.99253,18.53,0.0,939.6135,0.78168,True,0.78147,734.27683,1.00027,1.00349,False,0.0,False
2016-03-18,Public dataset: NREL PVDAQ (Photovoltaic Data Acquisition) via OEDI data lake,750.15,True,6.4476,6.5033,0.99144,19.76,0.0,957.66067,0.78332,True,0.78184,748.73388,1.00189,1.00349,False,0.0,False
2016-03-19,Public dataset: NREL PVDAQ (Photovoltaic Data Acquisition) via OEDI data lake,712.5,True,5.8654,6.4212,0.91344,20.07,0.0,869.69302,0.81925,True,0.78221,680.27887,1.04736,1.0041,False,0.0,False
2016-03-20,Public dataset: NREL PVDAQ (Photovoltaic Data Acquisition) via OEDI data lake,668.625,True,5.8829,6.5522,0.89785,22.43,0.0,851.41907,0.78531,True,0.78258,666.29943,1.00349,1.0047,False,0.0,False
2016-03-21,Public dataset: NREL PVDAQ (Photovoltaic Data Acquisition) via OEDI data lake,435.85,True,4.3471,6.6929,0.64951,19.99,0.0,628.37841,0.69361,False,0.78294,491.98548,0.8859,1.00486,False,0.0,False
2016-03-22,Public dataset: NREL PVDAQ (Photovoltaic Data Acquisition) via OEDI data lake,818.6,True,6.4318,6.9821,0.92118,14.12,0.0,966.45929,0.84701,True,0.78331,757.04112,1.08132,1.00501,False,0.0,False
2016-03-23,Public dataset: NREL PVDAQ (Photovoltaic Data Acquisition) via OEDI data lake,830.4,True,6.9118,6.9626,0.9927,13.08,0.0,1045.29715,0.79442,True,0.78368,819.18209,1.01369,1.00935,False,0.0,False
2016-03-24,Public dataset: NREL PVDAQ (Photovoltaic Data Acquisition) via OEDI data lake,768.425,True,6.5628,6.7795,0.96804,15.79,0.0,975.1812,0.78798,True,0.78405,764.59364,1.00501,1.00935,False,0.0,False
2016-03-25,Public dataset: NREL PVDAQ (Photovoltaic Data Acquisition) via OEDI data lake,781.175,True,6.672,6.8011,0.98102,18.25,0.0,974.88886,0.8013,True,0.78442,764.72458,1.02151,1.01395,False,0.0,False
2016-03-26,Public dataset: NREL PVDAQ (Photovoltaic Data Acquisition) via OEDI data lake,853.675,True,7.0082,7.0394,0.99557,14.34,0.0,1048.18308,0.81443,True,0.78479,822.60544,1.03777,1.01395,False,0.0,False
2016-03-27,Public dataset: NREL PVDAQ (Photovoltaic Data Acquisition) via OEDI data lake,589.55,True,5.0678,6.8011,0.74514,15.35,0.0,746.51649,0.78973,False,0.78516,586.13577,1.00582,1.01395,False,0.0,False
2016-03-28,Public dataset: NREL PVDAQ (Photovoltaic Data Acquisition) via OEDI data lake,665.475,True,5.4142,6.8369,0.79191,15.08,0.02,798.30241,0.83361,False,0.78553,627.09098,1.06121,1.01786,False,0.0,False
2016-03-29,Public dataset: NREL PVDAQ (Photovoltaic Data Acquisition) via OEDI data lake,729.175,True,4.919,7.1652,0.68651,10.53,0.01,737.96606,0.98809,False,0.7859,579.96756,1.25727,1.01506,False,0.0,False
2016-03-30,Public dataset: NREL PVDAQ (Photovoltaic Data Acquisition) via OEDI data lake,629.8,True,5.2126,7.1131,0.73282,11.39,0.02,783.1605,0.80418,False,0.78627,615.77519,1.02278,1.01464,False,0.0,False
2016-03-31,Public dataset: NREL PVDAQ (Photovoltaic Data Acquisition) via OEDI data lake,788.45,True,6.9506,7.1383,0.97371,14.27,0.0,1022.58675,0.77103,True,0.78664,804.40652,0.98016,1.01506,False,0.0,False
2016-04-01,Public dataset: NREL PVDAQ (Photovoltaic Data Acquisition) via OEDI data lake,821.175,True,7.0846,7.2391,0.97866,17.34,0.0,1028.79094,0.79819,True,0.78701,809.66704,1.01421,1.01829,False,0.0,False
2016-04-02,Public dataset: NREL PVDAQ (Photovoltaic Data Acquisition) via OEDI data lake,804.65,True,7.1621,7.205,0.99405,18.85,0.0,1027.10839,0.78341,True,0.78738,808.72231,0.99496,1.01506,False,0.0,False
2016-04-03,Public dataset: NREL PVDAQ (Photovoltaic Data Acquisition) via OEDI data lake,800.85,True,7.039,7.0999,0.99142,21.67,0.0,994.63583,0.80517,True,0.78775,783.52159,1.02212,1.01464,False,0.0,False
2016-04-04,Public dataset: NREL PVDAQ (Photovoltaic Data Acquisition) via OEDI data lake,758.175,True,6.3962,7.0697,0.90473,22.76,0.0,903.29187,0.83935,True,0.78812,711.89935,1.065,1.01464,False,0.0,False
2016-04-05,Public dataset: NREL PVDAQ (Photovoltaic Data Acquisition) via OEDI data lake,800.0,True,7.1503,7.3522,0.97254,22.44,0.0,999.54496,0.80036,True,0.78849,788.12726,1.01506,1.01506,False,0.0,False
2016-04-06,Public dataset: NREL PVDAQ (Photovoltaic Data Acquisition) via OEDI data lake,781.75,True,6.3458,7.5046,0.84559,21.47,0.0,898.34717,0.87021,False,0.78886,708.6661,1.10313,1.01859,False,0.0,False
2016-04-07,Public dataset: NREL PVDAQ (Photovoltaic Data Acquisition) via OEDI data lake,569.525,True,5.2397,7.369,0.71105,21.5,0.0,742.74638,0.76678,False,0.78922,586.19395,0.97156,1.01506,False,0.0,False
2016-04-08,Public dataset: NREL PVDAQ (Photovoltaic Data Acquisition) via OEDI data lake,324.725,True,2.8843,6.9118,0.4173,17.14,5.62,417.97984,0.77689,False,0.78959,330.03452,0.98391,1.01859,False,0.0,False
2016-04-09,Public dataset: NREL PVDAQ (Photovoltaic Data Acquisition) via OEDI data lake,439.25,True,4.3394,7.1887,0.60364,15.24,16.16,629.09783,0.69822,False,0.78996,496.9645,0.88387,1.02411,False,0.0,False
2016-04-10,Public dataset: NREL PVDAQ (Photovoltaic Data Acquisition) via OEDI data lake,528.675,True,4.536,7.1873,0.63111,13.19,4.16,667.28843,0.79227,False,0.79033,527.38021,1.00246,1.02411,False,0.0,False
2016-04-11,Public dataset: NREL PVDAQ (Photovoltaic Data Acquisition) via OEDI data lake,534.425,True,4.5214,7.2821,0.62089,15.14,0.78,654.87386,0.81607,False,0.7907,517.81049,1.03209,1.02059,False,0.0,False
2016-04-12,Public dataset: NREL PVDAQ (Photovoltaic Data Acquisition) via OEDI data lake,829.8,True,6.8911,7.428,0.92772,18.42,0.0,977.28019,0.84909,True,0.79107,773.09907,1.07334,1.01502,False,0.0,False
2016-04-13,Public dataset: NREL PVDAQ (Photovoltaic Data Acquisition) via OEDI data lake,816.5,True,6.732,7.5266,0.89443,20.06,0.0,945.05835,0.86397,True,0.79144,747.9584,1.09164,1.01646,False,0.0,False
2016-04-14,Public dataset: NREL PVDAQ (Photovoltaic Data Acquisition) via OEDI data lake,695.4,True,6.9912,7.8106,0.89509,19.19,0.0,975.51542,0.71285,True,0.79181,772.42378,0.90028,1.01794,False,0.0,False
2016-04-15,Public dataset: NREL PVDAQ (Photovoltaic Data Acquisition) via OEDI data lake,737.55,True,6.5047,7.9944,0.81366,14.96,0.0,936.47747,0.78758,False,0.79226,741.93081,0.9941,1.02203,False,0.0,False
2016-04-16,Public dataset: NREL PVDAQ (Photovoltaic Data Acquisition) via OEDI data lake,918.8,True,8.0453,8.0714,0.99677,15.74,0.0,1129.57766,0.8134,True,0.7927,895.41963,1.02611,1.02611,False,0.0,False
2016-04-17,Public dataset: NREL PVDAQ (Photovoltaic Data Acquisition) via OEDI data lake,901.925,True,8.0537,8.1103,0.99302,17.55,0.0,1120.37623,0.80502,True,0.79315,888.62536,1.01497,1.02611,False,0.0,False
2016-04-18,Public dataset: NREL PVDAQ (Photovoltaic Data Acquisition) via OEDI data lake,859.2,True,8.0177,8.0638,0.99428,18.08,0.0,1109.61953,0.77432,True,0.7936,880.58863,0.97571,1.02611,False,0.0,False
2016-04-19,Public dataset: NREL PVDAQ (Photovoltaic Data Acquisition) via OEDI data lake,824.35,True,7.6349,7.8821,0.96864,20.89,0.0,1049.90821,0.78516,True,0.79404,833.67032,0.98882,1.02697,False,0.0,False
2016-04-20,Public dataset: NREL PVDAQ (Photovoltaic Data Acquisition) via OEDI data lake,847.875,True,7.769,7.8845,0.98535,22.84,0.0,1048.38554,0.80874,True,0.79449,832.92888,1.01794,1.02611,False,0.0,False
2016-04-21,Public dataset: NREL PVDAQ (Photovoltaic Data Acquisition) via OEDI data lake,814.075,True,7.1515,7.9445,0.90018,23.47,0.0,968.10504,0.8409,True,0.79493,769.57887,1.05782,1.02203,False,0.0,False
2016-04-22,Public dataset: NREL PVDAQ (Photovoltaic Data Acquisition) via OEDI data lake,922.0,True,7.5478,8.0969,0.93218,23.3,0.0,1016.07797,0.90741,True,0.79538,808.16736,1.14085,1.02611,False,0.0,False
2016-04-23,Public dataset: NREL PVDAQ (Photovoltaic Data Acquisition) via OEDI data lake,943.225,True,8.2543,8.3234,0.9917,17.6,0.0,1138.83708,0.82824,True,0.79583,906.31538,1.04072,1.02611,False,0.0,False
2016-04-24,Public dataset: NREL PVDAQ (Photovoltaic Data Acquisition) via OEDI data lake,703.275,True,5.3258,7.8096,0.68196,18.99,0.0,743.94471,0.94533,False,0.79627,592.38187,1.1872,1.02782,False,0.0,False
2016-04-25,Public dataset: NREL PVDAQ (Photovoltaic Data Acquisition) via OEDI data lake,330.425,True,3.3874,8.0638,0.42007,13.3,0.99,492.91234,0.67035,False,0.79672,392.71184,0.84139,1.03427,False,0.0,False
2016-04-26,Public dataset: NREL PVDAQ (Photovoltaic Data Acquisition) via OEDI data lake,891.35,True,7.8425,8.2337,0.95249,16.68,0.0,1087.8856,0.81934,True,0.79716,867.22264,1.02782,1.03427,False,0.0,False
2016-04-27,Public dataset: NREL PVDAQ (Photovoltaic Data Acquisition) via OEDI data lake,660.95,True,4.7729,7.8653,0.60683,17.2,1.95,676.50167,0.97701,False,0.79761,539.58415,1.22492,1.04927,False,0.0,False
2016-04-28,Public dataset: NREL PVDAQ (Photovoltaic Data Acquisition) via OEDI data lake,641.3,True,4.0301,7.9627,0.50612,14.76,5.15,577.92729,1.10966,False,0.79806,461.21807,1.39045,1.05782,False,0.0,False
2016-04-29,Public dataset: NREL PVDAQ (Photovoltaic Data Acquisition) via OEDI data lake,776.6,True,6.6665,8.0119,0.83207,17.56,1.5,928.53682,0.83637,False,0.7985,741.43812,1.04742,1.05663,False,0.0,False
2016-04-30,Public dataset: NREL PVDAQ (Photovoltaic Data Acquisition) via OEDI data lake,357.075,True,3.5522,7.9541,0.44659,13.63,8.82,514.06845,0.69461,False,0.79895,410.71376,0.8694,1.04072,False,0.0,False
2016-05-01,Public dataset: NREL PVDAQ (Photovoltaic Data Acquisition) via OEDI data lake,847.075,True,7.1124,8.3088,0.85601,18.3,0.35,984.32612,0.86056,True,0.79939,786.86406,1.07652,1.05018,False,0.0,False
2016-05-02,Public dataset: NREL PVDAQ (Photovoltaic Data Acquisition) via OEDI data lake,820.7,True,6.9389,8.1816,0.84811,19.79,0.02,955.33987,0.85907,False,0.79984,764.11876,1.07405,1.02782,False,0.0,False
2016-05-03,Public dataset: NREL PVDAQ (Photovoltaic Data Acquisition) via OEDI data lake,897.275,True,8.2267,8.3136,0.98955,21.07,0.0,1104.74028,0.8122,True,0.80029,884.1079,1.01489,1.02136,False,0.0,False
2016-05-04,Public dataset: NREL PVDAQ (Photovoltaic Data Acquisition) via OEDI data lake,880.0,True,7.7225,8.341,0.92585,23.59,0.0,1024.67152,0.85881,True,0.80073,820.48706,1.07253,1.00612,False,0.0,False
2016-05-05,Public dataset: NREL PVDAQ (Photovoltaic Data Acquisition) via OEDI data lake,737.85,True,6.3564,8.2162,0.77364,22.35,0.0,864.40596,0.85359,False,0.80118,692.5429,1.06542,0.99734,False,0.0,False
2016-05-06,Public dataset: NREL PVDAQ (Photovoltaic Data Acquisition) via OEDI data lake,378.475,True,4.6495,8.1336,0.57164,17.4,1.38,653.972,0.57873,False,0.80162,524.23957,0.72195,1.00612,False,0.0,False
2016-05-07,Public dataset: NREL PVDAQ (Photovoltaic Data Acquisition) via OEDI data lake,640.975,True,4.9526,7.999,0.61915,15.62,3.14,705.76589,0.9082,False,0.80207,566.07359,1.13232,1.00842,False,0.0,False
2016-05-08,Public dataset: NREL PVDAQ (Photovoltaic Data Acquisition) via OEDI data lake,685.7,True,6.3053,8.1665,0.77209,17.29,0.08,880.25537,0.77898,False,0.80252,706.41899,0.97067,1.01166,False,0.0,False
2016-05-09,Public dataset: NREL PVDAQ (Photovoltaic Data Acquisition) via OEDI data lake,891.475,True,8.431,8.5219,0.98933,21.65,0.0,1114.6372,0.79979,True,0.80296,895.01132,0.99605,1.01166,False,0.0,False
2016-05-10,Public dataset: NREL PVDAQ (Photovoltaic Data Acquisition) via OEDI data lake,866.125,True,8.149,8.5421,0.95398,23.32,0.0,1080.94214,0.80127,True,0.80341,868.43762,0.99734,1.01166,False,0.0,False
2016-05-11,Public dataset: NREL PVDAQ (Photovoltaic Data Acquisition) via OEDI data lake,901.1,True,8.617,8.6508,0.99609,23.05,0.0,1134.96633,0.79394,True,0.80385,912.34733,0.98767,1.00288,False,0.0,False
2016-05-12,Public dataset: NREL PVDAQ (Photovoltaic Data Acquisition) via OEDI data lake,880.875,True,8.6309,8.6628,0.99632,24.95,0.0,1120.96998,0.78581,True,0.8043,901.59631,0.97702,1.00288,False,0.0,False
2016-05-13,Public dataset: NREL PVDAQ (Photovoltaic Data Acquisition) via OEDI data lake,888.3,True,8.2044,8.3993,0.9768,27.7,0.0,1054.11543,0.8427,True,0.80475,848.29537,1.04716,1.00288,False,0.0,False
2016-05-14,Public dataset: NREL PVDAQ (Photovoltaic Data Acquisition) via OEDI data lake,852.475,True,8.1624,8.7494,0.93291,27.57,0.0,1049.87729,0.81198,True,0.80519,845.35303,1.00842,1.00842,False,0.0,False
2016-05-15,Public dataset: NREL PVDAQ (Photovoltaic Data Acquisition) via OEDI data lake,897.425,True,8.4218,8.7926,0.95783,24.78,0.0,1096.45495,0.81848,True,0.80457,882.17097,1.01729,1.00352,False,0.0,False
2016-05-16,Public dataset: NREL PVDAQ (Photovoltaic Data Acquisition) via OEDI data lake,896.6,True,8.167,8.7408,0.93435,24.12,0.0,1070.848,0.83728,True,0.80394,860.89847,1.04147,1.00842,False,0.0,False
2016-05-17,Public dataset: NREL PVDAQ (Photovoltaic Data Acquisition) via OEDI data lake,442.55,True,4.9255,8.5022,0.57932,19.55,1.83,691.30341,0.64017,False,0.80332,555.33452,0.79691,1.01729,False,0.0,False
2016-05-18,Public dataset: NREL PVDAQ (Photovoltaic Data Acquisition) via OEDI data lake,824.5,True,7.8564,8.5939,0.91418,23.12,0.02,1036.99622,0.79508,True,0.80269,832.38598,0.99053,1.0187,False,0.0,False
2016-05-19,Public dataset: NREL PVDAQ (Photovoltaic Data Acquisition) via OEDI data lake,884.125,True,8.388,8.6522,0.96946,26.59,0.0,1078.48418,0.81978,True,0.80206,865.01315,1.02209,1.0211,False,0.0,False
2016-05-20,Public dataset: NREL PVDAQ (Photovoltaic Data Acquisition) via OEDI data lake,620.4,True,4.847,8.9078,0.54413,23.03,0.0,664.24687,0.93399,False,0.80144,532.35279,1.16539,1.03004,False,0.0,False
2016-05-21,Public dataset: NREL PVDAQ (Photovoltaic Data Acquisition) via OEDI data lake,980.7,True,9.0914,9.137,0.99501,18.98,0.0,1200.49741,0.81691,True,0.80081,961.3733,1.0201,1.02209,False,0.0,False
2016-05-22,Public dataset: NREL PVDAQ (Photovoltaic Data Acquisition) via OEDI data lake,938.45,True,8.9122,8.9868,0.9917,19.54,0.0,1174.40872,0.79908,True,0.80019,939.74635,0.99862,1.03798,False,0.0,False
2016-05-23,Public dataset: NREL PVDAQ (Photovoltaic Data Acquisition) via OEDI data lake,931.625,True,8.5586,8.6676,0.98742,21.25,0.0,1122.33418,0.83008,True,0.79956,897.37477,1.03817,1.03817,False,0.0,False
2016-05-24,Public dataset: NREL PVDAQ (Photovoltaic Data Acquisition) via OEDI data lake,927.8,True,7.3596,8.6222,0.85356,19.89,0.0,991.43993,0.93581,True,0.79894,792.09649,1.17132,1.03798,False,0.0,False
2016-05-25,Public dataset: NREL PVDAQ (Photovoltaic Data Acquisition) via OEDI data lake,880.35,True,7.3517,8.7271,0.8424,20.77,0.0,983.43588,0.89518,False,0.79831,785.08646,1.12134,1.03004,False,0.0,False
2016-05-26,Public dataset: NREL PVDAQ (Photovoltaic Data Acquisition) via OEDI data lake,874.975,True,7.7496,8.6969,0.89108,22.21,0.07,1025.59138,0.85314,True,0.79768,818.09792,1.06952,1.03004,False,0.0,False
2016-05-27,Public dataset: NREL PVDAQ (Photovoltaic Data Acquisition) via OEDI data lake,887.025,True,8.2711,8.8075,0.9391,25.1,0.01,1072.15322,0.82733,True,0.79706,854.56873,1.03798,1.02904,False,0.0,False
2016-05-28,Public dataset: NREL PVDAQ (Photovoltaic Data Acquisition) via OEDI data lake,775.675,True,7.2305,8.5543,0.84525,26.12,0.0,941.8901,0.82353,False,0.79643,750.1521,1.03402,1.02904,False,0.0,False
2016-05-29,Public dataset: NREL PVDAQ (Photovoltaic Data Acquisition) via OEDI data lake,878.15,True,8.1096,8.6083,0.94207,26.13,0.0,1043.21046,0.84178,True,0.79581,830.19423,1.05776,1.03798,False,0.0,False
2016-05-30,Public dataset: NREL PVDAQ (Photovoltaic Data Acquisition) via OEDI data lake,847.05,True,7.9843,8.677,0.92017,27.58,0.0,1025.02359,0.82637,True,0.79518,815.07966,1.03922,1.03807,False,0.0,False
2016-05-31,Public dataset: NREL PVDAQ (Photovoltaic Data Acquisition) via OEDI data lake,860.65,True,8.5812,8.7254,0.98347,29.99,0.0,1080.63038,0.79643,True,0.79456,858.62101,1.00236,1.03798,False,0.0,False
2016-06-01,Public dataset: NREL PVDAQ (Photovoltaic Data Acquisition) via OEDI data lake,863.825,True,8.8814,8.9453,0.99286,30.11,0.0,1108.31197,0.77941,True,0.79393,879.92213,0.98171,1.02017,False,0.0,False
2016-06-02,Public dataset: NREL PVDAQ (Photovoltaic Data Acquisition) via OEDI data lake,853.025,True,8.7986,8.8466,0.99457,32.06,0.0,1083.77113,0.78709,True,0.7933,859.76033,0.99217,1.02017,False,0.0,False
2016-06-03,Public dataset: NREL PVDAQ (Photovoltaic Data Acquisition) via OEDI data lake,848.975,True,8.885,8.9287,0.99511,33.65,0.0,1091.43142,0.77785,True,0.79268,865.15438,0.9813,1.00236,False,0.0,False
2016-06-04,Public dataset: NREL PVDAQ (Photovoltaic Data Acquisition) via OEDI data lake,7.575,True,8.7168,8.7564,0.99548,34.75,0.0,1065.71039,0.00711,True,0.79205,844.09909,0.00897,0.99726,False,0.0,True
2016-06-05,Public dataset: NREL PVDAQ (Photovoltaic Data Acquisition) via OEDI data lake,0.0,True,8.9345,8.9827,0.99463,33.84,0.0,1082.38405,0.0,True,0.79143,856.62828,0.0,0.99726,False,0.0,True
2016-06-06,Public dataset: NREL PVDAQ (Photovoltaic Data Acquisition) via OEDI data lake,0.0,True,9.1068,9.3084,0.97834,32.42,0.0,1113.6187,0.0,True,0.7908,880.65147,0.0,0.99217,False,0.0,True
2016-06-07,Public dataset: NREL PVDAQ (Photovoltaic Data Acquisition) via OEDI data lake,0.0,True,8.6431,8.8078,0.9813,33.16,0.0,1060.69461,0.0,True,0.79018,838.13536,0.0,0.98694,False,0.0,True
2016-06-08,Public dataset: NREL PVDAQ (Photovoltaic Data Acquisition) via OEDI data lake,0.0,True,7.8886,8.7175,0.90492,33.84,0.0,977.0584,0.0,True,0.78955,771.43671,0.0,0.98746,False,0.0,True
2016-06-09,Public dataset: NREL PVDAQ (Photovoltaic Data Acquisition) via OEDI data lake,0.0,True,7.5331,9.2189,0.81714,33.07,0.0,944.89925,0.0,False,0.78892,745.45424,0.0,0.98799,False,0.0,True
2016-06-10,Public dataset: NREL PVDAQ (Photovoltaic Data Acquisition) via OEDI data lake,0.0,True,7.4532,8.8337,0.84372,31.39,0.16,945.48546,0.0,False,0.7883,745.32515,0.0,0.98852,False,0.0,True
2016-06-11,Public dataset: NREL PVDAQ (Photovoltaic Data Acquisition) via OEDI data lake,0.0,True,6.882,8.4108,0.81823,29.19,0.72,889.48564,0.0,False,0.78767,700.62402,0.0,0.98905,False,0.0,True
2016-06-12,Public dataset: NREL PVDAQ (Photovoltaic Data Acquisition) via OEDI data lake,0.0,True,7.7914,8.7502,0.89043,27.78,0.0,998.39297,0.0,True,0.78705,785.78274,0.0,0.98958,False,0.0,True
2016-06-13,Public dataset: NREL PVDAQ (Photovoltaic Data Acquisition) via OEDI data lake,0.0,True,8.2927,8.833,0.93883,28.18,0.0,1050.05256,0.0,True,0.78642,825.7843,0.0,0.99011,False,0.0,True
2016-06-14,Public dataset: NREL PVDAQ (Photovoltaic Data Acquisition) via OEDI data lake,0.0,True,9.0415,9.0739,0.99643,28.75,0.0,1124.86072,0.0,True,0.7858,883.91127,0.0,0.99064,False,0.0,True
2016-06-15,Public dataset: NREL PVDAQ (Photovoltaic Data Acquisition) via OEDI data lake,0.0,True,9.1339,9.2196,0.9907,26.9,0.0,1143.73677,0.0,True,0.78625,899.26208,0.0,0.99117,False,0.0,True
2016-06-16,Public dataset: NREL PVDAQ (Photovoltaic Data Acquisition) via OEDI data lake,,False,9.157,9.2849,0.98622,26.28,0.0,1149.03699,,False,0.7867,903.94987,,0.99169,False,0.0,False
2016-06-17,Public dataset: NREL PVDAQ (Photovoltaic Data Acquisition) via OEDI data lake,,False,8.8889,9.1454,0.97195,28.81,0.0,1107.64298,,False,0.78716,871.88685,,0.99222,False,0.0,False
2016-06-18,Public dataset: NREL PVDAQ (Photovoltaic Data Acquisition) via OEDI data lake,,False,7.9918,9.1675,0.87175,30.47,0.0,1005.06459,,False,0.78761,791.59702,,0.99275,False,0.0,False
2016-06-19,Public dataset: NREL PVDAQ (Photovoltaic Data Acquisition) via OEDI data lake,,False,8.7516,8.8584,0.98794,34.65,0.0,1061.864,,False,0.78806,836.81369,,0.99328,False,0.0,False
2016-06-20,Public dataset: NREL PVDAQ (Photovoltaic Data Acquisition) via OEDI data lake,,False,8.9364,8.975,0.9957,36.94,0.0,1067.83858,,False,0.78851,842.00573,,0.99381,False,0.0,False
2016-06-21,Public dataset: NREL PVDAQ (Photovoltaic Data Acquisition) via OEDI data lake,,False,8.1708,9.0314,0.90471,36.43,0.0,994.66083,,False,0.78897,784.75461,,0.99434,False,0.0,False
2016-06-22,Public dataset: NREL PVDAQ (Photovoltaic Data Acquisition) via OEDI data lake,,False,8.8906,8.9657,0.99162,34.91,0.0,1078.5606,,False,0.78942,851.43733,,0.99487,False,0.0,False
2016-06-23,Public dataset: NREL PVDAQ (Photovoltaic Data Acquisition) via OEDI data lake,,False,8.9892,9.0307,0.9954,34.12,0.0,1088.12655,,False,0.78987,859.48178,,0.9954,False,0.0,False
2016-06-24,Public dataset: NREL PVDAQ (Photovoltaic Data Acquisition) via OEDI data lake,,False,9.4241,9.4582,0.99639,33.26,0.0,1134.08438,,False,0.79033,896.29634,,0.99592,False,0.0,False
2016-06-25,Public dataset: NREL PVDAQ (Photovoltaic Data Acquisition) via OEDI data lake,,False,8.9438,9.0662,0.9865,33.38,0.0,1092.27435,,False,0.79078,863.74757,,0.99645,False,0.0,False
2016-06-26,Public dataset: NREL PVDAQ (Photovoltaic Data Acquisition) via OEDI data lake,,False,8.8085,8.8435,0.99604,35.65,0.0,1069.22208,,False,0.79123,846.00265,,0.99698,False,0.0,False
2016-06-27,Public dataset: NREL PVDAQ (Photovoltaic Data Acquisition) via OEDI data lake,,False,8.0112,8.6057,0.93092,36.31,0.0,984.78138,,False,0.79168,779.63655,,0.99751,False,0.0,False
2016-06-28,Public dataset: NREL PVDAQ (Photovoltaic Data Acquisition) via OEDI data lake,,False,5.4413,8.1377,0.66865,36.91,0.24,693.7827,,False,0.79214,549.57156,,0.99804,False,0.0,False
2016-06-29,Public dataset: NREL PVDAQ (Photovoltaic Data Acquisition) via OEDI data lake,,False,7.7796,8.6354,0.9009,36.23,1.1,961.31063,,False,0.79259,761.92603,,0.99483,False,0.0,False
2016-06-30,Public dataset: NREL PVDAQ (Photovoltaic Data Acquisition) via OEDI data lake,,False,5.3196,8.2817,0.64233,33.55,0.4,681.40221,,False,0.79304,540.38183,,1.00127,False,0.0,False
2016-07-01,Public dataset: NREL PVDAQ (Photovoltaic Data Acquisition) via OEDI data lake,,False,7.5797,8.1137,0.93419,29.08,9.09,981.65286,,False,0.7935,778.93843,,1.00174,False,0.0,False
2016-07-02,Public dataset: NREL PVDAQ (Photovoltaic Data Acquisition) via OEDI data lake,,False,8.2181,8.3357,0.98589,29.24,3.01,1048.61336,,False,0.79395,832.54637,,1.00221,False,0.0,False
2016-07-03,Public dataset: NREL PVDAQ (Photovoltaic Data Acquisition) via OEDI data lake,,False,8.2584,8.622,0.95783,32.21,0.0,1027.14653,,False,0.7944,815.96806,,1.00678,False,0.0,False
2016-07-04,Public dataset: NREL PVDAQ (Photovoltaic Data Acquisition) via OEDI data lake,,False,8.9899,9.0818,0.98988,32.7,0.0,1097.75046,,False,0.79486,872.55327,,1.01135,False,0.0,False
2016-07-05,Public dataset: NREL PVDAQ (Photovoltaic Data Acquisition) via OEDI data lake,,False,9.2426,9.2734,0.99668,31.99,0.0,1126.67233,,False,0.79531,896.05235,,1.00174,False,0.0,False
2016-07-06,Public dataset: NREL PVDAQ (Photovoltaic Data Acquisition) via OEDI data lake,,False,9.0926,9.2112,0.98712,31.63,0.0,1115.33979,,False,0.79576,887.54471,,1.00127,False,0.0,False
2016-07-07,Public dataset: NREL PVDAQ (Photovoltaic Data Acquisition) via OEDI data lake,,False,9.0722,9.1008,0.99686,31.29,0.0,1114.47615,,False,0.79621,887.36229,,0.99483,False,0.0,False
2016-07-08,Public dataset: NREL PVDAQ (Photovoltaic Data Acquisition) via OEDI data lake,,False,8.8699,8.9863,0.98705,32.28,0.0,1088.5264,,False,0.79667,867.1938,,1.00127,False,0.0,False
2016-07-09,Public dataset: NREL PVDAQ (Photovoltaic Data Acquisition) via OEDI data lake,794.525,True,7.7292,9.0053,0.85829,32.31,0.0,969.09769,0.81986,True,0.79712,772.48778,1.02853,1.00174,False,0.0,False
2016-07-10,Public dataset: NREL PVDAQ (Photovoltaic Data Acquisition) via OEDI data lake,893.5,True,9.0473,9.0794,0.99646,30.61,0.0,1118.85204,0.79859,True,0.79757,892.36689,1.00127,1.00221,False,0.0,False
2016-07-11,Public dataset: NREL PVDAQ (Photovoltaic Data Acquisition) via OEDI data lake,862.925,True,9.0799,9.2172,0.9851,30.05,0.0,1127.73265,0.76519,True,0.79803,899.96067,0.95885,1.00678,False,0.0,False
2016-07-12,Public dataset: NREL PVDAQ (Photovoltaic Data Acquisition) via OEDI data lake,890.1,True,9.0994,9.1193,0.99782,32.07,0.0,1112.28244,0.80025,True,0.79848,888.13482,1.00221,1.01135,False,0.0,False
2016-07-13,Public dataset: NREL PVDAQ (Photovoltaic Data Acquisition) via OEDI data lake,858.125,True,8.8898,8.923,0.99628,32.68,0.0,1089.12009,0.78791,True,0.79893,870.13351,0.9862,1.01236,False,0.0,False
2016-07-14,Public dataset: NREL PVDAQ (Photovoltaic Data Acquisition) via OEDI data lake,842.625,True,8.7209,8.7497,0.99671,34.0,0.0,1066.46733,0.79011,True,0.79939,852.51857,0.98839,1.01135,False,0.0,False
2016-07-15,Public dataset: NREL PVDAQ (Photovoltaic Data Acquisition) via OEDI data lake,862.525,True,8.785,8.8298,0.99493,34.81,0.0,1066.71094,0.80858,True,0.79951,852.84547,1.01135,1.00678,False,0.0,False
2016-07-16,Public dataset: NREL PVDAQ (Photovoltaic Data Acquisition) via OEDI data lake,900.525,True,8.976,9.0384,0.9931,33.98,0.0,1096.06546,0.8216,True,0.79963,876.45048,1.02747,1.00221,False,0.0,False
2016-07-17,Public dataset: NREL PVDAQ (Photovoltaic Data Acquisition) via OEDI data lake,891.475,True,8.903,8.9371,0.99618,33.98,0.0,1087.34034,0.81987,True,0.79976,869.6083,1.02515,1.00127,False,0.0,False
2016-07-18,Public dataset: NREL PVDAQ (Photovoltaic Data Acquisition) via OEDI data lake,866.4,True,8.6638,8.6942,0.9965,33.73,0.0,1068.86872,0.81058,True,0.79988,854.96791,1.01337,0.9903,False,0.0,False
2016-07-19,Public dataset: NREL PVDAQ (Photovoltaic Data Acquisition) via OEDI data lake,861.725,True,8.6095,8.6604,0.99412,34.19,0.0,1058.74014,0.81392,True,0.80001,846.99742,1.01739,0.99357,False,0.0,False
2016-07-20,Public dataset: NREL PVDAQ (Photovoltaic Data Acquisition) via OEDI data lake,859.5,True,8.6124,8.6621,0.99426,34.88,0.0,1055.865,0.81402,True,0.80013,844.82811,1.01737,0.99357,False,0.0,False
2016-07-21,Public dataset: NREL PVDAQ (Photovoltaic Data Acquisition) via OEDI data lake,802.325,True,8.3054,8.5025,0.97682,35.54,0.0,1022.93984,0.78433,True,0.80025,818.61048,0.98011,1.00246,False,0.0,False
2016-07-22,Public dataset: NREL PVDAQ (Photovoltaic Data Acquisition) via OEDI data lake,820.55,True,8.4974,8.5898,0.98924,36.83,0.0,1035.24211,0.79262,True,0.80038,828.58366,0.9903,1.01135,False,0.0,False
2016-07-23,Public dataset: NREL PVDAQ (Photovoltaic Data Acquisition) via OEDI data lake,800.425,True,8.6071,8.6304,0.9973,36.77,0.0,1046.05389,0.76519,True,0.8005,837.36676,0.95588,0.99357,False,0.0,False
2016-07-24,Public dataset: NREL PVDAQ (Photovoltaic Data Acquisition) via OEDI data lake,786.875,True,8.4842,8.5214,0.99563,35.96,0.0,1040.91595,0.75594,True,0.80062,833.3828,0.94419,0.99357,False,0.0,False
2016-07-25,Public dataset: NREL PVDAQ (Photovoltaic Data Acquisition) via OEDI data lake,782.825,True,8.2322,8.3669,0.9839,35.58,0.0,1018.31784,0.76874,True,0.80075,815.41636,0.96003,0.9903,False,0.0,False
2016-07-26,Public dataset: NREL PVDAQ (Photovoltaic Data Acquisition) via OEDI data lake,776.775,True,7.854,8.1588,0.96264,36.65,0.0,976.18534,0.79572,True,0.80087,781.79978,0.99357,0.9903,False,0.0,False
2016-07-27,Public dataset: NREL PVDAQ (Photovoltaic Data Acquisition) via OEDI data lake,764.275,True,7.5247,8.1439,0.92397,37.94,0.0,931.813,0.8202,True,0.801,746.37864,1.02398,0.9903,False,0.0,False
2016-07-28,Public dataset: NREL PVDAQ (Photovoltaic Data Acquisition) via OEDI data lake,680.975,True,6.5436,7.907,0.82757,38.57,0.62,821.14969,0.82929,False,0.80112,657.83949,1.03517,0.9864,False,0.0,False
2016-07-29,Public dataset: NREL PVDAQ (Photovoltaic Data Acquisition) via OEDI data lake,468.05,True,5.796,7.6534,0.75731,37.19,0.92,737.87549,0.63432,False,0.80124,591.21827,0.79167,0.98702,False,0.0,False
2016-07-30,Public dataset: NREL PVDAQ (Photovoltaic Data Acquisition) via OEDI data lake,574.675,True,6.894,7.4892,0.92053,35.5,0.0,877.08313,0.65521,True,0.80137,702.86622,0.81762,0.98866,False,0.0,False
2016-07-31,Public dataset: NREL PVDAQ (Photovoltaic Data Acquisition) via OEDI data lake,719.05,True,6.9751,7.6558,0.91109,34.55,2.06,892.65534,0.80552,True,0.80149,715.45589,1.00502,0.9993,False,0.0,False
2016-08-01,Public dataset: NREL PVDAQ (Photovoltaic Data Acquisition) via OEDI data lake,718.55,True,7.0992,7.6543,0.92748,33.65,0.37,912.34822,0.78758,True,0.80162,731.3526,0.98249,0.9993,False,0.0,False
2016-08-02,Public dataset: NREL PVDAQ (Photovoltaic Data Acquisition) via OEDI data lake,766.475,True,6.8256,7.6757,0.88925,33.79,0.37,882.70324,0.86833,True,0.80174,707.69808,1.08305,1.00705,False,0.0,False
2016-08-03,Public dataset: NREL PVDAQ (Photovoltaic Data Acquisition) via OEDI data lake,773.5,True,6.8743,7.6963,0.8932,33.29,3.37,889.59478,0.8695,True,0.80186,713.33352,1.08435,1.00717,False,0.0,False
2016-08-04,Public dataset: NREL PVDAQ (Photovoltaic Data Acquisition) via OEDI data lake,290.3,True,4.4952,7.5734,0.59355,28.59,3.66,609.25713,0.47648,False,0.80199,488.61649,0.59413,1.00514,False,0.0,False
2016-08-05,Public dataset: NREL PVDAQ (Photovoltaic Data Acquisition) via OEDI data lake,792.05,True,7.7676,8.011,0.96962,31.61,0.05,1003.78049,0.78907,True,0.80211,805.14359,0.98374,1.00502,False,0.0,False
2016-08-06,Public dataset: NREL PVDAQ (Photovoltaic Data Acquisition) via OEDI data lake,851.425,True,7.8283,8.1742,0.95768,32.82,0.02,999.90816,0.8515,True,0.80224,802.16143,1.06141,0.99888,False,0.0,False
2016-08-07,Public dataset: NREL PVDAQ (Photovoltaic Data Acquisition) via OEDI data lake,846.525,True,8.2618,8.2918,0.99638,33.03,0.0,1044.7689,0.81025,True,0.80236,838.27973,1.00984,0.999,False,0.0,False
2016-08-08,Public dataset: NREL PVDAQ (Photovoltaic Data Acquisition) via OEDI data lake,826.325,True,8.335,8.3688,0.99596,32.87,0.0,1052.18408,0.78534,True,0.80248,844.35972,0.97864,0.99912,False,0.0,False
2016-08-09,Public dataset: NREL PVDAQ (Photovoltaic Data Acquisition) via OEDI data lake,863.9,True,8.3671,8.4026,0.99578,30.95,0.0,1066.68369,0.80989,True,0.80261,856.12757,1.00908,0.99912,False,0.0,False
2016-08-10,Public dataset: NREL PVDAQ (Photovoltaic Data Acquisition) via OEDI data lake,844.275,True,8.1202,8.171,0.99378,30.38,0.01,1046.25271,0.80695,True,0.80273,839.85915,1.00526,0.99286,False,0.0,False
2016-08-11,Public dataset: NREL PVDAQ (Photovoltaic Data Acquisition) via OEDI data lake,827.575,True,8.0767,8.1382,0.99244,31.32,0.0,1038.33366,0.79702,True,0.80285,833.63092,0.99274,0.99286,False,0.0,False
2016-08-12,Public dataset: NREL PVDAQ (Photovoltaic Data Acquisition) via OEDI data lake,788.425,True,7.9418,7.9886,0.99414,33.23,0.0,1017.2109,0.77509,True,0.80298,816.79845,0.96526,0.99286,False,0.0,False
2016-08-13,Public dataset: NREL PVDAQ (Photovoltaic Data Acquisition) via OEDI data lake,782.475,True,7.9109,7.9694,0.99266,34.51,0.0,1009.53803,0.77508,True,0.8031,810.76237,0.96511,0.99876,False,0.0,False
2016-08-14,Public dataset: NREL PVDAQ (Photovoltaic Data Acquisition) via OEDI data lake,787.625,True,7.7604,7.8746,0.9855,35.16,0.0,987.51045,0.79759,True,0.80323,793.19432,0.99298,0.99286,False,0.0,False
2016-08-15,Public dataset: NREL PVDAQ (Photovoltaic Data Acquisition) via OEDI data lake,823.025,True,7.9802,8.0388,0.99271,34.66,0.0,1012.53115,0.81284,True,0.80248,812.53557,1.01291,0.99286,False,0.0,False
2016-08-16,Public dataset: NREL PVDAQ (Photovoltaic Data Acquisition) via OEDI data lake,826.4,True,8.2111,8.232,0.99746,34.08,0.0,1040.24045,0.79443,True,0.80173,833.995,0.99089,0.99581,False,0.0,False
2016-08-17,Public dataset: NREL PVDAQ (Photovoltaic Data Acquisition) via OEDI data lake,751.975,True,7.812,7.8936,0.98966,33.68,0.0,1001.69788,0.7507,True,0.80099,802.34621,0.93722,0.99286,False,0.0,False
2016-08-18,Public dataset: NREL PVDAQ (Photovoltaic Data Acquisition) via OEDI data lake,719.525,True,6.7476,7.6985,0.87648,32.95,0.0,882.53844,0.81529,True,0.80024,706.24217,1.01881,0.99286,False,0.0,False
2016-08-19,Public dataset: NREL PVDAQ (Photovoltaic Data Acquisition) via OEDI data lake,613.875,True,5.4,7.2799,0.74177,30.73,0.26,728.16261,0.84305,False,0.79949,582.16082,1.05448,0.99298,False,0.0,False
2016-08-20,Public dataset: NREL PVDAQ (Photovoltaic Data Acquisition) via OEDI data lake,741.425,True,7.0495,7.3596,0.95786,32.64,0.0,924.03716,0.80238,True,0.79875,738.07117,1.00454,0.99298,False,0.0,False
2016-08-21,Public dataset: NREL PVDAQ (Photovoltaic Data Acquisition) via OEDI data lake,542.4,True,6.1814,7.1642,0.86282,30.46,0.2,830.87871,0.6528,True,0.798,663.04082,0.81805,0.99864,False,0.0,False
2016-08-22,Public dataset: NREL PVDAQ (Photovoltaic Data Acquisition) via OEDI data lake,665.825,True,6.0029,6.9614,0.86231,26.94,3.46,830.58291,0.80164,True,0.79725,662.18459,1.0055,1.00454,False,0.0,False
2016-08-23,Public dataset: NREL PVDAQ (Photovoltaic Data Acquisition) via OEDI data lake,730.325,True,6.737,7.1405,0.94349,27.21,2.68,918.15945,0.79542,True,0.79651,731.31968,0.99864,1.00454,False,0.0,False
2016-08-24,Public dataset: NREL PVDAQ (Photovoltaic Data Acquisition) via OEDI data lake,728.7,True,7.1501,7.343,0.97373,30.25,0.0,951.24968,0.76604,True,0.79576,756.96598,0.96266,1.0055,False,0.0,False
2016-08-25,Public dataset: NREL PVDAQ (Photovoltaic Data Acquisition) via OEDI data lake,780.675,True,7.05,7.3361,0.961,30.91,0.01,936.45426,0.83365,True,0.79501,744.49315,1.0486,1.0055,False,0.0,False
2016-08-26,Public dataset: NREL PVDAQ (Photovoltaic Data Acquisition) via OEDI data lake,662.7,True,5.7106,7.0954,0.80483,29.88,0.72,773.08915,0.85721,False,0.79427,614.03855,1.07925,1.00454,False,0.0,False
2016-08-27,Public dataset: NREL PVDAQ (Photovoltaic Data Acquisition) via OEDI data lake,634.55,True,6.2822,6.9254,0.90712,24.41,5.9,882.9843,0.71864,True,0.79352,700.66524,0.90564,1.00502,False,0.0,False
2016-08-28,Public dataset: NREL PVDAQ (Photovoltaic Data Acquisition) via OEDI data lake,759.95,True,6.9595,7.056,0.98632,27.55,0.0,948.69615,0.80105,True,0.79277,752.10051,1.01044,1.00539,False,0.0,False
2016-08-29,Public dataset: NREL PVDAQ (Photovoltaic Data Acquisition) via OEDI data lake,745.4,True,6.7694,7.1604,0.94539,31.49,0.0,908.91898,0.8201,True,0.79203,719.88758,1.03544,1.00539,False,0.0,False
2016-08-30,Public dataset: NREL PVDAQ (Photovoltaic Data Acquisition) via OEDI data lake,744.9,True,6.9036,7.3207,0.94302,32.85,0.0,919.86486,0.80979,True,0.79128,727.87017,1.0234,1.00338,False,0.0,False
2016-08-31,Public dataset: NREL PVDAQ (Photovoltaic Data Acquisition) via OEDI data lake,689.9,True,6.156,7.1477,0.86126,33.01,0.0,824.02922,0.83723,True,0.79053,651.42212,1.05907,1.00338,False,0.0,False
2016-09-01,Public dataset: NREL PVDAQ (Photovoltaic Data Acquisition) via OEDI data lake,667.475,True,6.4466,7.2367,0.89082,32.8,0.72,864.23405,0.77233,True,0.78979,682.56005,0.9779,1.00338,False,0.0,False
2016-09-02,Public dataset: NREL PVDAQ (Photovoltaic Data Acquisition) via OEDI data lake,767.775,True,7.242,7.3366,0.98711,31.18,0.01,972.19728,0.78973,True,0.78904,767.10199,1.00088,1.00118,False,0.0,False
2016-09-03,Public dataset: NREL PVDAQ (Photovoltaic Data Acquisition) via OEDI data lake,808.825,True,7.4038,7.4393,0.99523,29.41,0.01,997.01699,0.81124,True,0.78829,785.94127,1.02912,1.00088,False,0.0,False
2016-09-04,Public dataset: NREL PVDAQ (Photovoltaic Data Acquisition) via OEDI data lake,797.4,True,7.3044,7.3272,0.99689,25.87,0.0,1007.19459,0.7917,True,0.78755,793.21216,1.00528,1.00149,False,0.0,False
2016-09-05,Public dataset: NREL PVDAQ (Photovoltaic Data Acquisition) via OEDI data lake,769.325,True,7.0627,7.2473,0.97453,26.62,0.0,976.33618,0.78797,True,0.7868,768.18073,1.00149,1.00149,False,0.0,False
2016-09-06,Public dataset: NREL PVDAQ (Photovoltaic Data Acquisition) via OEDI data lake,774.225,True,7.2094,7.2365,0.99626,27.49,0.0,989.70901,0.78228,True,0.78605,777.96347,0.99519,1.00149,False,0.0,False
2016-09-07,Public dataset: NREL PVDAQ (Photovoltaic Data Acquisition) via OEDI data lake,749.425,True,6.9962,7.0258,0.99579,29.07,0.0,959.58609,0.78099,True,0.78531,753.56877,0.9945,1.00088,False,0.0,False
2016-09-08,Public dataset: NREL PVDAQ (Photovoltaic Data Acquisition) via OEDI data lake,721.775,True,6.8539,6.8851,0.99547,29.36,0.0,939.9635,0.76788,True,0.78456,737.45719,0.97873,0.99519,False,0.0,False
2016-09-09,Public dataset: NREL PVDAQ (Photovoltaic Data Acquisition) via OEDI data lake,714.65,True,6.7793,6.8074,0.99587,30.49,0.0,929.40823,0.76893,True,0.78381,728.48198,0.98101,0.99519,False,0.0,False
2016-09-10,Public dataset: NREL PVDAQ (Photovoltaic Data Acquisition) via OEDI data lake,664.3,True,6.3931,6.6542,0.96076,29.9,0.0,881.29309,0.75378,True,0.78307,690.11068,0.9626,0.9945,False,0.0,False
2016-09-11,Public dataset: NREL PVDAQ (Photovoltaic Data Acquisition) via OEDI data lake,748.6,True,6.7219,6.7454,0.99652,30.18,0.0,920.59134,0.81317,True,0.78232,720.19643,1.03944,0.98674,False,0.0,False
2016-09-12,Public dataset: NREL PVDAQ (Photovoltaic Data Acquisition) via OEDI data lake,738.25,True,6.691,6.7457,0.99189,27.93,0.0,931.84386,0.79225,True,0.78157,728.30371,1.01366,0.98491,False,0.0,False
2016-09-13,Public dataset: NREL PVDAQ (Photovoltaic Data Acquisition) via OEDI data lake,781.525,True,6.3708,6.7414,0.94503,23.46,0.0,912.1046,0.85684,True,0.78083,712.195,1.09735,0.98329,False,0.0,False
2016-09-14,Public dataset: NREL PVDAQ (Photovoltaic Data Acquisition) via OEDI data lake,749.525,True,6.8278,6.8736,0.99334,22.98,0.0,979.05421,0.76556,True,0.78008,763.73996,0.98139,0.98234,False,0.0,False
2016-09-15,Public dataset: NREL PVDAQ (Photovoltaic Data Acquisition) via OEDI data lake,733.05,True,6.6914,6.7231,0.99528,24.73,0.0,955.08619,0.76752,True,0.77928,744.27759,0.98491,0.98234,False,0.0,False
2016-09-16,Public dataset: NREL PVDAQ (Photovoltaic Data Acquisition) via OEDI data lake,720.35,True,6.6343,6.6634,0.99563,25.61,0.0,945.04424,0.76224,True,0.77848,735.69477,0.97914,0.9841,False,0.0,False
2016-09-17,Public dataset: NREL PVDAQ (Photovoltaic Data Acquisition) via OEDI data lake,712.2,True,6.599,6.6262,0.9959,26.99,0.0,934.38381,0.76221,True,0.77768,726.64706,0.98012,0.98583,False,0.0,False
2016-09-18,Public dataset: NREL PVDAQ (Photovoltaic Data Acquisition) via OEDI data lake,712.875,True,6.6168,6.6422,0.99618,29.13,0.0,929.94921,0.76657,True,0.77687,722.45312,0.98674,0.99027,False,0.0,False
2016-09-19,Public dataset: NREL PVDAQ (Photovoltaic Data Acquisition) via OEDI data lake,623.475,True,5.8306,6.3919,0.91219,29.62,0.0,817.02624,0.7631,True,0.77607,634.07146,0.98329,0.99027,False,0.0,False
2016-09-20,Public dataset: NREL PVDAQ (Photovoltaic Data Acquisition) via OEDI data lake,333.65,True,5.1266,5.9705,0.85866,24.21,0.41,750.08942,0.44481,True,0.77527,581.52253,0.57375,0.98583,False,0.0,False
2016-09-21,Public dataset: NREL PVDAQ (Photovoltaic Data Acquisition) via OEDI data lake,584.125,True,4.5914,6.0377,0.76046,23.31,0.71,672.85547,0.86813,False,0.77447,521.10606,1.12093,0.98491,False,0.0,False
2016-09-22,Public dataset: NREL PVDAQ (Photovoltaic Data Acquisition) via OEDI data lake,750.725,True,6.4774,6.5179,0.99379,22.66,0.43,946.83651,0.79288,True,0.77367,732.53724,1.02483,0.98583,False,0.0,False
2016-09-23,Public dataset: NREL PVDAQ (Photovoltaic Data Acquisition) via OEDI data lake,755.475,True,6.3209,6.3602,0.99382,19.48,0.0,945.16326,0.79931,True,0.77287,730.48524,1.03421,0.99027,False,0.0,False
2016-09-24,Public dataset: NREL PVDAQ (Photovoltaic Data Acquisition) via OEDI data lake,719.375,True,6.3557,6.3955,0.99378,22.25,0.0,937.56514,0.76728,True,0.77207,723.86154,0.9938,1.00735,False,0.0,False
2016-09-25,Public dataset: NREL PVDAQ (Photovoltaic Data Acquisition) via OEDI data lake,736.75,True,6.2309,6.2501,0.99693,22.26,0.0,922.56802,0.79859,True,0.77126,711.54343,1.03543,1.02286,False,0.0,False
2016-09-26,Public dataset: NREL PVDAQ (Photovoltaic Data Acquisition) via OEDI data lake,701.825,True,6.084,6.1013,0.99716,24.81,0.0,892.26557,0.78657,True,0.77046,687.45719,1.0209,1.02286,False,0.0,False
2016-09-27,Public dataset: NREL PVDAQ (Photovoltaic Data Acquisition) via OEDI data lake,598.275,True,5.9851,6.0847,0.98363,26.12,0.01,876.46008,0.6826,True,0.76966,674.57725,0.88689,1.02286,False,0.0,False
2016-09-28,Public dataset: NREL PVDAQ (Photovoltaic Data Acquisition) via OEDI data lake,658.6,True,4.1897,5.8049,0.72175,26.35,0.28,604.09521,1.09023,False,0.76886,464.46447,1.41798,1.02286,False,0.0,False
2016-09-29,Public dataset: NREL PVDAQ (Photovoltaic Data Acquisition) via OEDI data lake,649.825,True,4.6222,5.6998,0.81094,26.58,0.0,674.15244,0.96391,False,0.76806,517.78839,1.255,1.0209,False,0.0,False
2016-09-30,Public dataset: NREL PVDAQ (Photovoltaic Data Acquisition) via OEDI data lake,631.675,True,4.9759,5.7475,0.86575,26.92,0.01,731.56947,0.86345,True,0.76726,561.30174,1.12538,1.0209,False,0.0,False
2016-10-01,Public dataset: NREL PVDAQ (Photovoltaic Data Acquisition) via OEDI data lake,679.125,True,5.8178,5.874,0.99043,26.38,0.0,858.5031,0.79106,True,0.76646,658.00444,1.0321,1.0209,False,0.0,False
2016-10-02,Public dataset: NREL PVDAQ (Photovoltaic Data Acquisition) via OEDI data lake,709.975,True,6.0158,6.0374,0.99642,23.87,0.0,896.60261,0.79185,True,0.76565,686.48748,1.03421,1.0209,False,0.0,False
2016-10-03,Public dataset: NREL PVDAQ (Photovoltaic Data Acquisition) via OEDI data lake,590.575,True,5.6513,5.964,0.94757,18.49,0.0,872.71189,0.67671,True,0.76485,667.49606,0.88476,1.01381,False,0.0,False
2016-10-04,Public dataset: NREL PVDAQ (Photovoltaic Data Acquisition) via OEDI data lake,679.125,True,5.8615,5.892,0.99482,20.2,0.0,897.52203,0.75667,True,0.76405,685.75289,0.99033,0.9994,False,0.0,False
2016-10-05,Public dataset: NREL PVDAQ (Photovoltaic Data Acquisition) via OEDI data lake,669.725,True,5.8589,5.8831,0.99589,20.12,0.0,899.48102,0.74457,True,0.76325,686.52882,0.97552,1.00672,False,0.0,False
2016-10-06,Public dataset: NREL PVDAQ (Photovoltaic Data Acquisition) via OEDI data lake,681.6,True,5.802,5.8457,0.99252,18.7,0.0,901.09468,0.75641,True,0.76245,687.0383,0.99208,1.01941,False,0.0,False
2016-10-07,Public dataset: NREL PVDAQ (Photovoltaic Data Acquisition) via OEDI data lake,637.6,True,5.2459,5.6702,0.92517,19.75,0.0,807.91578,0.78919,True,0.76165,615.34672,1.03616,1.01941,False,0.0,False
2016-10-08,Public dataset: NREL PVDAQ (Photovoltaic Data Acquisition) via OEDI data lake,619.35,True,4.8914,5.5075,0.88813,22.61,0.0,745.6209,0.83065,True,0.76085,567.30247,1.09175,1.01941,False,0.0,False
2016-10-09,Public dataset: NREL PVDAQ (Photovoltaic Data Acquisition) via OEDI data lake,619.425,True,5.3155,5.3592,0.99185,24.83,0.0,809.54517,0.76515,True,0.76004,615.2902,1.00672,0.9994,False,0.0,False
2016-10-10,Public dataset: NREL PVDAQ (Photovoltaic Data Acquisition) via OEDI data lake,468.75,True,4.4436,5.34,0.83213,26.53,0.0,661.44541,0.70868,False,0.75924,502.19774,0.9334,0.9994,False,0.0,False
2016-10-11,Public dataset: NREL PVDAQ (Photovoltaic Data Acquisition) via OEDI data lake,594.025,True,5.3165,5.4533,0.97491,25.06,0.01,806.52395,0.73652,True,0.75844,611.70125,0.9711,0.9994,False,0.0,False
2016-10-12,Public dataset: NREL PVDAQ (Photovoltaic Data Acquisition) via OEDI data lake,542.075,True,4.4556,5.3131,0.83861,24.19,0.0,678.05143,0.79946,False,0.75764,513.71896,1.0552,1.0125,False,0.0,False
2016-10-13,Public dataset: NREL PVDAQ (Photovoltaic Data Acquisition) via OEDI data lake,602.975,True,4.8588,5.279,0.9204,23.82,0.0,748.78593,0.80527,True,0.75684,566.71018,1.06399,1.0125,False,0.0,False
2016-10-14,Public dataset: NREL PVDAQ (Photovoltaic Data Acquisition) via OEDI data lake,373.45,True,4.2626,5.365,0.79452,25.44,0.0,638.32189,0.58505,False,0.75604,482.59516,0.77384,1.0125,False,0.0,False
2016-10-15,Public dataset: NREL PVDAQ (Photovoltaic Data Acquisition) via OEDI data lake,630.9,True,5.0894,5.1142,0.99515,24.06,0.0,791.23011,0.79737,True,0.75572,597.94608,1.05511,1.0125,False,0.0,False
2016-10-16,Public dataset: NREL PVDAQ (Photovoltaic Data Acquisition) via OEDI data lake,572.975,True,4.8626,5.0803,0.95715,22.02,0.0,769.68075,0.74443,True,0.7554,581.41436,0.98548,1.00672,False,0.0,False
2016-10-17,Public dataset: NREL PVDAQ (Photovoltaic Data Acquisition) via OEDI data lake,604.075,True,4.8874,5.1509,0.94884,20.48,0.0,779.34475,0.77511,True,0.75508,588.46492,1.02653,1.01227,False,0.0,False
2016-10-18,Public dataset: NREL PVDAQ (Photovoltaic Data Acquisition) via OEDI data lake,595.2,True,5.1029,5.1586,0.9892,20.75,0.0,812.87815,0.73221,True,0.75476,613.52486,0.97013,1.00625,False,0.0,False
2016-10-19,Public dataset: NREL PVDAQ (Photovoltaic Data Acquisition) via OEDI data lake,628.1,True,5.0393,5.1053,0.98707,18.32,0.0,817.59031,0.76823,True,0.75444,616.81954,1.01829,1.01829,False,0.0,False
2016-10-20,Public dataset: NREL PVDAQ (Photovoltaic Data Acquisition) via OEDI data lake,608.375,True,4.9553,4.9968,0.99169,18.64,0.0,802.16487,0.75842,True,0.75412,604.92513,1.0057,1.01829,False,0.0,False
2016-10-21,Public dataset: NREL PVDAQ (Photovoltaic Data Acquisition) via OEDI data lake,591.825,True,4.8782,4.9255,0.9904,21.39,0.0,780.2483,0.75851,True,0.7538,588.14762,1.00625,1.01227,False,0.0,False
2016-10-22,Public dataset: NREL PVDAQ (Photovoltaic Data Acquisition) via OEDI data lake,582.175,True,4.7342,4.9447,0.95743,23.01,0.0,750.41775,0.7758,True,0.75348,565.42115,1.02963,1.01227,False,0.0,False
2016-10-23,Public dataset: NREL PVDAQ (Photovoltaic Data Acquisition) via OEDI data lake,289.9,True,2.0791,4.5206,0.45992,23.04,1.31,294.46982,0.98448,False,0.75315,221.78139,1.30714,1.00625,False,0.0,False
2016-10-24,Public dataset: NREL PVDAQ (Photovoltaic Data Acquisition) via OEDI data lake,151.35,True,1.4318,4.3039,0.33268,19.44,7.61,208.93213,,False,0.75283,157.29135,,1.00625,False,0.0,False
2016-10-25,Public dataset: NREL PVDAQ (Photovoltaic Data Acquisition) via OEDI data lake,506.9,True,4.2653,4.5703,0.93326,18.67,0.37,694.3596,0.73003,True,0.75251,522.51558,0.97011,1.0057,False,0.0,False
2016-10-26,Public dataset: NREL PVDAQ (Photovoltaic Data Acquisition) via OEDI data lake,563.35,True,4.3903,4.5288,0.96942,20.41,0.0,714.5491,0.7884,True,0.75219,537.47962,1.04813,1.00625,False,0.0,False
2016-10-27,Public dataset: NREL PVDAQ (Photovoltaic Data Acquisition) via OEDI data lake,350.65,True,2.695,4.3174,0.62422,21.58,0.0,404.23002,0.86745,False,0.75187,303.92998,1.15372,1.00625,False,0.0,False
2016-10-28,Public dataset: NREL PVDAQ (Photovoltaic Data Acquisition) via OEDI data lake,274.725,True,2.1818,4.2382,0.51479,21.9,0.61,315.64012,0.87037,False,0.75155,237.22046,1.1581,1.0065,False,0.0,False
2016-10-29,Public dataset: NREL PVDAQ (Photovoltaic Data Acquisition) via OEDI data lake,420.4,True,3.1618,4.3447,0.72774,21.9,0.0,489.73064,0.85843,False,0.75123,367.90197,1.1427,1.0141,False,0.0,False
2016-10-30,Public dataset: NREL PVDAQ (Photovoltaic Data Acquisition) via OEDI data lake,328.725,True,2.0594,4.1388,0.49758,21.74,0.05,298.916,1.09972,False,0.75091,224.45992,1.46452,1.0141,False,0.0,False
2016-10-31,Public dataset: NREL PVDAQ (Photovoltaic Data Acquisition) via OEDI data lake,547.625,True,4.4018,4.4748,0.98369,16.44,0.0,741.4993,0.73854,True,0.75059,556.56402,0.98394,1.01527,False,0.0,False
2016-11-01,Public dataset: NREL PVDAQ (Photovoltaic Data Acquisition) via OEDI data lake,458.575,True,4.1335,4.4328,0.93248,15.11,0.0,696.04814,0.65883,True,0.75027,522.22578,0.87812,1.0141,False,0.0,False
2016-11-02,Public dataset: NREL PVDAQ (Photovoltaic Data Acquisition) via OEDI data lake,575.425,True,4.3656,4.3937,0.9936,15.39,0.0,745.25647,0.77212,True,0.74995,558.90676,1.02955,1.01644,False,0.0,False
2016-11-03,Public dataset: NREL PVDAQ (Photovoltaic Data Acquisition) via OEDI data lake,544.025,True,4.2614,4.2938,0.99245,17.61,0.0,721.03658,0.7545,True,0.74963,540.51207,1.0065,1.01644,False,0.0,False
2016-11-04,Public dataset: NREL PVDAQ (Photovoltaic Data Acquisition) via OEDI data lake,522.575,True,4.068,4.0951,0.99338,19.25,0.0,682.80549,0.76534,True,0.74931,511.63415,1.02138,1.01527,False,0.0,False
2016-11-05,Public dataset: NREL PVDAQ (Photovoltaic Data Acquisition) via OEDI data lake,519.825,True,4.0642,4.0846,0.99501,19.5,0.0,684.3866,0.75955,True,0.74899,512.59971,1.0141,1.01527,False,0.0,False
2016-11-06,Public dataset: NREL PVDAQ (Photovoltaic Data Acquisition) via OEDI data lake,495.725,True,3.8386,4.1434,0.92644,20.24,0.0,639.02905,0.77575,True,0.74867,478.42263,1.03617,1.0141,False,0.0,False
2016-11-07,Public dataset: NREL PVDAQ (Photovoltaic Data Acquisition) via OEDI data lake,509.7,True,3.9679,4.0284,0.98498,19.19,0.0,670.08037,0.76066,True,0.74835,501.45525,1.01644,1.01351,False,0.0,False
2016-11-08,Public dataset: NREL PVDAQ (Photovoltaic Data Acquisition) via OEDI data lake,510.075,True,3.9986,4.0262,0.99314,20.11,0.0,676.79012,0.75367,True,0.74803,506.25975,1.00754,1.01351,False,0.0,False
2016-11-09,Public dataset: NREL PVDAQ (Photovoltaic Data Acquisition) via OEDI data lake,494.675,True,3.8196,3.9012,0.97908,19.78,0.0,645.9933,0.76576,True,0.74771,483.01589,1.02414,1.0141,False,0.0,False
2016-11-10,Public dataset: NREL PVDAQ (Photovoltaic Data Acquisition) via OEDI data lake,498.675,True,3.8225,3.8506,0.9927,19.29,0.0,651.35209,0.7656,True,0.74739,486.81411,1.02436,1.01292,False,0.0,False
2016-11-11,Public dataset: NREL PVDAQ (Photovoltaic Data Acquisition) via OEDI data lake,496.925,True,3.8287,3.8654,0.99051,19.2,0.0,656.68167,0.75672,True,0.74707,490.58707,1.01292,1.01292,False,0.0,False
2016-11-12,Public dataset: NREL PVDAQ (Photovoltaic Data Acquisition) via OEDI data lake,407.325,True,2.5944,3.8479,0.67424,17.71,0.0,412.27071,0.988,False,0.74675,307.86298,1.32307,1.01292,False,0.0,False
2016-11-13,Public dataset: NREL PVDAQ (Photovoltaic Data Acquisition) via OEDI data lake,489.85,True,3.8064,3.8503,0.9886,18.26,0.0,658.79102,0.74356,True,0.74643,491.74093,0.99615,1.01023,False,0.0,False
2016-11-14,Public dataset: NREL PVDAQ (Photovoltaic Data Acquisition) via OEDI data lake,487.1,True,3.8618,3.888,0.99326,18.58,0.0,671.68079,0.7252,True,0.74611,501.14711,0.97197,1.00754,False,0.0,False
2016-11-15,Public dataset: NREL PVDAQ (Photovoltaic Data Acquisition) via OEDI data lake,454.05,True,3.5278,3.8297,0.92117,17.69,0.0,608.31757,0.7464,True,0.74525,453.34681,1.00155,1.00155,False,0.0,False
2016-11-16,Public dataset: NREL PVDAQ (Photovoltaic Data Acquisition) via OEDI data lake,419.675,True,2.6513,3.8578,0.68726,17.83,0.0,427.93855,0.98069,False,0.74438,318.55097,1.31745,0.99615,False,0.0,False
2016-11-17,Public dataset: NREL PVDAQ (Photovoltaic Data Acquisition) via OEDI data lake,531.1,True,3.9456,3.9758,0.9924,9.83,0.0,722.38,0.73521,True,0.74352,537.10596,0.98882,0.99222,False,0.0,False
2016-11-18,Public dataset: NREL PVDAQ (Photovoltaic Data Acquisition) via OEDI data lake,513.4,True,3.785,3.8105,0.99331,8.75,0.0,696.72048,0.73688,True,0.74266,517.42688,0.99222,0.98987,True,0.01013,False
2016-11-19,Public dataset: NREL PVDAQ (Photovoltaic Data Acquisition) via OEDI data lake,494.5,True,3.6386,3.7289,0.97578,11.79,0.0,656.50232,0.75323,True,0.7418,486.99247,1.01542,0.98987,True,0.01013,False
2016-11-20,Public dataset: NREL PVDAQ (Photovoltaic Data Acquisition) via OEDI data lake,274.475,True,1.6944,3.5304,0.47995,13.57,0.73,262.00552,1.04759,False,0.74094,194.12944,1.41388,0.98987,True,0.01013,False
2016-11-21,Public dataset: NREL PVDAQ (Photovoltaic Data Acquisition) via OEDI data lake,270.825,True,2.0993,3.588,0.58509,11.38,1.82,341.60267,0.79281,False,0.74007,252.81137,1.07125,0.98934,True,0.01066,False
2016-11-22,Public dataset: NREL PVDAQ (Photovoltaic Data Acquisition) via OEDI data lake,474.575,True,3.595,3.709,0.96926,11.67,0.0,655.82612,0.72363,True,0.73921,484.79471,0.97892,0.98934,True,0.01066,False
2016-11-23,Public dataset: NREL PVDAQ (Photovoltaic Data Acquisition) via OEDI data lake,473.125,True,3.5628,3.649,0.97638,12.23,0.0,647.34313,0.73087,True,0.73835,477.96591,0.98987,0.98506,True,0.01494,False
2016-11-24,Public dataset: NREL PVDAQ (Photovoltaic Data Acquisition) via OEDI data lake,480.15,True,3.7022,3.7327,0.99183,8.06,0.0,692.18483,0.69367,True,0.73749,510.47805,0.94059,0.98129,True,0.01871,False
2016-11-25,Public dataset: NREL PVDAQ (Photovoltaic Data Acquisition) via OEDI data lake,482.15,True,3.5918,3.6149,0.99361,8.52,0.0,670.43689,0.71916,True,0.73663,493.86122,0.97629,0.97892,True,0.02108,False
2016-11-26,Public dataset: NREL PVDAQ (Photovoltaic Data Acquisition) via OEDI data lake,453.775,True,3.2662,3.4776,0.93921,10.5,0.03,596.03062,0.76133,True,0.73576,438.53779,1.03475,0.97629,True,0.02371,False
2016-11-27,Public dataset: NREL PVDAQ (Photovoltaic Data Acquisition) via OEDI data lake,297.55,True,1.8274,3.5191,0.51928,7.3,0.84,293.7758,1.01285,False,0.7349,215.89636,1.37821,0.96534,True,0.03466,False
2016-11-28,Public dataset: NREL PVDAQ (Photovoltaic Data Acquisition) via OEDI data lake,386.6,True,2.9088,3.4622,0.84016,7.42,0.03,528.37964,0.73167,False,0.73404,387.85162,0.99677,0.95792,True,0.04208,False
2016-11-29,Public dataset: NREL PVDAQ (Photovoltaic Data Acquisition) via OEDI data lake,484.2,True,3.5345,3.5731,0.9892,6.3,0.0,673.00261,0.71946,True,0.73318,493.43042,0.98129,0.95689,True,0.04311,False
2016-11-30,Public dataset: NREL PVDAQ (Photovoltaic Data Acquisition) via OEDI data lake,433.2,True,3.3749,3.4807,0.9696,6.29,0.0,641.84864,0.67493,True,0.73232,470.03569,0.92163,0.95051,True,0.04949,False
2016-12-01,Public dataset: NREL PVDAQ (Photovoltaic Data Acquisition) via OEDI data lake,387.65,True,2.9962,3.4486,0.86882,6.91,0.0,557.64017,0.69516,True,0.73145,407.88778,0.95038,0.95051,True,0.04949,False
2016-12-02,Public dataset: NREL PVDAQ (Photovoltaic Data Acquisition) via OEDI data lake,414.75,True,3.2976,3.5076,0.94013,6.72,0.0,632.44421,0.65579,True,0.73059,462.05823,0.89761,0.9537,True,0.0463,False
2016-12-03,Public dataset: NREL PVDAQ (Photovoltaic Data Acquisition) via OEDI data lake,467.2,True,3.4387,3.4603,0.99376,6.13,0.0,663.22739,0.70443,True,0.72973,483.97638,0.96534,0.9537,True,0.0463,False
2016-12-04,Public dataset: NREL PVDAQ (Photovoltaic Data Acquisition) via OEDI data lake,442.125,True,3.3497,3.4046,0.98387,8.5,0.0,638.17703,0.69279,True,0.72887,465.14623,0.95051,0.95051,True,0.04949,False
2016-12-05,Public dataset: NREL PVDAQ (Photovoltaic Data Acquisition) via OEDI data lake,397.75,True,3.1702,3.4178,0.92756,9.72,0.0,598.05277,0.66508,True,0.728,435.3854,0.91356,0.95051,True,0.04949,False
2016-12-06,Public dataset: NREL PVDAQ (Photovoltaic Data Acquisition) via OEDI data lake,421.9,True,3.2292,3.3802,0.95533,9.5,0.0,606.35728,0.69579,True,0.72714,440.90839,0.95689,0.9537,True,0.0463,False
2016-12-07,Public dataset: NREL PVDAQ (Photovoltaic Data Acquisition) via OEDI data lake,419.925,True,3.2628,3.4272,0.95203,5.79,0.0,628.43685,0.66821,True,0.72628,456.42161,0.92004,0.95051,True,0.04949,False
2016-12-08,Public dataset: NREL PVDAQ (Photovoltaic Data Acquisition) via OEDI data lake,426.4,True,3.1157,3.2398,0.9617,5.99,0.0,597.44292,0.71371,True,0.72542,433.39626,0.98386,0.9537,True,0.0463,False
2016-12-09,Public dataset: NREL PVDAQ (Photovoltaic Data Acquisition) via OEDI data lake,197.425,True,1.4342,3.1927,0.44921,8.78,0.0,222.15389,,False,0.72456,160.96306,,0.95689,True,0.04311,False
2016-12-10,Public dataset: NREL PVDAQ (Photovoltaic Data Acquisition) via OEDI data lake,388.55,True,3.0022,3.2054,0.93661,10.01,0.0,557.97505,0.69636,True,0.72369,403.80347,0.96223,0.95689,True,0.04311,False
2016-12-11,Public dataset: NREL PVDAQ (Photovoltaic Data Acquisition) via OEDI data lake,352.825,True,2.5495,3.2249,0.79057,11.78,0.0,452.48085,0.77976,False,0.72283,327.06782,1.07875,0.95051,True,0.04949,False
2016-12-12,Public dataset: NREL PVDAQ (Photovoltaic Data Acquisition) via OEDI data lake,304.075,True,2.6954,3.1766,0.84852,12.31,0.0,484.99752,0.62696,False,0.72197,350.15381,0.8684,0.94479,True,0.05521,False
2016-12-13,Public dataset: NREL PVDAQ (Photovoltaic Data Acquisition) via OEDI data lake,384.275,True,2.6911,3.1274,0.86049,12.38,0.0,485.29007,0.79185,True,0.72111,349.94665,1.0981,0.95689,True,0.04311,False
2016-12-14,Public dataset: NREL PVDAQ (Photovoltaic Data Acquisition) via OEDI data lake,162.225,True,2.2128,3.1824,0.69532,11.33,0.0,377.66698,0.42955,False,0.72025,272.01317,0.59639,0.95351,True,0.04649,False
2016-12-15,Public dataset: NREL PVDAQ (Photovoltaic Data Acquisition) via OEDI data lake,147.25,True,1.3858,3.0079,0.46072,13.34,1.53,211.70494,,False,0.72261,152.98106,,0.96223,True,0.03777,False
2016-12-16,Public dataset: NREL PVDAQ (Photovoltaic Data Acquisition) via OEDI data lake,367.9,True,2.2858,3.161,0.72313,12.32,2.69,394.28985,0.93307,False,0.72498,285.8534,1.28702,0.95351,True,0.04649,False
2016-12-17,Public dataset: NREL PVDAQ (Photovoltaic Data Acquisition) via OEDI data lake,470.325,True,3.4447,3.4718,0.99219,4.35,0.0,684.4132,0.68719,True,0.72735,497.80884,0.94479,0.95351,True,0.04649,False
2016-12-18,Public dataset: NREL PVDAQ (Photovoltaic Data Acquisition) via OEDI data lake,456.275,True,3.3679,3.3922,0.99284,1.09,0.0,670.95893,0.68003,True,0.72972,489.61196,0.93191,0.9407,True,0.0593,False
2016-12-19,Public dataset: NREL PVDAQ (Photovoltaic Data Acquisition) via OEDI data lake,451.7,True,3.3449,3.3758,0.99085,2.07,0.0,663.29127,0.681,True,0.73209,485.58766,0.93021,0.9366,True,0.0634,False
2016-12-20,Public dataset: NREL PVDAQ (Photovoltaic Data Acquisition) via OEDI data lake,443.425,True,3.186,3.318,0.96022,4.02,0.0,619.85378,0.71537,True,0.73446,455.25565,0.97401,0.9407,True,0.0593,False
2016-12-21,Public dataset: NREL PVDAQ (Photovoltaic Data Acquisition) via OEDI data lake,177.95,True,1.4386,3.1274,0.46,8.09,1.21,223.18722,,False,0.73682,164.44991,,0.9407,True,0.0593,False
2016-12-22,Public dataset: NREL PVDAQ (Photovoltaic Data Acquisition) via OEDI data lake,51.175,True,0.8081,3.0614,0.26396,5.46,17.87,127.15613,,False,0.73919,93.99297,,0.94479,True,0.05521,False
2016-12-23,Public dataset: NREL PVDAQ (Photovoltaic Data Acquisition) via OEDI data lake,247.775,True,1.5794,3.1205,0.50614,6.59,0.41,253.53094,0.9773,False,0.74156,188.00885,1.31789,0.94479,True,0.05521,False
2016-12-24,Public dataset: NREL PVDAQ (Photovoltaic Data Acquisition) via OEDI data lake,159.9,True,1.0363,3.2234,0.32149,6.1,14.93,160.12423,,False,0.74393,119.12124,,0.94479,True,0.05521,False
2016-12-25,Public dataset: NREL PVDAQ (Photovoltaic Data Acquisition) via OEDI data lake,431.225,True,3.1534,3.3286,0.94737,3.14,0.0,616.92982,0.69899,True,0.7463,460.41383,0.9366,0.96951,True,0.03049,False
2016-12-26,Public dataset: NREL PVDAQ (Photovoltaic Data Acquisition) via OEDI data lake,410.475,True,3.1114,3.215,0.96778,2.15,0.0,606.27976,0.67704,True,0.74867,453.90162,0.90433,0.97111,True,0.02889,False
2016-12-27,Public dataset: NREL PVDAQ (Photovoltaic Data Acquisition) via OEDI data lake,456.675,True,3.1202,3.2638,0.956,3.71,0.0,606.12767,0.75343,True,0.75104,455.22331,1.00319,0.97272,True,0.02728,False
2016-12-28,Public dataset: NREL PVDAQ (Photovoltaic Data Acquisition) via OEDI data lake,453.65,True,3.2126,3.2345,0.99323,5.5,0.0,621.06931,0.73043,True,0.7534,467.91595,0.96951,0.97111,True,0.02889,False
2016-12-29,Public dataset: NREL PVDAQ (Photovoltaic Data Acquisition) via OEDI data lake,446.025,True,3.168,3.216,0.98507,6.84,0.0,606.71181,0.73515,True,0.75577,458.53589,0.97272,0.97111,True,0.02889,False
2016-12-30,Public dataset: NREL PVDAQ (Photovoltaic Data Acquisition) via OEDI data lake,123.875,True,1.764,3.132,0.56322,7.32,1.99,282.62788,0.4383,False,0.75814,214.27166,0.57812,0.96951,True,0.03049,False
2016-12-31,Public dataset: NREL PVDAQ (Photovoltaic Data Acquisition) via OEDI data lake,138.225,True,1.6968,3.1937,0.5313,6.74,0.57,270.68633,0.51065,False,0.75814,205.21829,0.67355,0.96951,True,0.03049,False
2017-01-01,Public dataset: NREL PVDAQ (Photovoltaic Data Acquisition) via OEDI data lake,440.45,True,2.8483,3.287,0.86653,7.76,0.26,529.01591,0.83258,True,0.76051,402.32134,1.09477,0.96951,True,0.03049,False
2017-01-02,Public dataset: NREL PVDAQ (Photovoltaic Data Acquisition) via OEDI data lake,294.525,True,2.3546,3.2868,0.71638,7.17,0.01,420.16936,0.70097,False,0.76288,320.5377,0.91885,0.97111,True,0.02889,False
2017-01-03,Public dataset: NREL PVDAQ (Photovoltaic Data Acquisition) via OEDI data lake,252.575,True,2.1223,3.2189,0.65932,7.14,0.0,357.11896,0.70726,False,0.76525,273.28377,0.92422,0.97272,True,0.02728,False
2017-01-04,Public dataset: NREL PVDAQ (Photovoltaic Data Acquisition) via OEDI data lake,393.275,True,2.3131,3.133,0.7383,8.37,0.02,394.93361,0.9958,False,0.76761,303.15663,1.29727,0.97272,True,0.02728,False
2017-01-05,Public dataset: NREL PVDAQ (Photovoltaic Data Acquisition) via OEDI data lake,315.675,True,2.1535,3.2582,0.66095,10.86,0.21,364.01476,0.8672,False,0.76998,280.28503,1.12626,1.03139,False,0.0,False
2017-01-06,Public dataset: NREL PVDAQ (Photovoltaic Data Acquisition) via OEDI data lake,480.525,True,3.3979,3.5484,0.95759,1.52,0.0,668.0048,0.71934,True,0.77235,515.93416,0.93137,1.0265,False,0.0,False
2017-01-07,Public dataset: NREL PVDAQ (Photovoltaic Data Acquisition) via OEDI data lake,180.375,True,1.1506,3.2558,0.3534,3.52,0.49,178.3066,,False,0.77472,138.13758,,1.02161,False,0.0,False
2017-01-08,Public dataset: NREL PVDAQ (Photovoltaic Data Acquisition) via OEDI data lake,312.375,True,2.2925,3.2563,0.70402,7.14,0.0,395.3878,0.79005,False,0.77709,307.25103,1.01668,1.01672,False,0.0,False
2017-01-09,Public dataset: NREL PVDAQ (Photovoltaic Data Acquisition) via OEDI data lake,313.275,True,2.2411,3.3751,0.66401,10.96,1.55,372.81453,0.8403,False,0.77946,290.59259,1.07806,0.93737,True,0.06263,False
2017-01-10,Public dataset: NREL PVDAQ (Photovoltaic Data Acquisition) via OEDI data lake,412.7,True,2.6004,3.3458,0.77721,10.09,0.0,452.83222,0.91138,False,0.78182,354.03536,1.1657,0.93137,True,0.06863,False
2017-01-11,Public dataset: NREL PVDAQ (Photovoltaic Data Acquisition) via OEDI data lake,473.2,True,3.0571,3.4627,0.88287,11.39,0.12,553.56532,0.85482,True,0.78419,434.10205,1.09007,0.93737,True,0.06263,False
2017-01-12,Public dataset: NREL PVDAQ (Photovoltaic Data Acquisition) via OEDI data lake,115.6,True,1.4021,3.396,0.41287,8.31,1.77,216.20047,,False,0.78656,170.05494,,0.93737,True,0.06263,False
2017-01-13,Public dataset: NREL PVDAQ (Photovoltaic Data Acquisition) via OEDI data lake,233.45,True,1.5821,3.4078,0.46426,7.72,3.86,252.47495,0.92465,False,0.78893,199.18501,1.17203,0.93737,True,0.06263,False
2017-01-14,Public dataset: NREL PVDAQ (Photovoltaic Data Acquisition) via OEDI data lake,249.9,True,2.3153,3.4716,0.66693,8.88,0.44,385.53781,0.64819,False,0.7913,305.07538,0.81914,0.98324,True,0.01676,False
2017-01-15,Public dataset: NREL PVDAQ (Photovoltaic Data Acquisition) via OEDI data lake,488.05,True,3.4922,3.5167,0.99303,7.7,0.0,651.83967,0.74873,True,0.79367,517.34338,0.94338,0.98324,True,0.01676,False
2017-01-16,Public dataset: NREL PVDAQ (Photovoltaic Data Acquisition) via OEDI data lake,510.25,True,3.6734,3.7387,0.98253,6.01,0.0,692.53184,0.73679,True,0.79316,549.28662,0.92893,0.98324,True,0.01676,False
2017-01-17,Public dataset: NREL PVDAQ (Photovoltaic Data Acquisition) via OEDI data lake,506.65,True,3.7282,3.7596,0.99165,5.78,0.0,704.62546,0.71903,True,0.79265,558.51982,0.90713,1.0231,False,0.0,False
2017-01-18,Public dataset: NREL PVDAQ (Photovoltaic Data Acquisition) via OEDI data lake,474.875,True,3.2042,3.678,0.87118,7.11,0.3,581.69316,0.81637,True,0.79214,460.78149,1.03059,1.02684,False,0.0,False
2017-01-19,Public dataset: NREL PVDAQ (Photovoltaic Data Acquisition) via OEDI data lake,264.5,True,1.2938,3.5719,0.36222,7.51,3.69,197.61135,,False,0.79163,156.43487,,1.02684,False,0.0,False
2017-01-20,Public dataset: NREL PVDAQ (Photovoltaic Data Acquisition) via OEDI data lake,67.95,True,0.6778,3.6379,0.18632,5.65,7.58,104.87322,,False,0.79112,82.96726,,1.02542,False,0.0,False
2017-01-21,Public dataset: NREL PVDAQ (Photovoltaic Data Acquisition) via OEDI data lake,512.1,True,3.4423,3.8294,0.89891,7.56,0.1,633.10583,0.80887,True,0.79061,500.53991,1.0231,1.02426,False,0.0,False
2017-01-22,Public dataset: NREL PVDAQ (Photovoltaic Data Acquisition) via OEDI data lake,71.075,True,1.0049,3.6024,0.27895,5.5,15.89,156.08571,,False,0.7901,123.32344,,1.0231,False,0.0,False
2017-01-23,Public dataset: NREL PVDAQ (Photovoltaic Data Acquisition) via OEDI data lake,471.75,True,2.4118,3.8424,0.62768,5.69,2.14,402.58996,1.17179,False,0.78959,317.88156,1.48404,1.02542,False,0.0,False
2017-01-24,Public dataset: NREL PVDAQ (Photovoltaic Data Acquisition) via OEDI data lake,557.25,True,3.4747,3.971,0.87502,3.03,0.07,641.90709,0.86812,True,0.78908,506.51731,1.10016,1.02542,False,0.0,False
2017-01-25,Public dataset: NREL PVDAQ (Photovoltaic Data Acquisition) via OEDI data lake,563.75,True,3.7022,4.0133,0.92248,2.89,0.0,690.15101,0.81685,True,0.78857,544.23415,1.03586,1.02542,False,0.0,False
2017-01-26,Public dataset: NREL PVDAQ (Photovoltaic Data Acquisition) via OEDI data lake,559.875,True,3.655,3.9547,0.92422,2.99,0.0,674.74496,0.82976,True,0.78806,531.74164,1.05291,1.02509,False,0.0,False
2017-01-27,Public dataset: NREL PVDAQ (Photovoltaic Data Acquisition) via OEDI data lake,575.2,True,3.8254,4.1076,0.9313,2.51,0.0,712.25628,0.80757,True,0.78755,560.9401,1.02542,1.02509,False,0.0,False
2017-01-28,Public dataset: NREL PVDAQ (Photovoltaic Data Acquisition) via OEDI data lake,560.3,True,3.9002,4.1448,0.94099,3.93,0.0,720.12522,0.77806,True,0.78704,566.77048,0.98858,1.02476,False,0.0,False
2017-01-29,Public dataset: NREL PVDAQ (Photovoltaic Data Acquisition) via OEDI data lake,546.8,True,3.9103,4.0975,0.95431,6.63,0.0,706.92969,0.77349,True,0.78653,556.0249,0.98341,1.02509,False,0.0,False
2017-01-30,Public dataset: NREL PVDAQ (Photovoltaic Data Acquisition) via OEDI data lake,516.05,True,3.5148,4.109,0.85539,8.49,0.0,615.97966,0.83777,True,0.78603,484.17574,1.06583,1.02509,False,0.0,False
2017-01-31,Public dataset: NREL PVDAQ (Photovoltaic Data Acquisition) via OEDI data lake,529.35,True,3.9919,4.1748,0.95619,9.91,0.0,705.55206,0.75026,True,0.78552,554.22252,0.95512,1.02509,False,0.0,False
2017-02-01,Public dataset: NREL PVDAQ (Photovoltaic Data Acquisition) via OEDI data lake,533.55,True,3.8134,4.2211,0.90341,10.57,0.0,663.25239,0.80444,True,0.78501,520.65759,1.02476,1.02476,False,0.0,False
2017-02-02,Public dataset: NREL PVDAQ (Photovoltaic Data Acquisition) via OEDI data lake,473.9,True,2.9902,4.2401,0.70522,11.86,0.0,488.6374,0.96984,False,0.7845,383.33473,1.23626,1.01053,False,0.0,False
2017-02-03,Public dataset: NREL PVDAQ (Photovoltaic Data Acquisition) via OEDI data lake,441.5,True,3.409,4.1434,0.82275,12.84,0.02,569.4302,0.77534,False,0.78399,446.42639,0.98896,0.99629,False,0.0,False
2017-02-04,Public dataset: NREL PVDAQ (Photovoltaic Data Acquisition) via OEDI data lake,505.8,True,3.7627,4.2334,0.88881,11.35,0.0,647.98563,0.78057,True,0.78348,507.68281,0.99629,0.99244,False,0.0,False
2017-02-05,Public dataset: NREL PVDAQ (Photovoltaic Data Acquisition) via OEDI data lake,437.575,True,3.0871,4.1354,0.74651,11.58,0.0,508.01343,0.86135,False,0.78297,397.75882,1.1001,0.99629,False,0.0,False
2017-02-06,Public dataset: NREL PVDAQ (Photovoltaic Data Acquisition) via OEDI data lake,290.125,True,1.6867,4.2209,0.39961,11.21,0.18,254.01343,1.14216,False,0.78246,198.75527,1.45971,1.02423,False,0.0,False
2017-02-07,Public dataset: NREL PVDAQ (Photovoltaic Data Acquisition) via OEDI data lake,374.85,True,3.1855,4.2571,0.74828,13.57,0.0,516.55511,0.72567,False,0.78195,403.92042,0.92803,0.99629,False,0.0,False
2017-02-08,Public dataset: NREL PVDAQ (Photovoltaic Data Acquisition) via OEDI data lake,468.55,True,3.4584,4.3277,0.79913,14.77,0.0,567.72969,0.8253,False,0.78144,443.64719,1.05613,0.99629,False,0.0,False
2017-02-09,Public dataset: NREL PVDAQ (Photovoltaic Data Acquisition) via OEDI data lake,526.2,True,3.589,4.3246,0.8299,16.46,0.0,582.65056,0.90311,False,0.78093,455.01016,1.15646,0.98655,False,0.0,False
2017-02-10,Public dataset: NREL PVDAQ (Photovoltaic Data Acquisition) via OEDI data lake,243.25,True,1.4762,4.2041,0.35113,17.07,0.42,215.89469,,False,0.78042,168.48898,,0.98655,False,0.0,False
2017-02-11,Public dataset: NREL PVDAQ (Photovoltaic Data Acquisition) via OEDI data lake,227.175,True,1.8257,4.5871,0.39801,12.93,4.09,273.52257,0.83055,False,0.77991,213.32372,1.06493,0.98655,False,0.0,False
2017-02-12,Public dataset: NREL PVDAQ (Photovoltaic Data Acquisition) via OEDI data lake,360.6,True,3.5059,4.6207,0.75874,11.42,0.63,575.90081,0.62615,False,0.7794,448.85897,0.80337,0.99005,False,0.0,False
2017-02-13,Public dataset: NREL PVDAQ (Photovoltaic Data Acquisition) via OEDI data lake,595.725,True,4.4263,4.6843,0.94492,12.11,0.0,746.73858,0.79777,True,0.77889,581.63009,1.02423,0.99354,False,0.0,False
2017-02-14,Public dataset: NREL PVDAQ (Photovoltaic Data Acquisition) via OEDI data lake,611.15,True,4.8576,4.9085,0.98963,11.72,0.0,824.46859,0.74127,True,0.77838,641.75353,0.95231,0.99703,False,0.0,False
2017-02-15,Public dataset: NREL PVDAQ (Photovoltaic Data Acquisition) via OEDI data lake,612.225,True,4.8007,4.9049,0.97876,12.43,0.0,805.72639,0.75984,True,0.77788,626.75445,0.97682,1.00053,False,0.0,False
2017-02-16,Public dataset: NREL PVDAQ (Photovoltaic Data Acquisition) via OEDI data lake,495.9,True,3.7843,4.775,0.79252,14.81,0.02,608.06173,0.81554,False,0.77796,473.04998,1.0483,1.02423,False,0.0,False
2017-02-17,Public dataset: NREL PVDAQ (Photovoltaic Data Acquisition) via OEDI data lake,121.85,True,1.0783,4.7297,0.22798,12.85,2.37,161.61827,,False,0.77805,125.74749,,1.00391,False,0.0,False
2017-02-18,Public dataset: NREL PVDAQ (Photovoltaic Data Acquisition) via OEDI data lake,78.3,True,1.3987,4.8794,0.28665,10.45,14.6,210.69106,,False,0.77814,163.94738,,1.00391,False,0.0,False
2017-02-19,Public dataset: NREL PVDAQ (Photovoltaic Data Acquisition) via OEDI data lake,408.925,True,2.7864,4.961,0.56166,10.41,0.4,427.72569,0.95604,False,0.77823,332.86889,1.22849,1.0148,False,0.0,False
2017-02-20,Public dataset: NREL PVDAQ (Photovoltaic Data Acquisition) via OEDI data lake,458.525,True,2.519,4.8454,0.51987,12.71,0.33,378.88291,1.2102,False,0.77832,294.89159,1.55489,1.0148,False,0.0,False
2017-02-21,Public dataset: NREL PVDAQ (Photovoltaic Data Acquisition) via OEDI data lake,364.325,True,3.4315,5.0146,0.6843,13.14,0.0,536.22762,0.67942,False,0.77841,417.40346,0.87284,1.0148,False,0.0,False
2017-02-22,Public dataset: NREL PVDAQ (Photovoltaic Data Acquisition) via OEDI data lake,702.85,True,5.0527,5.3534,0.94383,11.17,0.04,829.39295,0.84743,True,0.7785,645.67903,1.08854,1.0148,False,0.0,False
2017-02-23,Public dataset: NREL PVDAQ (Photovoltaic Data Acquisition) via OEDI data lake,725.575,True,5.2181,5.5176,0.94572,6.13,0.0,877.94008,0.82645,True,0.77858,683.55065,1.06148,1.0148,False,0.0,False
2017-02-24,Public dataset: NREL PVDAQ (Photovoltaic Data Acquisition) via OEDI data lake,699.4,True,5.4302,5.5145,0.98471,5.15,0.0,913.18667,0.76589,True,0.77867,711.0741,0.98358,1.00638,False,0.0,False
2017-02-25,Public dataset: NREL PVDAQ (Photovoltaic Data Acquisition) via OEDI data lake,437.625,True,3.8134,5.3354,0.71474,7.32,0.0,618.23661,0.70786,False,0.77876,481.4592,0.90896,1.00638,False,0.0,False
2017-02-26,Public dataset: NREL PVDAQ (Photovoltaic Data Acquisition) via OEDI data lake,691.4,True,5.3011,5.3966,0.9823,8.29,0.0,874.76803,0.79038,True,0.77885,681.31371,1.0148,1.0148,False,0.0,False
2017-02-27,Public dataset: NREL PVDAQ (Photovoltaic Data Acquisition) via OEDI data lake,337.625,True,3.4711,5.4295,0.6393,7.76,1.31,553.42132,0.61007,False,0.77894,431.08168,0.7832,1.00638,False,0.0,False
2017-02-28,Public dataset: NREL PVDAQ (Photovoltaic Data Acquisition) via OEDI data lake,718.65,True,5.5445,5.6933,0.97386,8.74,0.05,907.16427,0.79219,True,0.77903,706.70647,1.0169,1.0074,False,0.0,False
2017-03-01,Public dataset: NREL PVDAQ (Photovoltaic Data Acquisition) via OEDI data lake,709.05,True,5.6203,5.719,0.98274,8.08,0.0,921.09808,0.76979,True,0.77912,717.643,0.98803,1.00267,False,0.0,False
2017-03-02,Public dataset: NREL PVDAQ (Photovoltaic Data Acquisition) via OEDI data lake,700.35,True,5.6914,5.7444,0.99077,9.83,0.0,921.1966,0.76026,True,0.77921,717.80147,0.97569,0.99299,False,0.0,False
2017-03-03,Public dataset: NREL PVDAQ (Photovoltaic Data Acquisition) via OEDI data lake,699.775,True,5.6352,5.7178,0.98555,12.24,0.0,899.80159,0.7777,True,0.77929,701.21017,0.99795,0.98803,False,0.0,False
2017-03-04,Public dataset: NREL PVDAQ (Photovoltaic Data Acquisition) via OEDI data lake,623.95,True,4.859,5.815,0.8356,13.82,0.0,759.65008,0.82137,False,0.77938,592.05829,1.05387,0.99795,False,0.0,False
2017-03-05,Public dataset: NREL PVDAQ (Photovoltaic Data Acquisition) via OEDI data lake,638.15,True,4.927,5.7634,0.85488,11.42,0.06,769.71358,0.82907,True,0.77947,599.96988,1.06364,1.00017,False,0.0,False
2017-03-06,Public dataset: NREL PVDAQ (Photovoltaic Data Acquisition) via OEDI data lake,744.925,True,5.9674,6.0151,0.99207,7.12,0.0,969.69271,0.76821,True,0.77956,755.93395,0.98544,0.99299,False,0.0,False
2017-03-07,Public dataset: NREL PVDAQ (Photovoltaic Data Acquisition) via OEDI data lake,716.65,True,5.7199,5.8572,0.97656,10.7,0.0,912.4473,0.78542,True,0.77965,711.38863,1.0074,0.98803,False,0.0,False
2017-03-08,Public dataset: NREL PVDAQ (Photovoltaic Data Acquisition) via OEDI data lake,668.9,True,5.6035,5.8186,0.96303,15.17,0.0,871.39489,0.76762,True,0.77974,679.45945,0.98446,0.98803,False,0.0,False
2017-03-09,Public dataset: NREL PVDAQ (Photovoltaic Data Acquisition) via OEDI data lake,682.075,True,5.8116,5.8622,0.99137,18.3,0.0,889.90696,0.76646,True,0.77983,693.97294,0.98286,0.99795,False,0.0,False
2017-03-10,Public dataset: NREL PVDAQ (Photovoltaic Data Acquisition) via OEDI data lake,565.425,True,4.4033,5.9237,0.74334,19.38,0.0,658.09448,0.85919,False,0.77992,513.25782,1.10164,0.99949,False,0.0,False
2017-03-11,Public dataset: NREL PVDAQ (Photovoltaic Data Acquisition) via OEDI data lake,665.25,True,5.6282,5.8985,0.95417,19.79,0.0,850.85664,0.78186,True,0.78,663.67141,1.00238,0.99949,False,0.0,False
2017-03-12,Public dataset: NREL PVDAQ (Photovoltaic Data Acquisition) via OEDI data lake,673.075,True,5.6659,6.1418,0.92251,20.42,0.0,851.52606,0.79043,True,0.78009,664.26908,1.01326,1.00057,False,0.0,False
2017-03-13,Public dataset: NREL PVDAQ (Photovoltaic Data Acquisition) via OEDI data lake,643.825,True,6.1253,6.1934,0.989,20.48,0.0,917.59422,0.70164,True,0.78018,715.88975,0.89934,1.00057,False,0.0,False
2017-03-14,Public dataset: NREL PVDAQ (Photovoltaic Data Acquisition) via OEDI data lake,699.75,True,6.1517,6.1898,0.99384,21.99,0.0,913.93433,0.76565,True,0.78027,713.11543,0.98126,1.00166,False,0.0,False
2017-03-15,Public dataset: NREL PVDAQ (Photovoltaic Data Acquisition) via OEDI data lake,633.95,True,5.2966,6.1812,0.85689,21.2,0.0,784.05779,0.80855,True,0.78036,611.84623,1.03613,1.00057,False,0.0,False
2017-03-16,Public dataset: NREL PVDAQ (Photovoltaic Data Acquisition) via OEDI data lake,675.9,True,5.6011,6.1663,0.90834,21.49,0.0,828.44221,0.81587,True,0.78073,646.78804,1.04501,1.00166,False,0.0,False
2017-03-17,Public dataset: NREL PVDAQ (Photovoltaic Data Acquisition) via OEDI data lake,694.6,True,6.0293,6.1882,0.97432,21.8,0.0,889.7188,0.7807,True,0.7811,694.95708,0.99949,1.00238,False,0.0,False
2017-03-18,Public dataset: NREL PVDAQ (Photovoltaic Data Acquisition) via OEDI data lake,674.3,True,6.0022,6.3108,0.9511,22.02,0.0,876.27942,0.7695,True,0.78147,684.78334,0.98469,1.00238,False,0.0,False
2017-03-19,Public dataset: NREL PVDAQ (Photovoltaic Data Acquisition) via OEDI data lake,678.875,True,5.9542,6.3494,0.93776,22.07,0.0,866.87041,0.78313,True,0.78184,677.75076,1.00166,1.00166,False,0.0,False
2017-03-20,Public dataset: NREL PVDAQ (Photovoltaic Data Acquisition) via OEDI data lake,657.95,True,5.5406,6.4082,0.86461,22.21,0.0,796.97619,0.82556,True,0.78221,623.39935,1.05542,1.00057,False,0.0,False
2017-03-21,Public dataset: NREL PVDAQ (Photovoltaic Data Acquisition) via OEDI data lake,597.125,True,4.1292,6.3422,0.65107,19.95,0.0,596.75637,1.00062,False,0.78258,467.00672,1.27862,1.00057,False,0.0,False
2017-03-22,Public dataset: NREL PVDAQ (Photovoltaic Data Acquisition) via OEDI data lake,519.05,True,4.1784,6.5045,0.64239,16.22,0.16,615.89229,0.84276,False,0.78294,482.20954,1.0764,1.00057,False,0.0,False
2017-03-23,Public dataset: NREL PVDAQ (Photovoltaic Data Acquisition) via OEDI data lake,739.8,True,4.9579,6.6859,0.74155,13.47,0.03,744.75666,0.99334,False,0.78331,583.37834,1.26813,0.99949,False,0.0,False
2017-03-24,Public dataset: NREL PVDAQ (Photovoltaic Data Acquisition) via OEDI data lake,766.875,True,6.4944,6.7555,0.96135,16.09,0.0,964.22402,0.79533,True,0.78368,755.64642,1.01486,0.99761,False,0.0,False
2017-03-25,Public dataset: NREL PVDAQ (Photovoltaic Data Acquisition) via OEDI data lake,801.55,True,5.2032,6.7704,0.76852,16.09,0.11,773.09306,1.03681,False,0.78405,606.14585,1.32237,0.9987,False,0.0,False
2017-03-26,Public dataset: NREL PVDAQ (Photovoltaic Data Acquisition) via OEDI data lake,707.925,True,6.1063,6.7327,0.90696,15.85,0.0,909.90405,0.77802,True,0.78442,713.74905,0.99184,0.9987,False,0.0,False
2017-03-27,Public dataset: NREL PVDAQ (Photovoltaic Data Acquisition) via OEDI data lake,732.3,True,5.3748,6.937,0.7748,15.2,0.1,792.72858,0.92377,False,0.78479,622.12685,1.17709,0.99573,False,0.0,False
2017-03-28,Public dataset: NREL PVDAQ (Photovoltaic Data Acquisition) via OEDI data lake,825.925,True,7.1338,7.164,0.99578,13.99,0.0,1056.42438,0.78181,True,0.78516,829.46342,0.99573,0.99573,False,0.0,False
2017-03-29,Public dataset: NREL PVDAQ (Photovoltaic Data Acquisition) via OEDI data lake,735.35,True,6.8546,7.0068,0.97828,16.07,0.0,1005.95474,0.731,True,0.78553,790.20825,0.93058,0.99379,False,0.0,False
2017-03-30,Public dataset: NREL PVDAQ (Photovoltaic Data Acquisition) via OEDI data lake,654.1,True,5.059,6.8976,0.73344,16.15,0.25,732.43084,0.89305,False,0.7859,575.61743,1.13635,0.99379,False,0.0,False
2017-03-31,Public dataset: NREL PVDAQ (Photovoltaic Data Acquisition) via OEDI data lake,340.55,True,3.6814,7.0656,0.52103,12.33,0.55,541.36539,0.62906,False,0.78627,425.65908,0.80005,0.99379,False,0.0,False
2017-04-01,Public dataset: NREL PVDAQ (Photovoltaic Data Acquisition) via OEDI data lake,780.35,True,6.7726,7.1398,0.94857,16.35,0.0,989.8334,0.78836,True,0.78664,778.64146,1.00219,0.99379,False,0.0,False
2017-04-02,Public dataset: NREL PVDAQ (Photovoltaic Data Acquisition) via OEDI data lake,757.75,True,6.9648,7.0658,0.98571,18.99,0.0,997.01195,0.76002,True,0.78701,784.65672,0.96571,0.99184,False,0.0,False
2017-04-03,Public dataset: NREL PVDAQ (Photovoltaic Data Acquisition) via OEDI data lake,684.475,True,6.1027,7.2869,0.83749,15.98,1.32,889.62829,0.76939,False,0.78738,700.47354,0.97716,0.98605,False,0.0,False
2017-04-04,Public dataset: NREL PVDAQ (Photovoltaic Data Acquisition) via OEDI data lake,798.475,True,6.787,7.4062,0.91639,14.18,0.0,996.77916,0.80106,True,0.78775,785.20999,1.01689,0.98605,False,0.0,False
2017-04-05,Public dataset: NREL PVDAQ (Photovoltaic Data Acquisition) via OEDI data lake,764.325,True,6.7997,7.0958,0.95827,16.86,0.0,983.5319,0.77712,True,0.78812,775.13784,0.98605,0.98605,False,0.0,False
2017-04-06,Public dataset: NREL PVDAQ (Photovoltaic Data Acquisition) via OEDI data lake,710.0,True,5.7655,7.1729,0.80379,20.16,0.0,817.85552,0.86812,False,0.78849,644.86768,1.101,1.0002,False,0.0,False
2017-04-07,Public dataset: NREL PVDAQ (Photovoltaic Data Acquisition) via OEDI data lake,503.475,True,3.9427,7.219,0.54616,20.14,0.0,555.75707,0.90593,False,0.78886,438.41202,1.14841,0.99313,False,0.0,False
2017-04-08,Public dataset: NREL PVDAQ (Photovoltaic Data Acquisition) via OEDI data lake,880.275,True,7.4052,7.4873,0.98903,16.35,0.22,1061.24513,0.82947,True,0.78922,837.5611,1.051,1.0002,False,0.0,False
2017-04-09,Public dataset: NREL PVDAQ (Photovoltaic Data Acquisition) via OEDI data lake,835.725,True,7.4825,7.7837,0.9613,13.04,0.0,1092.13841,0.76522,True,0.78959,862.34632,0.96913,1.0002,False,0.0,False
2017-04-10,Public dataset: NREL PVDAQ (Photovoltaic Data Acquisition) via OEDI data lake,835.875,True,7.6224,7.722,0.9871,15.85,0.0,1091.24049,0.76599,True,0.78996,862.04046,0.96965,1.00753,False,0.0,False
2017-04-11,Public dataset: NREL PVDAQ (Photovoltaic Data Acquisition) via OEDI data lake,663.0,True,4.885,7.5137,0.65015,18.0,0.0,699.06319,0.94841,False,0.79033,552.49286,1.20002,1.00753,False,0.0,False
2017-04-12,Public dataset: NREL PVDAQ (Photovoltaic Data Acquisition) via OEDI data lake,837.425,True,7.6334,7.6574,0.99687,20.11,0.0,1058.87539,0.79086,True,0.7907,837.25557,1.0002,0.99313,False,0.0,False
2017-04-13,Public dataset: NREL PVDAQ (Photovoltaic Data Acquisition) via OEDI data lake,894.325,True,7.7539,7.7861,0.99586,18.58,0.0,1083.13511,0.82568,True,0.79107,856.83794,1.04375,0.99567,False,0.0,False
2017-04-14,Public dataset: NREL PVDAQ (Photovoltaic Data Acquisition) via OEDI data lake,850.0,True,7.8643,7.8977,0.99577,17.46,0.0,1106.21961,0.76838,True,0.79144,875.50811,0.97086,0.99114,False,0.0,False
2017-04-15,Public dataset: NREL PVDAQ (Photovoltaic Data Acquisition) via OEDI data lake,851.425,True,7.5713,7.7534,0.97651,19.21,0.0,1059.54728,0.80357,True,0.79181,838.96112,1.01486,0.99567,False,0.0,False
2017-04-16,Public dataset: NREL PVDAQ (Photovoltaic Data Acquisition) via OEDI data lake,813.625,True,6.9214,7.6778,0.90148,22.49,0.0,955.58174,0.85144,True,0.79226,757.0663,1.07471,0.98818,False,0.0,False
2017-04-17,Public dataset: NREL PVDAQ (Photovoltaic Data Acquisition) via OEDI data lake,565.175,True,3.9139,7.6531,0.51141,20.99,0.0,549.8651,1.02784,False,0.7927,435.87973,1.29663,0.99114,False,0.0,False
2017-04-18,Public dataset: NREL PVDAQ (Photovoltaic Data Acquisition) via OEDI data lake,907.475,True,6.1728,7.5936,0.8129,21.24,0.07,857.87416,1.05782,False,0.79315,680.42209,1.33369,1.0002,False,0.0,False
2017-04-19,Public dataset: NREL PVDAQ (Photovoltaic Data Acquisition) via OEDI data lake,842.6,True,7.8046,7.8509,0.9941,20.1,0.0,1077.67856,0.78187,True,0.7936,855.24043,0.98522,0.99827,False,0.0,False
2017-04-20,Public dataset: NREL PVDAQ (Photovoltaic Data Acquisition) via OEDI data lake,870.725,True,8.1586,8.2056,0.99427,20.75,0.0,1106.37845,0.787,True,0.79404,878.51001,0.99114,1.0024,False,0.0,False
2017-04-21,Public dataset: NREL PVDAQ (Photovoltaic Data Acquisition) via OEDI data lake,862.325,True,8.0275,8.1017,0.99084,19.31,0.0,1106.77731,0.77913,True,0.79449,879.3204,0.98067,1.0024,False,0.0,False
2017-04-22,Public dataset: NREL PVDAQ (Photovoltaic Data Acquisition) via OEDI data lake,854.775,True,7.7659,8.0386,0.96608,20.76,0.0,1066.24989,0.80166,True,0.79493,847.59747,1.00847,1.0024,False,0.0,False
2017-04-23,Public dataset: NREL PVDAQ (Photovoltaic Data Acquisition) via OEDI data lake,741.325,True,7.3008,8.0026,0.9123,23.65,0.0,986.86298,0.75119,True,0.79538,784.93037,0.94445,0.99374,False,0.0,False
2017-04-24,Public dataset: NREL PVDAQ (Photovoltaic Data Acquisition) via OEDI data lake,750.525,True,6.6665,8.0827,0.82479,21.83,0.0,913.21029,0.82185,False,0.79583,726.75587,1.03271,0.99374,False,0.0,False
2017-04-25,Public dataset: NREL PVDAQ (Photovoltaic Data Acquisition) via OEDI data lake,909.6,True,8.081,8.2982,0.97383,19.72,0.0,1108.65585,0.82045,True,0.79627,882.79091,1.03037,0.99114,False,0.0,False
2017-04-26,Public dataset: NREL PVDAQ (Photovoltaic Data Acquisition) via OEDI data lake,786.025,True,7.2737,8.1204,0.89573,22.09,0.0,990.20544,0.7938,True,0.79672,788.91391,0.99634,0.9894,False,0.0,False
2017-04-27,Public dataset: NREL PVDAQ (Photovoltaic Data Acquisition) via OEDI data lake,896.975,True,7.9022,8.2872,0.95354,21.64,0.0,1067.93185,0.83992,True,0.79716,851.31624,1.05363,0.9894,False,0.0,False
2017-04-28,Public dataset: NREL PVDAQ (Photovoltaic Data Acquisition) via OEDI data lake,953.65,True,8.1559,8.615,0.94671,16.01,0.0,1132.81662,0.84184,True,0.79761,903.54529,1.05545,0.992,False,0.0,False
2017-04-29,Public dataset: NREL PVDAQ (Photovoltaic Data Acquisition) via OEDI data lake,912.775,True,8.5306,8.611,0.99066,16.82,0.0,1166.02273,0.78281,True,0.79806,930.55089,0.9809,0.99972,False,0.0,False
2017-04-30,Public dataset: NREL PVDAQ (Photovoltaic Data Acquisition) via OEDI data lake,870.775,True,8.4089,8.5118,0.98791,19.98,0.0,1132.09052,0.76917,True,0.7985,903.97607,0.96327,0.99634,False,0.0,False
2017-05-01,Public dataset: NREL PVDAQ (Photovoltaic Data Acquisition) via OEDI data lake,886.45,True,8.3671,8.4137,0.99446,24.01,0.0,1106.08485,0.80143,True,0.79895,883.70386,1.00311,0.99634,False,0.0,False
2017-05-02,Public dataset: NREL PVDAQ (Photovoltaic Data Acquisition) via OEDI data lake,858.6,True,8.2898,8.3316,0.99498,25.94,0.0,1087.48669,0.78953,True,0.79939,869.32997,0.98766,0.99972,False,0.0,False
2017-05-03,Public dataset: NREL PVDAQ (Photovoltaic Data Acquisition) via OEDI data lake,853.125,True,8.2498,8.4,0.98212,26.33,0.0,1085.21044,0.78614,True,0.79984,867.9944,0.98287,0.992,False,0.0,False
2017-05-04,Public dataset: NREL PVDAQ (Photovoltaic Data Acquisition) via OEDI data lake,843.1,True,8.3904,8.4192,0.99658,26.93,0.0,1088.81468,0.77433,True,0.80029,871.36288,0.96756,0.98526,False,0.0,False
2017-05-05,Public dataset: NREL PVDAQ (Photovoltaic Data Acquisition) via OEDI data lake,787.925,True,7.2449,8.2478,0.8784,29.46,0.0,940.14881,0.83809,True,0.80073,752.80704,1.04665,0.98526,False,0.0,False
2017-05-06,Public dataset: NREL PVDAQ (Photovoltaic Data Acquisition) via OEDI data lake,874.45,True,7.0433,8.2037,0.85855,24.61,0.08,940.8414,0.92943,True,0.80118,753.78128,1.16008,0.98188,False,0.0,False
2017-05-07,Public dataset: NREL PVDAQ (Photovoltaic Data Acquisition) via OEDI data lake,490.6,True,5.2918,8.5668,0.61771,15.68,0.02,749.56187,0.65452,False,0.80162,600.86669,0.81649,0.98526,False,0.0,False
2017-05-08,Public dataset: NREL PVDAQ (Photovoltaic Data Acquisition) via OEDI data lake,868.375,True,8.1605,8.4317,0.96784,18.55,0.18,1106.4687,0.78482,True,0.80207,887.46526,0.97849,0.99538,False,0.0,False
2017-05-09,Public dataset: NREL PVDAQ (Photovoltaic Data Acquisition) via OEDI data lake,860.425,True,7.2456,8.2771,0.87538,18.77,1.5,992.235,0.86716,True,0.80252,796.28443,1.08055,0.98526,False,0.0,False
2017-05-10,Public dataset: NREL PVDAQ (Photovoltaic Data Acquisition) via OEDI data lake,837.625,True,7.8802,8.2066,0.96023,19.36,0.26,1071.95154,0.7814,True,0.80296,860.73636,0.97315,0.98068,False,0.0,False
2017-05-11,Public dataset: NREL PVDAQ (Photovoltaic Data Acquisition) via OEDI data lake,845.125,True,8.1722,8.2253,0.99354,23.65,0.0,1077.57458,0.78428,True,0.80341,865.7321,0.9762,0.97849,False,0.0,False
2017-05-12,Public dataset: NREL PVDAQ (Photovoltaic Data Acquisition) via OEDI data lake,906.225,True,8.6184,8.6568,0.99556,25.6,0.0,1110.06018,0.81637,True,0.80385,892.32642,1.01558,0.97849,False,0.0,False
2017-05-13,Public dataset: NREL PVDAQ (Photovoltaic Data Acquisition) via OEDI data lake,910.55,True,8.8918,9.0338,0.98428,21.49,0.0,1166.246,0.78075,True,0.8043,938.01182,0.97072,0.9762,False,0.0,False
2017-05-14,Public dataset: NREL PVDAQ (Photovoltaic Data Acquisition) via OEDI data lake,946.5,True,8.9724,9.0259,0.99407,21.35,0.0,1172.26861,0.80741,True,0.80475,943.37868,1.00331,0.9762,False,0.0,False
2017-05-15,Public dataset: NREL PVDAQ (Photovoltaic Data Acquisition) via OEDI data lake,901.825,True,7.5641,8.7113,0.86831,18.39,0.0,1024.43794,0.88031,True,0.80519,824.86946,1.09329,0.97734,False,0.0,False
2017-05-16,Public dataset: NREL PVDAQ (Photovoltaic Data Acquisition) via OEDI data lake,857.55,True,8.1355,8.6225,0.94352,19.11,0.0,1093.45336,0.78426,True,0.80457,879.75599,0.97476,0.97752,False,0.0,False
2017-05-17,Public dataset: NREL PVDAQ (Photovoltaic Data Acquisition) via OEDI data lake,733.675,True,7.6498,8.8622,0.86319,19.49,0.01,1026.93539,0.71443,True,0.80394,825.59533,0.88866,0.97548,False,0.0,False
2017-05-18,Public dataset: NREL PVDAQ (Photovoltaic Data Acquisition) via OEDI data lake,821.725,True,7.02,8.898,0.78894,17.35,0.0,953.57673,0.86173,False,0.80332,766.02267,1.07272,0.97752,False,0.0,False
2017-05-19,Public dataset: NREL PVDAQ (Photovoltaic Data Acquisition) via OEDI data lake,900.825,True,8.891,8.9213,0.9966,19.36,0.0,1177.3844,0.76511,True,0.80269,945.07411,0.95318,0.97725,False,0.0,False
2017-05-20,Public dataset: NREL PVDAQ (Photovoltaic Data Acquisition) via OEDI data lake,877.475,True,8.657,8.706,0.99437,23.31,0.0,1127.63713,0.77815,True,0.80206,904.43695,0.97019,0.97725,False,0.0,False
2017-05-21,Public dataset: NREL PVDAQ (Photovoltaic Data Acquisition) via OEDI data lake,811.85,True,7.8595,8.5114,0.92341,28.27,0.0,1012.19181,0.80207,True,0.80144,811.20914,1.00079,0.97725,False,0.0,False
2017-05-22,Public dataset: NREL PVDAQ (Photovoltaic Data Acquisition) via OEDI data lake,851.5,True,8.4204,8.7014,0.96771,28.02,0.0,1079.0032,0.78915,True,0.80081,864.07922,0.98544,0.97725,False,0.0,False
2017-05-23,Public dataset: NREL PVDAQ (Photovoltaic Data Acquisition) via OEDI data lake,841.875,True,8.4941,8.5462,0.9939,29.36,0.0,1074.84504,0.78325,True,0.80019,860.0768,0.97884,0.97566,False,0.0,False
2017-05-24,Public dataset: NREL PVDAQ (Photovoltaic Data Acquisition) via OEDI data lake,723.275,True,8.0345,8.7182,0.92158,31.19,0.0,1007.81141,0.71767,True,0.79956,805.80682,0.89758,0.97725,False,0.0,False
2017-05-25,Public dataset: NREL PVDAQ (Photovoltaic Data Acquisition) via OEDI data lake,873.05,True,8.5462,8.9772,0.95199,27.79,0.0,1089.18528,0.80156,True,0.79894,870.18872,1.00329,0.98011,False,0.0,False
2017-05-26,Public dataset: NREL PVDAQ (Photovoltaic Data Acquisition) via OEDI data lake,899.65,True,8.9638,9.0221,0.99354,24.16,0.0,1155.05227,0.77888,True,0.79831,922.0895,0.97566,0.97884,False,0.0,False
2017-05-27,Public dataset: NREL PVDAQ (Photovoltaic Data Acquisition) via OEDI data lake,871.175,True,8.5997,8.9513,0.96072,26.01,0.0,1104.85353,0.7885,True,0.79768,881.32407,0.98848,0.97884,False,0.0,False
2017-05-28,Public dataset: NREL PVDAQ (Photovoltaic Data Acquisition) via OEDI data lake,873.775,True,8.957,9.0137,0.99371,27.46,0.0,1133.65654,0.77076,True,0.79706,903.59047,0.967,0.98139,False,0.0,False
2017-05-29,Public dataset: NREL PVDAQ (Photovoltaic Data Acquisition) via OEDI data lake,857.475,True,8.7482,8.982,0.97397,30.09,0.0,1097.06276,0.78161,True,0.79643,873.73669,0.98139,0.98139,False,0.0,False
2017-05-30,Public dataset: NREL PVDAQ (Photovoltaic Data Acquisition) via OEDI data lake,745.225,True,6.8167,8.7235,0.78142,30.84,0.0,875.05013,0.85164,False,0.79581,696.37106,1.07016,0.97884,False,0.0,False
2017-05-31,Public dataset: NREL PVDAQ (Photovoltaic Data Acquisition) via OEDI data lake,705.475,True,6.0,8.7758,0.6837,28.45,0.0,788.05974,0.8952,False,0.79518,626.65042,1.12579,0.98139,False,0.0,False
2017-06-01,Public dataset: NREL PVDAQ (Photovoltaic Data Acquisition) via OEDI data lake,888.95,True,8.8387,8.8814,0.99519,27.83,0.0,1116.17502,0.79643,True,0.79456,886.86321,1.00235,0.98494,False,0.0,False
2017-06-02,Public dataset: NREL PVDAQ (Photovoltaic Data Acquisition) via OEDI data lake,850.975,True,8.7859,8.8135,0.99687,28.9,0.0,1103.35802,0.77126,True,0.79393,875.98904,0.97144,0.98494,False,0.0,False
2017-06-03,Public dataset: NREL PVDAQ (Photovoltaic Data Acquisition) via OEDI data lake,801.55,True,8.4778,8.8128,0.96199,31.77,0.0,1052.84663,0.76132,True,0.7933,835.22779,0.95968,0.98494,False,0.0,False
2017-06-04,Public dataset: NREL PVDAQ (Photovoltaic Data Acquisition) via OEDI data lake,861.2,True,8.8853,8.9249,0.99556,32.16,0.0,1092.13053,0.78855,True,0.79268,865.70855,0.99479,0.98572,False,0.0,False
2017-06-05,Public dataset: NREL PVDAQ (Photovoltaic Data Acquisition) via OEDI data lake,882.7,True,9.198,9.4104,0.97743,31.75,0.0,1125.64114,0.78418,True,0.79205,891.56741,0.99005,0.98572,False,0.0,False
2017-06-06,Public dataset: NREL PVDAQ (Photovoltaic Data Acquisition) via OEDI data lake,842.4,True,8.8476,8.9635,0.98707,32.01,0.0,1087.8868,0.77435,True,0.79143,860.98331,0.97842,0.98424,False,0.0,False
2017-06-07,Public dataset: NREL PVDAQ (Photovoltaic Data Acquisition) via OEDI data lake,869.6,True,8.8495,9.0221,0.98087,31.01,0.0,1095.94806,0.79347,True,0.7908,866.6775,1.00337,0.97842,False,0.0,False
2017-06-08,Public dataset: NREL PVDAQ (Photovoltaic Data Acquisition) via OEDI data lake,774.4,True,7.0207,9.2066,0.76257,30.21,0.0,898.34254,0.86203,False,0.79018,709.84866,1.09094,0.97781,False,0.0,False
2017-06-09,Public dataset: NREL PVDAQ (Photovoltaic Data Acquisition) via OEDI data lake,906.125,True,8.9894,9.0384,0.99458,28.78,0.0,1122.75369,0.80706,True,0.78955,886.47047,1.02217,0.97612,False,0.0,False
2017-06-10,Public dataset: NREL PVDAQ (Photovoltaic Data Acquisition) via OEDI data lake,780.3,True,8.0563,9.0427,0.89092,26.0,0.0,1034.49522,0.75428,True,0.78892,816.13871,0.95609,0.97612,False,0.0,False
2017-06-11,Public dataset: NREL PVDAQ (Photovoltaic Data Acquisition) via OEDI data lake,967.25,True,9.1138,9.191,0.9916,23.17,0.0,1162.78336,0.83184,True,0.7883,916.62084,1.05523,0.97781,False,0.0,False
2017-06-12,Public dataset: NREL PVDAQ (Photovoltaic Data Acquisition) via OEDI data lake,917.525,True,9.1963,9.2736,0.99166,20.26,0.0,1192.02858,0.76972,True,0.78767,938.92899,0.9772,0.97781,False,0.0,False
2017-06-13,Public dataset: NREL PVDAQ (Photovoltaic Data Acquisition) via OEDI data lake,893.975,True,9.1651,9.2105,0.99507,24.66,0.0,1164.93373,0.7674,True,0.78705,916.85823,0.97504,0.97781,False,0.0,False
2017-06-14,Public dataset: NREL PVDAQ (Photovoltaic Data Acquisition) via OEDI data lake,866.675,True,9.1246,9.1546,0.99672,28.75,0.0,1136.24664,0.76275,True,0.78642,893.5692,0.9699,0.97899,False,0.0,False
2017-06-15,Public dataset: NREL PVDAQ (Photovoltaic Data Acquisition) via OEDI data lake,855.5,True,9.1918,9.2167,0.9973,31.71,0.0,1122.15186,0.76237,True,0.7858,881.78265,0.97019,0.97612,False,0.0,False
2017-06-16,Public dataset: NREL PVDAQ (Photovoltaic Data Acquisition) via OEDI data lake,833.425,True,8.9484,8.9846,0.99597,32.89,0.0,1090.91268,0.76397,True,0.78625,857.72918,0.97166,0.97504,False,0.0,False
2017-06-17,Public dataset: NREL PVDAQ (Photovoltaic Data Acquisition) via OEDI data lake,816.125,True,8.9753,9.024,0.9946,34.6,0.0,1082.76014,0.75374,True,0.7867,851.80972,0.95811,0.97504,False,0.0,False
2017-06-18,Public dataset: NREL PVDAQ (Photovoltaic Data Acquisition) via OEDI data lake,794.975,True,8.309,8.6405,0.96163,35.86,0.0,1015.9359,0.78251,True,0.78716,799.69915,0.99409,0.9772,False,0.0,False
2017-06-19,Public dataset: NREL PVDAQ (Photovoltaic Data Acquisition) via OEDI data lake,774.8,True,7.6502,8.6004,0.88952,37.32,0.0,936.01079,0.82777,True,0.78761,737.20968,1.05099,0.9772,False,0.0,False
2017-06-20,Public dataset: NREL PVDAQ (Photovoltaic Data Acquisition) via OEDI data lake,775.175,True,8.3266,8.5003,0.97957,38.1,0.0,1002.92355,0.77292,True,0.78806,790.36501,0.98078,0.98078,False,0.0,False
2017-06-21,Public dataset: NREL PVDAQ (Photovoltaic Data Acquisition) via OEDI data lake,843.55,True,8.957,9.007,0.99445,37.24,0.0,1066.78498,0.79074,True,0.78851,841.17495,1.00282,0.98078,False,0.0,False
2017-06-22,Public dataset: NREL PVDAQ (Photovoltaic Data Acquisition) via OEDI data lake,818.05,True,9.2345,9.257,0.99757,36.94,0.0,1098.89684,0.74443,True,0.78897,866.99338,0.94355,0.98078,False,0.0,False
2017-06-23,Public dataset: NREL PVDAQ (Photovoltaic Data Acquisition) via OEDI data lake,794.15,True,8.7629,9.0228,0.9712,36.46,0.0,1060.15327,0.74909,True,0.78942,836.90622,0.94891,0.98078,False,0.0,False
2017-06-24,Public dataset: NREL PVDAQ (Photovoltaic Data Acquisition) via OEDI data lake,791.625,True,8.2622,8.7528,0.94395,36.93,0.0,1004.33237,0.78821,True,0.78987,793.29502,0.99789,0.98078,False,0.0,False
2017-06-25,Public dataset: NREL PVDAQ (Photovoltaic Data Acquisition) via OEDI data lake,774.975,True,8.0921,8.9611,0.90303,37.06,0.0,985.75788,0.78617,True,0.79033,779.07006,0.99474,0.98525,False,0.0,False
2017-06-26,Public dataset: NREL PVDAQ (Photovoltaic Data Acquisition) via OEDI data lake,889.075,True,9.0355,9.2266,0.97929,34.24,0.0,1095.13629,0.81184,True,0.79078,866.01073,1.02663,0.98525,False,0.0,False
2017-06-27,Public dataset: NREL PVDAQ (Photovoltaic Data Acquisition) via OEDI data lake,852.75,True,9.0103,9.1018,0.98995,33.29,0.0,1093.88701,0.77956,True,0.79123,865.51833,0.98525,0.98159,False,0.0,False
2017-06-28,Public dataset: NREL PVDAQ (Photovoltaic Data Acquisition) via OEDI data lake,851.975,True,9.4433,9.5594,0.98785,32.93,0.0,1141.8912,0.74611,True,0.79168,904.01803,0.94243,0.98159,False,0.0,False
2017-06-29,Public dataset: NREL PVDAQ (Photovoltaic Data Acquisition) via OEDI data lake,838.275,True,9.307,9.3526,0.99512,32.75,0.0,1128.40499,0.74288,True,0.79214,893.85235,0.93782,0.98159,False,0.0,False
2017-06-30,Public dataset: NREL PVDAQ (Photovoltaic Data Acquisition) via OEDI data lake,831.95,True,8.7929,8.8426,0.99438,33.4,0.0,1077.68225,0.77198,True,0.79259,854.1611,0.974,0.98525,False,0.0,False
2017-07-01,Public dataset: NREL PVDAQ (Photovoltaic Data Acquisition) via OEDI data lake,815.725,True,8.9158,8.9779,0.99308,34.28,0.0,1080.66555,0.75484,True,0.79304,857.01516,0.95182,0.99,False,0.0,False
2017-07-02,Public dataset: NREL PVDAQ (Photovoltaic Data Acquisition) via OEDI data lake,857.35,True,8.7454,8.7667,0.99757,32.46,0.0,1076.63018,0.79633,True,0.7935,854.30263,1.00357,0.98525,False,0.0,False
2017-07-03,Public dataset: NREL PVDAQ (Photovoltaic Data Acquisition) via OEDI data lake,854.85,True,8.773,8.8284,0.99372,32.23,0.0,1079.11269,0.79218,True,0.79395,856.76131,0.99777,0.98342,False,0.0,False
2017-07-04,Public dataset: NREL PVDAQ (Photovoltaic Data Acquisition) via OEDI data lake,835.65,True,8.7689,8.9023,0.98502,33.52,0.0,1071.65261,0.77978,True,0.7944,851.32382,0.98159,0.98159,False,0.0,False
2017-07-05,Public dataset: NREL PVDAQ (Photovoltaic Data Acquisition) via OEDI data lake,782.85,True,8.2502,8.8363,0.93367,35.26,0.0,1008.38121,0.77634,True,0.79486,801.51762,0.97671,0.97915,False,0.0,False
2017-07-06,Public dataset: NREL PVDAQ (Photovoltaic Data Acquisition) via OEDI data lake,779.75,True,8.0088,8.5368,0.93815,37.39,0.0,978.67165,0.79674,True,0.79531,778.34611,1.0018,0.98968,False,0.0,False
2017-07-07,Public dataset: NREL PVDAQ (Photovoltaic Data Acquisition) via OEDI data lake,760.225,True,7.2221,8.4521,0.85447,37.85,0.08,898.39415,0.8462,True,0.79576,714.90767,1.06339,0.98968,False,0.0,False
2017-07-08,Public dataset: NREL PVDAQ (Photovoltaic Data Acquisition) via OEDI data lake,652.4,True,6.3324,8.0306,0.78853,37.17,0.0,793.55132,0.82213,False,0.79621,631.83722,1.03254,0.98968,False,0.0,False
2017-07-09,Public dataset: NREL PVDAQ (Photovoltaic Data Acquisition) via OEDI data lake,668.6,True,6.0175,7.9334,0.7585,33.34,0.07,774.50424,0.86326,False,0.79667,617.02249,1.08359,0.98968,False,0.0,False
2017-07-10,Public dataset: NREL PVDAQ (Photovoltaic Data Acquisition) via OEDI data lake,551.2,True,6.203,7.8598,0.78921,34.38,0.17,791.47653,0.69642,False,0.79712,630.90229,0.87367,0.98138,False,0.0,False
2017-07-11,Public dataset: NREL PVDAQ (Photovoltaic Data Acquisition) via OEDI data lake,679.8,True,6.3835,8.1101,0.7871,34.19,0.17,812.83725,0.83633,False,0.79757,648.29756,1.04859,0.97972,False,0.0,False
2017-07-12,Public dataset: NREL PVDAQ (Photovoltaic Data Acquisition) via OEDI data lake,775.3,True,6.8714,8.1583,0.84226,35.27,0.6,866.47407,0.89478,False,0.79803,691.46936,1.12124,0.97827,False,0.0,False
2017-07-13,Public dataset: NREL PVDAQ (Photovoltaic Data Acquisition) via OEDI data lake,801.4,True,7.6375,8.3479,0.9149,35.65,0.01,949.5279,0.844,True,0.79848,758.17865,1.05701,0.97972,False,0.0,False
2017-07-14,Public dataset: NREL PVDAQ (Photovoltaic Data Acquisition) via OEDI data lake,803.6,True,8.412,8.502,0.98941,36.27,0.0,1028.18407,0.78157,True,0.79893,821.44974,0.97827,0.97972,False,0.0,False
2017-07-15,Public dataset: NREL PVDAQ (Photovoltaic Data Acquisition) via OEDI data lake,779.475,True,8.4271,8.5186,0.98926,37.28,0.0,1025.23282,0.76029,True,0.79939,819.5563,0.95109,0.97972,False,0.0,False
2017-07-16,Public dataset: NREL PVDAQ (Photovoltaic Data Acquisition) via OEDI data lake,759.025,True,7.7604,8.2243,0.94359,35.47,0.36,967.59079,0.78445,True,0.79951,773.59797,0.98116,0.98116,False,0.0,False
2017-07-17,Public dataset: NREL PVDAQ (Photovoltaic Data Acquisition) via OEDI data lake,702.5,True,7.2816,8.1907,0.88901,35.5,0.15,913.05864,0.76939,True,0.79963,730.11213,0.96218,0.98116,False,0.0,False
2017-07-18,Public dataset: NREL PVDAQ (Photovoltaic Data Acquisition) via OEDI data lake,763.275,True,8.0014,8.5255,0.93853,34.48,0.97,1002.47982,0.76139,True,0.79976,801.74048,0.95202,0.98116,False,0.0,False
2017-07-19,Public dataset: NREL PVDAQ (Photovoltaic Data Acquisition) via OEDI data lake,342.775,True,5.443,7.9656,0.68331,28.79,6.97,729.20424,0.47007,False,0.79988,583.2767,0.58767,0.98116,False,0.0,False
2017-07-20,Public dataset: NREL PVDAQ (Photovoltaic Data Acquisition) via OEDI data lake,513.025,True,6.9118,8.3892,0.82389,28.69,0.2,908.92373,0.56443,False,0.80001,727.14354,0.70553,0.98674,False,0.0,False
2017-07-21,Public dataset: NREL PVDAQ (Photovoltaic Data Acquisition) via OEDI data lake,814.125,True,8.105,8.3371,0.97216,32.34,0.0,1017.12698,0.80042,True,0.80013,813.8327,1.00036,0.97972,False,0.0,False
2017-07-22,Public dataset: NREL PVDAQ (Photovoltaic Data Acquisition) via OEDI data lake,759.025,True,7.6121,8.0671,0.9436,34.82,0.0,955.83204,0.7941,True,0.80025,764.90727,0.99231,0.98674,False,0.0,False
2017-07-23,Public dataset: NREL PVDAQ (Photovoltaic Data Acquisition) via OEDI data lake,787.975,True,7.5511,8.1797,0.92315,35.33,0.18,949.06823,0.83026,True,0.80038,759.6121,1.03734,0.99633,False,0.0,False
2017-07-24,Public dataset: NREL PVDAQ (Photovoltaic Data Acquisition) via OEDI data lake,494.275,True,3.9463,7.8578,0.50221,31.83,1.73,523.37877,0.94439,False,0.8005,418.96501,1.17975,0.99633,False,0.0,False
2017-07-25,Public dataset: NREL PVDAQ (Photovoltaic Data Acquisition) via OEDI data lake,499.425,True,5.2382,7.8715,0.66546,27.94,11.9,705.87465,0.70753,False,0.80062,565.14052,0.88372,1.00768,False,0.0,False
2017-07-26,Public dataset: NREL PVDAQ (Photovoltaic Data Acquisition) via OEDI data lake,782.8,True,6.5962,7.8802,0.83706,30.38,0.6,863.86354,0.90616,False,0.80075,691.73733,1.13164,1.02569,False,0.0,False
2017-07-27,Public dataset: NREL PVDAQ (Photovoltaic Data Acquisition) via OEDI data lake,779.3,True,7.3392,8.2154,0.89335,33.37,0.17,938.90029,0.83001,True,0.80087,751.93921,1.03639,1.02569,False,0.0,False
2017-07-28,Public dataset: NREL PVDAQ (Photovoltaic Data Acquisition) via OEDI data lake,791.05,True,8.1684,8.4365,0.96822,34.18,0.0,1023.92929,0.77256,True,0.801,820.16344,0.9645,1.02569,False,0.0,False
2017-07-29,Public dataset: NREL PVDAQ (Photovoltaic Data Acquisition) via OEDI data lake,795.275,True,7.2086,7.9836,0.90293,32.97,0.54,923.41966,0.86123,True,0.80112,739.77002,1.07503,1.02592,False,0.0,False
2017-07-30,Public dataset: NREL PVDAQ (Photovoltaic Data Acquisition) via OEDI data lake,729.8,True,7.0022,8.028,0.87222,33.57,0.01,897.37293,0.81326,True,0.80124,719.01463,1.015,1.03639,False,0.0,False
2017-07-31,Public dataset: NREL PVDAQ (Photovoltaic Data Acquisition) via OEDI data lake,657.95,True,7.2554,8.0143,0.90531,34.42,0.5,925.8847,0.71062,True,0.80137,741.97423,0.88676,1.03639,False,0.0,False
2017-08-01,Public dataset: NREL PVDAQ (Photovoltaic Data Acquisition) via OEDI data lake,778.875,True,7.3442,8.1341,0.90289,35.91,0.01,929.75707,0.83772,True,0.80149,745.19261,1.0452,1.02592,False,0.0,False
2017-08-02,Public dataset: NREL PVDAQ (Photovoltaic Data Acquisition) via OEDI data lake,771.1,True,7.1167,7.7083,0.92325,33.85,0.16,917.07099,0.84083,True,0.80162,735.13844,1.04892,1.01546,False,0.0,False
2017-08-03,Public dataset: NREL PVDAQ (Photovoltaic Data Acquisition) via OEDI data lake,675.25,True,6.3929,7.6618,0.83439,30.85,1.21,846.41138,0.79778,False,0.80174,678.60146,0.99506,1.01523,False,0.0,False
2017-08-04,Public dataset: NREL PVDAQ (Photovoltaic Data Acquisition) via OEDI data lake,466.05,True,3.9005,7.4827,0.52127,30.15,3.5,526.95349,0.88442,False,0.80186,422.54473,1.10296,1.015,False,0.0,False
2017-08-05,Public dataset: NREL PVDAQ (Photovoltaic Data Acquisition) via OEDI data lake,762.875,True,7.1592,7.4306,0.96348,30.76,0.33,936.74759,0.81439,True,0.80199,751.25969,1.01546,1.01546,False,0.0,False
2017-08-06,Public dataset: NREL PVDAQ (Photovoltaic Data Acquisition) via OEDI data lake,726.475,True,6.1486,7.4988,0.81994,32.2,0.0,806.05675,0.90127,False,0.80211,646.54715,1.12362,1.015,False,0.0,False
2017-08-07,Public dataset: NREL PVDAQ (Photovoltaic Data Acquisition) via OEDI data lake,794.925,True,6.8342,7.6882,0.88892,33.36,0.0,890.57576,0.8926,True,0.80224,714.45114,1.11264,1.01546,False,0.0,False
2017-08-08,Public dataset: NREL PVDAQ (Photovoltaic Data Acquisition) via OEDI data lake,800.625,True,7.7314,8.0119,0.96499,33.58,0.0,987.27034,0.81095,True,0.80236,792.14524,1.0107,1.01546,False,0.0,False
2017-08-09,Public dataset: NREL PVDAQ (Photovoltaic Data Acquisition) via OEDI data lake,820.425,True,7.9541,8.1278,0.97863,33.71,0.0,1010.38202,0.81199,True,0.80248,810.81428,1.01185,1.01185,False,0.0,False
2017-08-10,Public dataset: NREL PVDAQ (Photovoltaic Data Acquisition) via OEDI data lake,801.825,True,8.075,8.1624,0.98929,34.04,0.0,1020.93161,0.78539,True,0.80261,819.40663,0.97854,1.0107,False,0.0,False
2017-08-11,Public dataset: NREL PVDAQ (Photovoltaic Data Acquisition) via OEDI data lake,673.1,True,6.4915,7.7609,0.83644,33.53,0.82,843.89366,0.79761,False,0.80273,677.41933,0.99362,1.01128,False,0.0,False
2017-08-12,Public dataset: NREL PVDAQ (Photovoltaic Data Acquisition) via OEDI data lake,779.55,True,7.1429,7.9663,0.89664,34.71,2.18,921.13172,0.8463,True,0.80285,739.53481,1.05411,1.0107,False,0.0,False
2017-08-13,Public dataset: NREL PVDAQ (Photovoltaic Data Acquisition) via OEDI data lake,810.175,True,8.0398,8.1233,0.98972,32.61,0.03,1032.58774,0.78461,True,0.80298,829.14572,0.97712,1.00396,False,0.0,False
2017-08-14,Public dataset: NREL PVDAQ (Photovoltaic Data Acquisition) via OEDI data lake,820.6,True,7.5569,7.9944,0.94527,31.09,0.0,982.3631,0.83533,True,0.8031,788.93812,1.04013,1.00396,False,0.0,False
2017-08-15,Public dataset: NREL PVDAQ (Photovoltaic Data Acquisition) via OEDI data lake,789.075,True,7.5096,7.6649,0.97974,29.91,0.0,990.26564,0.79683,True,0.80323,795.40736,0.99204,1.00396,False,0.0,False
2017-08-16,Public dataset: NREL PVDAQ (Photovoltaic Data Acquisition) via OEDI data lake,801.2,True,7.5715,7.6418,0.9908,30.1,0.0,994.47039,0.80565,True,0.80248,798.04218,1.00396,0.99976,False,0.0,False
2017-08-17,Public dataset: NREL PVDAQ (Photovoltaic Data Acquisition) via OEDI data lake,781.575,True,7.507,7.8127,0.96087,31.9,0.0,979.20428,0.79817,True,0.80173,785.06029,0.99556,0.9938,False,0.0,False
2017-08-18,Public dataset: NREL PVDAQ (Photovoltaic Data Acquisition) via OEDI data lake,779.9,True,7.3188,7.649,0.95683,32.33,0.0,952.1149,0.81912,True,0.80099,762.63093,1.02264,0.99976,False,0.0,False
2017-08-19,Public dataset: NREL PVDAQ (Photovoltaic Data Acquisition) via OEDI data lake,789.225,True,7.693,7.7362,0.99442,32.29,0.0,997.23216,0.79142,True,0.80024,798.02462,0.98897,1.00396,False,0.0,False
2017-08-20,Public dataset: NREL PVDAQ (Photovoltaic Data Acquisition) via OEDI data lake,760.625,True,7.3642,7.4966,0.98234,32.32,0.0,961.52884,0.79106,True,0.79949,768.73546,0.98945,0.99976,False,0.0,False
2017-08-21,Public dataset: NREL PVDAQ (Photovoltaic Data Acquisition) via OEDI data lake,499.0,True,4.7501,7.1484,0.6645,30.48,1.2,640.65584,0.77889,False,0.79875,511.72142,0.97514,1.00396,False,0.0,False
2017-08-22,Public dataset: NREL PVDAQ (Photovoltaic Data Acquisition) via OEDI data lake,778.45,True,6.906,7.4064,0.93244,31.07,0.0,919.34942,0.84674,True,0.798,733.64041,1.06108,0.99976,False,0.0,False
2017-08-23,Public dataset: NREL PVDAQ (Photovoltaic Data Acquisition) via OEDI data lake,475.5,True,5.5963,7.4107,0.75516,33.08,0.47,741.44191,0.64132,False,0.79725,591.11668,0.80441,1.00396,False,0.0,False
2017-08-24,Public dataset: NREL PVDAQ (Photovoltaic Data Acquisition) via OEDI data lake,599.6,True,6.3281,7.2043,0.87838,28.22,5.33,862.36262,0.6953,True,0.79651,686.87716,0.87294,1.02264,False,0.0,False
2017-08-25,Public dataset: NREL PVDAQ (Photovoltaic Data Acquisition) via OEDI data lake,756.425,True,6.6161,7.278,0.90905,31.31,0.0,884.12818,0.85556,True,0.79576,703.55341,1.07515,1.03255,False,0.0,False
2017-08-26,Public dataset: NREL PVDAQ (Photovoltaic Data Acquisition) via OEDI data lake,737.925,True,6.4498,7.2874,0.88506,33.92,0.08,854.33381,0.86374,True,0.79501,679.20634,1.08645,1.03255,False,0.0,False
2017-08-27,Public dataset: NREL PVDAQ (Photovoltaic Data Acquisition) via OEDI data lake,696.15,True,5.9052,7.3414,0.80437,35.24,0.0,778.43837,0.89429,False,0.79427,618.28725,1.12593,1.03255,False,0.0,False
2017-08-28,Public dataset: NREL PVDAQ (Photovoltaic Data Acquisition) via OEDI data lake,664.425,True,6.0806,7.2958,0.83344,35.46,0.03,801.64124,0.82883,False,0.79352,636.11794,1.0445,1.03255,False,0.0,False
2017-08-29,Public dataset: NREL PVDAQ (Photovoltaic Data Acquisition) via OEDI data lake,616.65,True,5.3549,6.9122,0.7747,34.2,0.95,713.66899,0.86406,False,0.79277,565.77737,1.08992,1.03255,False,0.0,False
2017-08-30,Public dataset: NREL PVDAQ (Photovoltaic Data Acquisition) via OEDI data lake,670.8,True,5.1408,6.8402,0.75156,34.14,0.18,684.44961,0.98006,False,0.79203,542.10197,1.23741,1.01903,False,0.0,False
2017-08-31,Public dataset: NREL PVDAQ (Photovoltaic Data Acquisition) via OEDI data lake,694.7,True,5.9844,6.7222,0.89024,31.11,0.51,822.16424,0.84496,True,0.79128,650.56167,1.06785,1.0055,False,0.0,False
2017-09-01,Public dataset: NREL PVDAQ (Photovoltaic Data Acquisition) via OEDI data lake,726.9,True,6.6542,6.8222,0.97537,32.75,0.17,890.51869,0.81627,True,0.79053,703.98422,1.03255,1.01903,False,0.0,False
2017-09-02,Public dataset: NREL PVDAQ (Photovoltaic Data Acquisition) via OEDI data lake,717.7,True,6.7702,6.9602,0.9727,33.36,0.61,903.7552,0.79413,True,0.78979,713.77331,1.0055,1.0055,False,0.0,False
2017-09-03,Public dataset: NREL PVDAQ (Photovoltaic Data Acquisition) via OEDI data lake,611.075,True,6.1392,6.57,0.93443,33.05,0.01,831.62848,0.73479,True,0.78904,656.18766,0.93125,1.0055,False,0.0,False
2017-09-04,Public dataset: NREL PVDAQ (Photovoltaic Data Acquisition) via OEDI data lake,523.45,True,6.1471,6.822,0.90107,33.72,0.02,827.31107,0.63271,True,0.78829,652.16333,0.80264,1.01903,False,0.0,False
2017-09-05,Public dataset: NREL PVDAQ (Photovoltaic Data Acquisition) via OEDI data lake,613.3,True,5.3762,6.5774,0.81737,34.12,0.02,718.75779,0.85328,False,0.78755,566.05488,1.08346,1.03255,False,0.0,False
2017-09-06,Public dataset: NREL PVDAQ (Photovoltaic Data Acquisition) via OEDI data lake,517.675,True,4.6354,6.623,0.69989,32.26,0.79,627.60004,0.82485,False,0.7868,493.79534,1.04836,1.03255,False,0.0,False
2017-09-07,Public dataset: NREL PVDAQ (Photovoltaic Data Acquisition) via OEDI data lake,543.7,True,5.7118,6.6029,0.86504,31.19,1.8,777.94755,0.69889,True,0.78605,611.5078,0.88911,1.0329,False,0.0,False
2017-09-08,Public dataset: NREL PVDAQ (Photovoltaic Data Acquisition) via OEDI data lake,430.9,True,4.1518,6.4601,0.64268,27.97,1.38,578.45387,0.74492,False,0.78531,454.26333,0.94857,1.0329,False,0.0,False
2017-09-09,Public dataset: NREL PVDAQ (Photovoltaic Data Acquisition) via OEDI data lake,570.3,True,5.2673,6.5928,0.79895,24.07,11.16,754.07538,0.75629,False,0.78456,591.61692,0.96397,1.01938,False,0.0,False
2017-09-10,Public dataset: NREL PVDAQ (Photovoltaic Data Acquisition) via OEDI data lake,729.6,True,6.4258,6.5587,0.97974,27.76,0.01,900.87709,0.80988,True,0.78381,706.11892,1.03325,1.03722,False,0.0,False
2017-09-11,Public dataset: NREL PVDAQ (Photovoltaic Data Acquisition) via OEDI data lake,686.85,True,5.6815,6.5378,0.86902,31.16,0.02,782.57772,0.87768,True,0.78307,612.81003,1.12082,1.03722,False,0.0,False
2017-09-12,Public dataset: NREL PVDAQ (Photovoltaic Data Acquisition) via OEDI data lake,720.6,True,6.0461,6.5446,0.92383,31.61,0.0,832.51722,0.86557,True,0.78232,651.29434,1.10641,1.03722,False,0.0,False
2017-09-13,Public dataset: NREL PVDAQ (Photovoltaic Data Acquisition) via OEDI data lake,666.475,True,5.0527,6.5678,0.76931,30.67,0.38,700.44957,0.9515,False,0.78157,547.45225,1.21741,1.03325,False,0.0,False
2017-09-14,Public dataset: NREL PVDAQ (Photovoltaic Data Acquisition) via OEDI data lake,739.9,True,6.3722,6.8014,0.9369,25.62,0.02,910.0983,0.81299,True,0.78083,710.62842,1.04119,1.03722,False,0.0,False
2017-09-15,Public dataset: NREL PVDAQ (Photovoltaic Data Acquisition) via OEDI data lake,696.45,True,5.8776,6.4733,0.90798,25.51,0.05,841.67212,0.82746,True,0.78008,656.57103,1.06074,1.03722,False,0.0,False
2017-09-16,Public dataset: NREL PVDAQ (Photovoltaic Data Acquisition) via OEDI data lake,676.025,True,6.3622,6.4906,0.98022,25.67,0.0,912.10332,0.74117,True,0.77928,710.78199,0.9511,1.03722,False,0.0,False
2017-09-17,Public dataset: NREL PVDAQ (Photovoltaic Data Acquisition) via OEDI data lake,706.725,True,6.0094,6.3341,0.94874,27.08,0.0,856.8428,0.8248,True,0.77848,667.03201,1.05951,1.03325,False,0.0,False
2017-09-18,Public dataset: NREL PVDAQ (Photovoltaic Data Acquisition) via OEDI data lake,721.65,True,6.427,6.5066,0.98777,26.45,0.0,912.79152,0.7906,True,0.77768,709.85527,1.01662,1.01662,False,0.0,False
2017-09-19,Public dataset: NREL PVDAQ (Photovoltaic Data Acquisition) via OEDI data lake,684.825,True,6.0444,6.5474,0.92318,24.95,0.0,871.65213,0.78566,True,0.77687,677.16365,1.01131,1.01444,False,0.0,False
2017-09-20,Public dataset: NREL PVDAQ (Photovoltaic Data Acquisition) via OEDI data lake,720.55,True,6.4315,6.461,0.99543,24.81,0.0,925.67564,0.7784,True,0.77607,718.39125,1.003,1.01444,False,0.0,False
2017-09-21,Public dataset: NREL PVDAQ (Photovoltaic Data Acquisition) via OEDI data lake,779.375,True,5.4178,6.3502,0.85317,21.35,0.0,796.00069,0.97911,True,0.77527,617.1162,1.26293,1.01288,False,0.0,False
2017-09-22,Public dataset: NREL PVDAQ (Photovoltaic Data Acquisition) via OEDI data lake,746.5,True,6.3449,6.4922,0.97731,18.02,0.0,950.16574,0.78565,True,0.77447,735.87442,1.01444,1.00747,False,0.0,False
2017-09-23,Public dataset: NREL PVDAQ (Photovoltaic Data Acquisition) via OEDI data lake,661.975,True,5.3345,6.4409,0.82822,17.3,0.0,802.66363,0.82472,False,0.77367,620.99527,1.06599,1.00747,False,0.0,False
2017-09-24,Public dataset: NREL PVDAQ (Photovoltaic Data Acquisition) via OEDI data lake,746.8,True,6.4714,6.4987,0.9958,17.24,0.0,976.17416,0.76503,True,0.77287,754.45253,0.98986,1.00747,False,0.0,False
2017-09-25,Public dataset: NREL PVDAQ (Photovoltaic Data Acquisition) via OEDI data lake,732.875,True,6.3036,6.3622,0.99079,18.74,0.0,945.80977,0.77487,True,0.77207,730.22693,1.00363,1.00688,False,0.0,False
2017-09-26,Public dataset: NREL PVDAQ (Photovoltaic Data Acquisition) via OEDI data lake,635.15,True,5.7151,6.2081,0.92059,19.69,0.0,860.80248,0.73786,True,0.77126,663.9059,0.95669,1.00688,False,0.0,False
2017-09-27,Public dataset: NREL PVDAQ (Photovoltaic Data Acquisition) via OEDI data lake,703.375,True,6.0293,6.0701,0.99328,21.81,0.0,896.36938,0.78469,True,0.77046,690.61901,1.01847,1.00341,False,0.0,False
2017-09-28,Public dataset: NREL PVDAQ (Photovoltaic Data Acquisition) via OEDI data lake,683.775,True,5.9904,6.0226,0.99465,22.95,0.0,891.80827,0.76673,True,0.76966,686.39015,0.99619,1.00341,False,0.0,False
2017-09-29,Public dataset: NREL PVDAQ (Photovoltaic Data Acquisition) via OEDI data lake,668.8,True,5.8519,5.9422,0.9848,24.46,0.0,867.08342,0.77132,True,0.76886,666.66552,1.0032,0.9997,False,0.0,False
2017-09-30,Public dataset: NREL PVDAQ (Photovoltaic Data Acquisition) via OEDI data lake,692.45,True,5.952,5.9892,0.99379,25.54,0.0,873.88697,0.79238,True,0.76806,671.19616,1.03167,0.9997,False,0.0,False
2017-10-01,Public dataset: NREL PVDAQ (Photovoltaic Data Acquisition) via OEDI data lake,659.225,True,5.8764,5.9378,0.98966,24.51,0.0,872.20506,0.75581,True,0.76726,669.20537,0.98509,0.99619,False,0.0,False
2017-10-02,Public dataset: NREL PVDAQ (Photovoltaic Data Acquisition) via OEDI data lake,718.8,True,6.0586,6.0792,0.99661,19.31,0.0,928.41457,0.77422,True,0.76646,711.58848,1.01013,1.0032,False,0.0,False
2017-10-03,Public dataset: NREL PVDAQ (Photovoltaic Data Acquisition) via OEDI data lake,692.95,True,5.789,5.8162,0.99532,19.9,0.0,883.28879,0.78451,True,0.76565,676.2937,1.02463,1.0032,False,0.0,False
2017-10-04,Public dataset: NREL PVDAQ (Photovoltaic Data Acquisition) via OEDI data lake,676.575,True,5.9266,5.9542,0.99536,20.2,0.0,908.61513,0.74462,True,0.76485,694.95675,0.97355,1.00498,False,0.0,False
2017-10-05,Public dataset: NREL PVDAQ (Photovoltaic Data Acquisition) via OEDI data lake,669.675,True,5.903,5.9345,0.99469,21.51,0.0,899.33811,0.74463,True,0.76405,687.14047,0.97458,1.0032,False,0.0,False
2017-10-06,Public dataset: NREL PVDAQ (Photovoltaic Data Acquisition) via OEDI data lake,666.2,True,5.7715,5.7977,0.99548,20.92,0.0,886.3126,0.75165,True,0.76325,676.47802,0.98481,1.0032,False,0.0,False
2017-10-07,Public dataset: NREL PVDAQ (Photovoltaic Data Acquisition) via OEDI data lake,659.95,True,5.6431,5.7,0.99002,21.89,0.0,861.28112,0.76624,True,0.76245,656.68251,1.00498,0.9958,False,0.0,False
2017-10-08,Public dataset: NREL PVDAQ (Photovoltaic Data Acquisition) via OEDI data lake,641.675,True,5.6321,5.6686,0.99356,22.92,0.0,856.08008,0.74955,True,0.76165,652.03093,0.98412,0.9958,False,0.0,False
2017-10-09,Public dataset: NREL PVDAQ (Photovoltaic Data Acquisition) via OEDI data lake,721.425,True,5.7269,5.7593,0.99437,15.89,0.0,910.5812,0.79227,True,0.76085,692.81181,1.0413,1.00056,False,0.0,False
2017-10-10,Public dataset: NREL PVDAQ (Photovoltaic Data Acquisition) via OEDI data lake,679.875,True,5.5531,5.5997,0.99168,17.27,0.0,878.27737,0.7741,True,0.76004,667.52972,1.01849,1.00056,False,0.0,False
2017-10-11,Public dataset: NREL PVDAQ (Photovoltaic Data Acquisition) via OEDI data lake,664.525,True,5.3825,5.4235,0.99244,20.33,0.0,833.98299,0.79681,True,0.75924,633.19568,1.04948,0.99818,False,0.0,False
2017-10-12,Public dataset: NREL PVDAQ (Photovoltaic Data Acquisition) via OEDI data lake,632.5,True,5.471,5.4989,0.99493,20.91,0.0,852.70177,0.74176,True,0.75844,646.72442,0.97801,0.99818,False,0.0,False
2017-10-13,Public dataset: NREL PVDAQ (Photovoltaic Data Acquisition) via OEDI data lake,631.15,True,5.3561,5.417,0.98876,20.52,0.0,836.56188,0.75446,True,0.75764,633.81284,0.9958,1.00277,False,0.0,False
2017-10-14,Public dataset: NREL PVDAQ (Photovoltaic Data Acquisition) via OEDI data lake,663.75,True,5.5906,5.6208,0.99463,17.76,0.0,887.93687,0.74752,True,0.75684,672.02499,0.98769,1.01074,False,0.0,False
2017-10-15,Public dataset: NREL PVDAQ (Photovoltaic Data Acquisition) via OEDI data lake,650.725,True,5.3587,5.3854,0.99504,16.78,0.0,860.22546,0.75646,True,0.75604,650.36254,1.00056,1.01068,False,0.0,False
2017-10-16,Public dataset: NREL PVDAQ (Photovoltaic Data Acquisition) via OEDI data lake,623.475,True,5.0479,5.1713,0.97614,20.1,0.0,796.09083,0.78317,True,0.75572,601.61941,1.03633,1.01068,False,0.0,False
2017-10-17,Public dataset: NREL PVDAQ (Photovoltaic Data Acquisition) via OEDI data lake,607.175,True,4.8583,5.0254,0.96675,22.84,0.0,756.96032,0.80212,True,0.7554,571.80539,1.06186,1.00475,False,0.0,False
2017-10-18,Public dataset: NREL PVDAQ (Photovoltaic Data Acquisition) via OEDI data lake,354.5,True,3.4082,4.7532,0.71703,20.74,0.0,520.70026,0.68081,False,0.75508,393.16854,0.90165,1.0026,False,0.0,False
2017-10-19,Public dataset: NREL PVDAQ (Photovoltaic Data Acquisition) via OEDI data lake,541.525,True,4.7119,4.8314,0.97527,23.56,0.01,734.725,0.73704,True,0.75476,554.53828,0.97653,0.99906,False,0.0,False
2017-10-20,Public dataset: NREL PVDAQ (Photovoltaic Data Acquisition) via OEDI data lake,608.925,True,4.7719,5.0124,0.95202,19.07,0.02,770.15062,0.79066,True,0.75444,581.02933,1.04801,0.99906,False,0.0,False
2017-10-21,Public dataset: NREL PVDAQ (Photovoltaic Data Acquisition) via OEDI data lake,625.15,True,4.9524,4.9834,0.99378,16.08,0.0,815.5262,0.76656,True,0.75412,615.00112,1.0165,0.99906,False,0.0,False
2017-10-22,Public dataset: NREL PVDAQ (Photovoltaic Data Acquisition) via OEDI data lake,592.3,True,4.8326,4.8667,0.99299,19.65,0.0,781.95823,0.75746,True,0.7538,589.43655,1.00486,0.99906,False,0.0,False
2017-10-23,Public dataset: NREL PVDAQ (Photovoltaic Data Acquisition) via OEDI data lake,574.15,True,4.7868,4.8182,0.99348,22.45,0.0,763.86537,0.75164,True,0.75348,575.55359,0.99756,0.99763,False,0.0,False
2017-10-24,Public dataset: NREL PVDAQ (Photovoltaic Data Acquisition) via OEDI data lake,582.175,True,4.7623,4.7894,0.99434,21.85,0.0,769.41086,0.75665,True,0.75315,579.48557,1.00464,0.99387,False,0.0,False
2017-10-25,Public dataset: NREL PVDAQ (Photovoltaic Data Acquisition) via OEDI data lake,556.775,True,4.7839,4.8036,0.9959,21.61,0.0,775.79009,0.71769,True,0.75283,584.04166,0.95331,0.98909,False,0.0,False
2017-10-26,Public dataset: NREL PVDAQ (Photovoltaic Data Acquisition) via OEDI data lake,563.1,True,4.6795,4.7258,0.9902,22.17,0.0,757.37161,0.74349,True,0.75251,569.93303,0.98801,0.99018,False,0.0,False
2017-10-27,Public dataset: NREL PVDAQ (Photovoltaic Data Acquisition) via OEDI data lake,563.45,True,4.7546,4.7779,0.99512,19.94,0.0,779.92942,0.72244,True,0.75219,586.65832,0.96044,0.99756,False,0.0,False
2017-10-28,Public dataset: NREL PVDAQ (Photovoltaic Data Acquisition) via OEDI data lake,549.775,True,4.5377,4.555,0.9962,20.27,0.0,743.02933,0.73991,True,0.75187,558.66432,0.98409,0.99018,False,0.0,False
2017-10-29,Public dataset: NREL PVDAQ (Photovoltaic Data Acquisition) via OEDI data lake,544.55,True,4.4758,4.5072,0.99303,21.43,0.0,731.7534,0.74417,True,0.75155,549.95189,0.99018,0.98801,True,0.01199,False
2017-10-30,Public dataset: NREL PVDAQ (Photovoltaic Data Acquisition) via OEDI data lake,488.925,True,4.0358,4.4256,0.91192,22.33,0.0,652.33356,0.7495,True,0.75123,490.0547,0.99769,0.98742,True,0.01258,False
2017-10-31,Public dataset: NREL PVDAQ (Photovoltaic Data Acquisition) via OEDI data lake,518.275,True,4.2794,4.3159,0.99154,20.3,0.0,705.71932,0.73439,True,0.75091,529.93384,0.978,0.98546,True,0.01454,False
2017-11-01,Public dataset: NREL PVDAQ (Photovoltaic Data Acquisition) via OEDI data lake,524.2,True,4.2542,4.2756,0.99499,18.4,0.0,710.90195,0.73737,True,0.75059,533.59787,0.98239,0.98546,True,0.01454,False
2017-11-02,Public dataset: NREL PVDAQ (Photovoltaic Data Acquisition) via OEDI data lake,525.675,True,3.9576,4.2511,0.93096,17.49,0.0,659.91724,0.79658,True,0.75027,495.11776,1.06172,0.98685,True,0.01315,False
2017-11-03,Public dataset: NREL PVDAQ (Photovoltaic Data Acquisition) via OEDI data lake,512.475,True,3.8376,4.243,0.90445,15.4,0.0,649.12179,0.78949,True,0.74995,486.81034,1.05272,0.98685,True,0.01315,False
2017-11-04,Public dataset: NREL PVDAQ (Photovoltaic Data Acquisition) via OEDI data lake,484.025,True,4.0104,4.1791,0.95963,17.27,0.0,672.56978,0.71967,True,0.74963,504.17981,0.96002,0.98685,True,0.01315,False
2017-11-05,Public dataset: NREL PVDAQ (Photovoltaic Data Acquisition) via OEDI data lake,523.5,True,4.1412,4.1964,0.98685,16.04,0.0,707.96316,0.73945,True,0.74931,530.48508,0.98683,0.98688,True,0.01312,False
2017-11-06,Public dataset: NREL PVDAQ (Photovoltaic Data Acquisition) via OEDI data lake,456.55,True,3.4704,4.2187,0.82262,16.01,0.0,577.4398,0.79065,False,0.74899,432.49747,1.05561,0.98685,True,0.01315,False
2017-11-07,Public dataset: NREL PVDAQ (Photovoltaic Data Acquisition) via OEDI data lake,489.625,True,4.2137,4.2694,0.98695,16.55,0.0,724.15226,0.67614,True,0.74867,542.15192,0.90311,0.98683,True,0.01317,False
2017-11-08,Public dataset: NREL PVDAQ (Photovoltaic Data Acquisition) via OEDI data lake,525.65,True,3.9257,4.1868,0.93764,14.06,0.0,680.71153,0.77221,True,0.74835,509.41109,1.03188,0.98685,True,0.01315,False
2017-11-09,Public dataset: NREL PVDAQ (Photovoltaic Data Acquisition) via OEDI data lake,514.375,True,4.0682,4.1117,0.98942,16.91,0.0,696.78276,0.73821,True,0.74803,521.21485,0.98688,0.98688,True,0.01312,False
2017-11-10,Public dataset: NREL PVDAQ (Photovoltaic Data Acquisition) via OEDI data lake,506.875,True,3.8381,4.0896,0.9385,16.61,0.0,658.38665,0.76987,True,0.74771,492.28253,1.02964,0.98683,True,0.01317,False
2017-11-11,Public dataset: NREL PVDAQ (Photovoltaic Data Acquisition) via OEDI data lake,493.075,True,4.0116,4.1136,0.9752,16.86,0.0,695.84151,0.7086,True,0.74739,520.06506,0.9481,0.96582,True,0.03418,False
2017-11-12,Public dataset: NREL PVDAQ (Photovoltaic Data Acquisition) via OEDI data lake,262.575,True,1.9548,3.8489,0.50789,15.07,0.0,297.42077,0.88284,False,0.74707,222.19409,1.18174,0.97998,True,0.02002,False
2017-11-13,Public dataset: NREL PVDAQ (Photovoltaic Data Acquisition) via OEDI data lake,416.975,True,3.2354,3.9701,0.81494,15.69,0.0,547.28477,0.7619,False,0.74675,408.68467,1.02029,0.9729,True,0.0271,False
2017-11-14,Public dataset: NREL PVDAQ (Photovoltaic Data Acquisition) via OEDI data lake,448.875,True,3.2923,3.8782,0.84892,16.25,0.0,560.28979,0.80115,False,0.74643,418.21672,1.07331,0.9729,True,0.0271,False
2017-11-15,Public dataset: NREL PVDAQ (Photovoltaic Data Acquisition) via OEDI data lake,333.3,True,3.1291,3.7874,0.82619,15.93,0.0,531.58863,0.62699,False,0.74611,396.62308,0.84034,0.97615,True,0.02385,False
2017-11-16,Public dataset: NREL PVDAQ (Photovoltaic Data Acquisition) via OEDI data lake,255.0,True,2.3515,3.6674,0.64119,18.45,0.0,364.69022,0.69922,False,0.74525,271.78427,0.93824,0.97232,True,0.02768,False
2017-11-17,Public dataset: NREL PVDAQ (Photovoltaic Data Acquisition) via OEDI data lake,316.425,True,3.4162,3.775,0.90495,17.81,0.0,591.89621,0.5346,True,0.74438,440.59857,0.71817,0.97232,True,0.02768,False
2017-11-18,Public dataset: NREL PVDAQ (Photovoltaic Data Acquisition) via OEDI data lake,511.425,True,3.882,3.9089,0.99312,9.67,0.0,712.18553,0.71811,True,0.74352,529.52614,0.96582,0.96582,True,0.03418,False
2017-11-19,Public dataset: NREL PVDAQ (Photovoltaic Data Acquisition) via OEDI data lake,495.25,True,3.7442,3.8582,0.97045,10.38,0.0,680.48084,0.72779,True,0.74266,505.36634,0.97998,0.97232,True,0.02768,False
2017-11-20,Public dataset: NREL PVDAQ (Photovoltaic Data Acquisition) via OEDI data lake,386.525,True,2.8824,3.623,0.79558,12.71,0.0,492.68955,0.78452,False,0.7418,365.47639,1.05759,0.97232,True,0.02768,False
2017-11-21,Public dataset: NREL PVDAQ (Photovoltaic Data Acquisition) via OEDI data lake,367.0,True,2.8435,3.5102,0.81007,17.03,0.0,478.33512,0.76724,False,0.74094,354.41593,1.03551,0.97095,True,0.02905,False
2017-11-22,Public dataset: NREL PVDAQ (Photovoltaic Data Acquisition) via OEDI data lake,439.375,True,3.4666,3.4942,0.9921,18.22,0.0,610.59333,0.71959,True,0.74007,451.88447,0.97232,0.96958,True,0.03042,False
2017-11-23,Public dataset: NREL PVDAQ (Photovoltaic Data Acquisition) via OEDI data lake,440.675,True,2.951,3.5098,0.84079,19.22,0.0,500.19907,0.881,False,0.73921,369.75329,1.19181,0.9677,True,0.0323,False
2017-11-24,Public dataset: NREL PVDAQ (Photovoltaic Data Acquisition) via OEDI data lake,414.2,True,3.0962,3.403,0.90984,18.42,0.0,536.98212,0.77135,True,0.73835,396.48084,1.04469,0.96689,True,0.03311,False
2017-11-25,Public dataset: NREL PVDAQ (Photovoltaic Data Acquisition) via OEDI data lake,428.05,True,3.3854,3.4517,0.98079,18.21,0.0,601.29487,0.71188,True,0.73749,443.44779,0.96528,0.96958,True,0.03042,False
2017-11-26,Public dataset: NREL PVDAQ (Photovoltaic Data Acquisition) via OEDI data lake,435.7,True,3.2297,3.4788,0.92839,17.96,0.0,566.9304,0.76852,True,0.73663,417.61566,1.0433,0.97095,True,0.02905,False
2017-11-27,Public dataset: NREL PVDAQ (Photovoltaic Data Acquisition) via OEDI data lake,385.725,True,2.8733,3.4903,0.82322,14.61,0.07,501.85891,0.76859,False,0.73576,369.24965,1.04462,0.96958,True,0.03042,False
2017-11-28,Public dataset: NREL PVDAQ (Photovoltaic Data Acquisition) via OEDI data lake,455.25,True,3.4548,3.5909,0.9621,11.31,0.0,638.90293,0.71255,True,0.7349,469.5309,0.96958,0.96824,True,0.03176,False
2017-11-29,Public dataset: NREL PVDAQ (Photovoltaic Data Acquisition) via OEDI data lake,414.9,True,3.2393,3.4666,0.93443,13.28,0.0,590.39899,0.70275,True,0.73404,433.37628,0.95737,0.96689,True,0.03311,False
2017-11-30,Public dataset: NREL PVDAQ (Photovoltaic Data Acquisition) via OEDI data lake,425.025,True,3.3552,3.3919,0.98918,13.13,0.0,617.64051,0.68814,True,0.73318,452.84017,0.93858,0.96528,True,0.03472,False
2017-12-01,Public dataset: NREL PVDAQ (Photovoltaic Data Acquisition) via OEDI data lake,431.3,True,3.3168,3.3799,0.98133,13.87,0.0,609.12327,0.70807,True,0.73232,446.0704,0.96689,0.96175,True,0.03825,False
2017-12-02,Public dataset: NREL PVDAQ (Photovoltaic Data Acquisition) via OEDI data lake,417.35,True,3.1356,3.4272,0.91492,13.77,0.0,571.94543,0.7297,True,0.73145,418.35142,0.99761,0.9578,True,0.0422,False
2017-12-03,Public dataset: NREL PVDAQ (Photovoltaic Data Acquisition) via OEDI data lake,432.2,True,2.7151,3.4498,0.78703,14.38,0.0,472.47691,0.91475,False,0.73059,345.18751,1.25207,0.95434,True,0.04566,False
2017-12-04,Public dataset: NREL PVDAQ (Photovoltaic Data Acquisition) via OEDI data lake,370.35,True,2.9014,3.4915,0.83099,7.88,0.0,543.11592,0.6819,False,0.72973,396.32754,0.93445,0.95434,True,0.04566,False
2017-12-05,Public dataset: NREL PVDAQ (Photovoltaic Data Acquisition) via OEDI data lake,469.025,True,3.4634,3.499,0.98983,6.47,0.0,671.5497,0.69842,True,0.72887,489.47047,0.95823,0.95737,True,0.04263,False
2017-12-06,Public dataset: NREL PVDAQ (Photovoltaic Data Acquisition) via OEDI data lake,445.25,True,3.3758,3.402,0.9923,8.08,0.0,648.13294,0.68697,True,0.728,471.84401,0.94364,0.95737,True,0.04263,False
2017-12-07,Public dataset: NREL PVDAQ (Photovoltaic Data Acquisition) via OEDI data lake,449.8,True,3.3823,3.4222,0.98834,8.29,0.0,650.2408,0.69174,True,0.72714,472.81797,0.95132,0.95132,True,0.04868,False
2017-12-08,Public dataset: NREL PVDAQ (Photovoltaic Data Acquisition) via OEDI data lake,437.125,True,3.3576,3.3811,0.99305,9.04,0.0,640.13026,0.68287,True,0.72628,464.91431,0.94023,0.95823,True,0.04177,False
2017-12-09,Public dataset: NREL PVDAQ (Photovoltaic Data Acquisition) via OEDI data lake,433.85,True,3.3386,3.3816,0.98728,9.17,0.0,637.37582,0.68068,True,0.72542,462.36434,0.93833,0.95477,True,0.04523,False
2017-12-10,Public dataset: NREL PVDAQ (Photovoltaic Data Acquisition) via OEDI data lake,409.475,True,3.2107,3.3139,0.96886,9.97,0.0,606.29034,0.67538,True,0.72456,439.29166,0.93213,0.95477,True,0.04523,False
2017-12-11,Public dataset: NREL PVDAQ (Photovoltaic Data Acquisition) via OEDI data lake,435.575,True,3.1709,3.3065,0.95899,9.65,0.0,597.17616,0.72939,True,0.72369,432.1731,1.00787,0.95823,True,0.04177,False
2017-12-12,Public dataset: NREL PVDAQ (Photovoltaic Data Acquisition) via OEDI data lake,427.125,True,3.1942,3.2513,0.98244,10.48,0.0,600.39286,0.71141,True,0.72283,433.98341,0.9842,0.95477,True,0.04523,False
2017-12-13,Public dataset: NREL PVDAQ (Photovoltaic Data Acquisition) via OEDI data lake,419.75,True,3.1735,3.246,0.97766,11.67,0.0,594.47908,0.70608,True,0.72197,429.19624,0.97799,0.94975,True,0.05025,False
2017-12-14,Public dataset: NREL PVDAQ (Photovoltaic Data Acquisition) via OEDI data lake,425.3,True,3.2786,3.3084,0.99099,10.68,0.0,624.24533,0.6813,True,0.72111,450.14843,0.9448,0.96388,True,0.03612,False
2017-12-15,Public dataset: NREL PVDAQ (Photovoltaic Data Acquisition) via OEDI data lake,420.625,True,3.1486,3.2141,0.97962,9.13,0.0,598.08911,0.70328,True,0.72025,430.77135,0.97645,0.96897,True,0.03103,False
2017-12-16,Public dataset: NREL PVDAQ (Photovoltaic Data Acquisition) via OEDI data lake,323.125,True,2.0554,3.0365,0.6769,9.08,0.0,343.62717,0.94034,False,0.72261,248.30998,1.3013,0.97645,True,0.02355,False
2017-12-17,Public dataset: NREL PVDAQ (Photovoltaic Data Acquisition) via OEDI data lake,439.575,True,3.1843,3.2004,0.99497,7.12,0.0,616.92419,0.71253,True,0.72498,447.2595,0.98282,0.97722,True,0.02278,False
2017-12-18,Public dataset: NREL PVDAQ (Photovoltaic Data Acquisition) via OEDI data lake,414.625,True,2.8951,3.1978,0.90534,7.54,0.0,548.05598,0.75654,True,0.72735,398.62924,1.04013,0.97799,True,0.02201,False
2017-12-19,Public dataset: NREL PVDAQ (Photovoltaic Data Acquisition) via OEDI data lake,413.125,True,3.1435,3.1805,0.98837,9.93,0.0,597.08534,0.6919,True,0.72972,435.70495,0.94818,0.97722,True,0.02278,False
2017-12-20,Public dataset: NREL PVDAQ (Photovoltaic Data Acquisition) via OEDI data lake,333.45,True,2.9772,3.1284,0.95167,9.13,0.04,554.11736,0.60177,True,0.73209,405.66274,0.82199,0.96897,True,0.03103,False
2017-12-21,Public dataset: NREL PVDAQ (Photovoltaic Data Acquisition) via OEDI data lake,459.5,True,3.1742,3.3439,0.94925,4.49,0.0,623.50542,0.73696,True,0.73446,457.93763,1.00341,0.95485,True,0.04515,False
2017-12-22,Public dataset: NREL PVDAQ (Photovoltaic Data Acquisition) via OEDI data lake,380.375,True,2.8183,3.2782,0.85971,4.63,0.0,536.90737,0.70846,True,0.73682,395.60673,0.9615,0.96897,True,0.03103,False
2017-12-23,Public dataset: NREL PVDAQ (Photovoltaic Data Acquisition) via OEDI data lake,336.575,True,2.555,3.2026,0.79779,6.33,0.0,464.88461,0.724,False,0.73919,343.63961,0.97944,0.9615,True,0.0385,False
2017-12-24,Public dataset: NREL PVDAQ (Photovoltaic Data Acquisition) via OEDI data lake,315.875,True,2.0981,3.1454,0.66704,8.85,0.0,356.4496,0.88617,False,0.74156,264.32938,1.19501,0.97086,True,0.02914,False
2017-12-25,Public dataset: NREL PVDAQ (Photovoltaic Data Acquisition) via OEDI data lake,317.625,True,2.1658,3.15,0.68756,11.23,0.0,370.49165,0.85731,False,0.74393,275.6199,1.1524,0.9615,True,0.0385,False
2017-12-26,Public dataset: NREL PVDAQ (Photovoltaic Data Acquisition) via OEDI data lake,253.2,True,2.3923,3.246,0.737,10.61,0.0,425.37225,0.59524,False,0.7463,317.45469,0.79759,0.95485,True,0.04515,False
2017-12-27,Public dataset: NREL PVDAQ (Photovoltaic Data Acquisition) via OEDI data lake,424.725,True,3.1747,3.2455,0.97819,10.05,0.0,600.70306,0.70705,True,0.74867,449.72653,0.94441,0.95485,True,0.04515,False
2017-12-28,Public dataset: NREL PVDAQ (Photovoltaic Data Acquisition) via OEDI data lake,416.925,True,3.114,3.2515,0.95771,11.54,0.0,585.45607,0.71214,True,0.75104,439.6982,0.94821,0.97086,True,0.02914,False
2017-12-29,Public dataset: NREL PVDAQ (Photovoltaic Data Acquisition) via OEDI data lake,424.35,True,3.0245,3.2182,0.93981,11.68,0.0,562.47732,0.75443,True,0.7534,423.77253,1.00136,0.96883,True,0.03117,False
2017-12-30,Public dataset: NREL PVDAQ (Photovoltaic Data Acquisition) via OEDI data lake,412.65,True,2.4934,3.1884,0.78202,11.41,0.0,434.24438,0.95027,False,0.75577,328.18981,1.25735,0.97616,True,0.02384,False
2017-12-31,Public dataset: NREL PVDAQ (Photovoltaic Data Acquisition) via OEDI data lake,395.875,True,2.8968,3.2045,0.90398,10.94,0.0,532.70368,0.74314,True,0.75814,403.86427,0.98022,0.96218,True,0.03782,False
2018-01-01,Public dataset: NREL PVDAQ (Photovoltaic Data Acquisition) via OEDI data lake,384.475,True,2.785,3.2971,0.84468,10.72,0.0,501.80236,0.76619,False,0.76051,381.62519,1.00747,0.96218,True,0.03782,False
2018-01-02,Public dataset: NREL PVDAQ (Photovoltaic Data Acquisition) via OEDI data lake,189.825,True,1.788,3.2798,0.54516,10.58,0.0,282.69176,0.67149,False,0.76288,215.65915,0.88021,0.96218,True,0.03782,False
2018-01-03,Public dataset: NREL PVDAQ (Photovoltaic Data Acquisition) via OEDI data lake,323.675,True,2.8428,3.1985,0.88879,10.78,0.0,516.94233,0.62613,True,0.76525,395.58794,0.81821,0.97616,True,0.02384,False
2018-01-04,Public dataset: NREL PVDAQ (Photovoltaic Data Acquisition) via OEDI data lake,399.45,True,2.7866,3.2088,0.86842,12.04,0.0,501.29541,0.79684,True,0.76761,384.80147,1.03807,0.97616,True,0.02384,False
2018-01-05,Public dataset: NREL PVDAQ (Photovoltaic Data Acquisition) via OEDI data lake,413.175,True,3.023,3.179,0.95093,13.04,0.0,549.71088,0.75162,True,0.76998,423.2678,0.97616,0.97616,True,0.02384,False
2018-01-06,Public dataset: NREL PVDAQ (Photovoltaic Data Acquisition) via OEDI data lake,209.475,True,2.0834,3.1685,0.65754,13.32,0.0,339.19303,0.61757,False,0.77235,261.97607,0.7996,0.94611,True,0.05389,False
2018-01-07,Public dataset: NREL PVDAQ (Photovoltaic Data Acquisition) via OEDI data lake,422.075,True,3.2832,3.4507,0.95146,10.97,0.02,608.20462,0.69397,True,0.77472,471.18791,0.89577,0.9392,True,0.0608,False
2018-01-08,Public dataset: NREL PVDAQ (Photovoltaic Data Acquisition) via OEDI data lake,81.9,True,0.9569,3.0816,0.31052,10.48,3.65,144.59844,,False,0.77709,112.36568,,0.9392,True,0.0608,False
2018-01-09,Public dataset: NREL PVDAQ (Photovoltaic Data Acquisition) via OEDI data lake,27.6,True,0.8962,3.2724,0.27387,8.02,30.86,138.0412,,False,0.77946,107.59707,,0.9392,True,0.0608,False
2018-01-10,Public dataset: NREL PVDAQ (Photovoltaic Data Acquisition) via OEDI data lake,431.575,True,2.9054,3.3617,0.86427,9.16,0.05,523.79162,0.82394,True,0.78182,409.51317,1.05387,0.9392,True,0.0608,False
2018-01-11,Public dataset: NREL PVDAQ (Photovoltaic Data Acquisition) via OEDI data lake,464.8,True,3.3761,3.4214,0.98676,11.06,0.02,626.47348,0.74193,True,0.78419,491.27612,0.94611,0.94611,True,0.05389,False
2018-01-12,Public dataset: NREL PVDAQ (Photovoltaic Data Acquisition) via OEDI data lake,459.525,True,3.4692,3.4946,0.99273,10.48,0.0,643.55,0.71405,True,0.78656,506.19159,0.90781,0.9392,True,0.0608,False
2018-01-13,Public dataset: NREL PVDAQ (Photovoltaic Data Acquisition) via OEDI data lake,465.625,True,3.4344,3.4778,0.98752,10.51,0.0,633.05995,0.73551,True,0.78893,499.43986,0.93229,0.93229,True,0.06771,False
2018-01-14,Public dataset: NREL PVDAQ (Photovoltaic Data Acquisition) via OEDI data lake,429.5,True,3.2316,3.4579,0.93456,11.26,0.0,584.77777,0.73447,True,0.7913,462.7336,0.92818,0.93578,True,0.06422,False
2018-01-15,Public dataset: NREL PVDAQ (Photovoltaic Data Acquisition) via OEDI data lake,448.1,True,3.2172,3.4426,0.93453,12.7,0.0,576.29943,0.77755,True,0.79367,457.38962,0.97969,0.93578,True,0.06422,False
2018-01-16,Public dataset: NREL PVDAQ (Photovoltaic Data Acquisition) via OEDI data lake,265.8,True,2.0064,3.5489,0.56536,10.77,0.0,329.39215,0.80694,False,0.79316,261.25976,1.01738,0.93229,True,0.06771,False
2018-01-17,Public dataset: NREL PVDAQ (Photovoltaic Data Acquisition) via OEDI data lake,421.1,True,2.8802,3.5369,0.81433,12.13,0.0,500.97346,0.84056,False,0.79265,397.09551,1.06045,0.93578,True,0.06422,False
2018-01-18,Public dataset: NREL PVDAQ (Photovoltaic Data Acquisition) via OEDI data lake,418.875,True,2.5759,3.504,0.73513,12.38,0.0,430.11888,0.97386,False,0.79214,340.71368,1.2294,0.93578,True,0.06422,False
2018-01-19,Public dataset: NREL PVDAQ (Photovoltaic Data Acquisition) via OEDI data lake,370.75,True,2.1569,3.4591,0.62354,12.95,0.01,344.25652,1.07696,False,0.79163,272.52344,1.36043,0.93035,True,0.06965,False
2018-01-20,Public dataset: NREL PVDAQ (Photovoltaic Data Acquisition) via OEDI data lake,309.9,True,2.0254,3.7742,0.53664,7.34,0.25,325.13929,0.95313,False,0.79112,257.22406,1.20479,0.93578,True,0.06422,False
2018-01-21,Public dataset: NREL PVDAQ (Photovoltaic Data Acquisition) via OEDI data lake,527.675,True,3.7874,3.8868,0.97443,5.0,0.0,710.58149,0.7426,True,0.79061,561.79296,0.93927,0.94996,True,0.05004,False
2018-01-22,Public dataset: NREL PVDAQ (Photovoltaic Data Acquisition) via OEDI data lake,498.6,True,3.6629,3.7546,0.97558,5.52,0.0,679.72968,0.73353,True,0.7901,537.05495,0.9284,0.96066,True,0.03934,False
2018-01-23,Public dataset: NREL PVDAQ (Photovoltaic Data Acquisition) via OEDI data lake,504.375,True,3.8273,3.858,0.99204,7.04,0.0,705.34729,0.71507,True,0.78959,556.93613,0.90562,0.93927,True,0.06073,False
2018-01-24,Public dataset: NREL PVDAQ (Photovoltaic Data Acquisition) via OEDI data lake,521.95,True,3.7207,3.8791,0.95917,7.88,0.0,677.22051,0.77072,True,0.78908,534.38249,0.97673,0.94996,True,0.05004,False
2018-01-25,Public dataset: NREL PVDAQ (Photovoltaic Data Acquisition) via OEDI data lake,537.7,True,3.5436,3.8849,0.91215,8.43,0.0,631.51709,0.85144,True,0.78857,497.99705,1.07973,0.94996,True,0.05004,False
2018-01-26,Public dataset: NREL PVDAQ (Photovoltaic Data Acquisition) via OEDI data lake,522.325,True,4.0018,4.0685,0.98361,6.79,0.0,732.78028,0.7128,True,0.78806,577.47714,0.90449,0.93927,True,0.06073,False
2018-01-27,Public dataset: NREL PVDAQ (Photovoltaic Data Acquisition) via OEDI data lake,508.55,True,3.6367,3.9694,0.91618,7.85,0.0,649.57515,0.7829,True,0.78755,511.57534,0.99409,0.93844,True,0.06156,False
2018-01-28,Public dataset: NREL PVDAQ (Photovoltaic Data Acquisition) via OEDI data lake,519.3,True,3.8628,3.9718,0.97256,10.92,0.0,686.83378,0.75608,True,0.78704,540.56864,0.96066,0.93927,True,0.06073,False
2018-01-29,Public dataset: NREL PVDAQ (Photovoltaic Data Acquisition) via OEDI data lake,481.525,True,3.3732,3.9758,0.84843,12.21,0.0,577.16877,0.83429,False,0.78653,453.9634,1.06071,0.93762,True,0.06238,False
2018-01-30,Public dataset: NREL PVDAQ (Photovoltaic Data Acquisition) via OEDI data lake,485.125,True,3.8023,3.9756,0.95641,13.3,0.0,658.24879,0.73699,True,0.78603,517.40036,0.93762,0.93762,True,0.06238,False
2018-01-31,Public dataset: NREL PVDAQ (Photovoltaic Data Acquisition) via OEDI data lake,501.55,True,3.8172,4.1244,0.92552,14.26,0.0,657.06042,0.76332,True,0.78552,516.13155,0.97175,0.93762,True,0.06238,False
2018-02-01,Public dataset: NREL PVDAQ (Photovoltaic Data Acquisition) via OEDI data lake,397.725,True,3.0118,4.0994,0.73469,14.4,0.0,491.7351,0.80882,False,0.78501,386.01536,1.03033,0.93418,True,0.06582,False
2018-02-02,Public dataset: NREL PVDAQ (Photovoltaic Data Acquisition) via OEDI data lake,509.575,True,4.0543,4.1054,0.98755,14.89,0.0,699.65601,0.72832,True,0.7845,548.87826,0.92839,0.93418,True,0.06582,False
2018-02-03,Public dataset: NREL PVDAQ (Photovoltaic Data Acquisition) via OEDI data lake,507.975,True,4.1162,4.2504,0.96843,14.85,0.0,708.82755,0.71664,True,0.78399,555.71223,0.9141,0.93418,True,0.06582,False
2018-02-04,Public dataset: NREL PVDAQ (Photovoltaic Data Acquisition) via OEDI data lake,530.675,True,4.0939,4.2967,0.9528,15.4,0.0,700.25739,0.75783,True,0.78348,548.63662,0.96726,0.93418,True,0.06582,False
2018-02-05,Public dataset: NREL PVDAQ (Photovoltaic Data Acquisition) via OEDI data lake,527.275,True,4.2874,4.3241,0.99151,15.19,0.0,732.76112,0.71957,True,0.78297,573.72931,0.91903,0.93274,True,0.06726,False
2018-02-06,Public dataset: NREL PVDAQ (Photovoltaic Data Acquisition) via OEDI data lake,561.95,True,4.4722,4.505,0.99272,13.02,0.0,771.15444,0.72871,True,0.78246,603.39727,0.93131,0.93274,True,0.06726,False
2018-02-07,Public dataset: NREL PVDAQ (Photovoltaic Data Acquisition) via OEDI data lake,554.45,True,4.4405,4.4671,0.99405,11.78,0.0,770.57683,0.71953,True,0.78195,602.55277,0.92017,0.93131,True,0.06869,False
2018-02-08,Public dataset: NREL PVDAQ (Photovoltaic Data Acquisition) via OEDI data lake,545.1,True,4.3817,4.4378,0.98736,14.4,0.0,746.70682,0.73001,True,0.78144,583.50724,0.93418,0.93131,True,0.06869,False
2018-02-09,Public dataset: NREL PVDAQ (Photovoltaic Data Acquisition) via OEDI data lake,542.45,True,4.1746,4.4954,0.92864,16.52,0.0,690.7236,0.78534,True,0.78093,539.4078,1.00564,0.93052,True,0.06948,False
2018-02-10,Public dataset: NREL PVDAQ (Photovoltaic Data Acquisition) via OEDI data lake,501.675,True,4.1834,4.6181,0.90587,15.07,0.0,691.41683,0.72558,True,0.78042,539.59696,0.92972,0.93274,True,0.06726,False
2018-02-11,Public dataset: NREL PVDAQ (Photovoltaic Data Acquisition) via OEDI data lake,586.55,True,4.5043,4.8235,0.93382,8.16,0.0,777.4179,0.75448,True,0.77991,606.31806,0.9674,0.93945,True,0.06055,False
2018-02-12,Public dataset: NREL PVDAQ (Photovoltaic Data Acquisition) via OEDI data lake,618.225,True,3.1032,4.5924,0.67573,10.15,2.8,501.67626,1.23232,False,0.7794,391.00812,1.58111,0.93418,True,0.06582,False
2018-02-13,Public dataset: NREL PVDAQ (Photovoltaic Data Acquisition) via OEDI data lake,478.25,True,3.5402,4.6882,0.75513,9.0,0.15,587.86654,0.81353,False,0.77889,457.88564,1.04447,0.94454,True,0.05546,False
2018-02-14,Public dataset: NREL PVDAQ (Photovoltaic Data Acquisition) via OEDI data lake,347.55,True,2.4958,4.6954,0.53154,10.66,0.07,382.15928,0.90944,False,0.77838,297.46684,1.16837,0.94463,True,0.05537,False
2018-02-15,Public dataset: NREL PVDAQ (Photovoltaic Data Acquisition) via OEDI data lake,592.625,True,4.7446,4.9718,0.9543,9.63,0.03,806.42155,0.73488,True,0.77788,627.2952,0.94473,0.94982,True,0.05018,False
2018-02-16,Public dataset: NREL PVDAQ (Photovoltaic Data Acquisition) via OEDI data lake,569.4,True,4.877,4.9999,0.97542,7.94,0.0,835.24053,0.68172,True,0.77796,649.78685,0.87629,0.95492,True,0.04508,False
2018-02-17,Public dataset: NREL PVDAQ (Photovoltaic Data Acquisition) via OEDI data lake,620.775,True,4.9517,4.9973,0.99088,10.15,0.0,835.52386,0.74298,True,0.77805,650.08138,0.95492,0.94473,True,0.05527,False
2018-02-18,Public dataset: NREL PVDAQ (Photovoltaic Data Acquisition) via OEDI data lake,606.15,True,4.9013,5.0006,0.98014,12.24,0.0,813.80444,0.74483,True,0.77814,633.25472,0.9572,0.95484,True,0.04516,False
2018-02-19,Public dataset: NREL PVDAQ (Photovoltaic Data Acquisition) via OEDI data lake,566.05,True,4.4633,5.2894,0.84382,5.53,0.0,757.64235,0.74712,False,0.77823,589.61988,0.96003,0.95484,True,0.04516,False
2018-02-20,Public dataset: NREL PVDAQ (Photovoltaic Data Acquisition) via OEDI data lake,674.525,True,5.3215,5.3592,0.99297,2.48,0.0,917.53306,0.73515,True,0.77832,714.13299,0.94454,0.95484,True,0.04516,False
2018-02-21,Public dataset: NREL PVDAQ (Photovoltaic Data Acquisition) via OEDI data lake,471.4,True,4.1765,5.1953,0.8039,4.4,0.0,701.73737,0.67176,False,0.77841,546.23744,0.86299,0.95488,True,0.04512,False
2018-02-22,Public dataset: NREL PVDAQ (Photovoltaic Data Acquisition) via OEDI data lake,628.775,True,4.3831,5.1377,0.85312,5.81,0.0,726.68227,0.86527,True,0.7785,565.71919,1.11146,0.95492,True,0.04508,False
2018-02-23,Public dataset: NREL PVDAQ (Photovoltaic Data Acquisition) via OEDI data lake,454.825,True,3.3235,5.3254,0.62408,4.15,0.08,533.1607,0.85307,False,0.77858,415.11073,1.09567,0.9572,True,0.0428,False
2018-02-24,Public dataset: NREL PVDAQ (Photovoltaic Data Acquisition) via OEDI data lake,617.975,True,5.0162,5.43,0.92379,3.69,0.0,848.42726,0.72838,True,0.77867,660.64768,0.93541,0.97416,True,0.02584,False
2018-02-25,Public dataset: NREL PVDAQ (Photovoltaic Data Acquisition) via OEDI data lake,685.025,True,5.4732,5.537,0.98848,5.19,0.0,921.24079,0.74359,True,0.77876,717.42734,0.95484,1.00376,False,0.0,False
2018-02-26,Public dataset: NREL PVDAQ (Photovoltaic Data Acquisition) via OEDI data lake,684.2,True,5.047,5.3798,0.93814,7.81,0.0,828.28215,0.82605,True,0.77885,645.10815,1.0606,1.00376,False,0.0,False
2018-02-27,Public dataset: NREL PVDAQ (Photovoltaic Data Acquisition) via OEDI data lake,319.175,True,2.2001,5.1677,0.42574,7.01,0.22,338.16911,0.94383,False,0.77894,263.41325,1.21169,0.99113,True,0.00887,False
2018-02-28,Public dataset: NREL PVDAQ (Photovoltaic Data Acquisition) via OEDI data lake,667.925,True,5.2639,5.4084,0.97328,7.54,0.0,865.05662,0.77212,True,0.77903,673.90343,0.99113,1.00376,False,0.0,False
2018-03-01,Public dataset: NREL PVDAQ (Photovoltaic Data Acquisition) via OEDI data lake,641.15,True,4.9999,5.4763,0.91301,9.33,0.0,809.64837,0.79189,True,0.77912,630.81066,1.01639,1.00376,False,0.0,False
2018-03-02,Public dataset: NREL PVDAQ (Photovoltaic Data Acquisition) via OEDI data lake,696.475,True,5.0431,5.5296,0.91202,11.51,0.0,806.97041,0.86307,True,0.77921,628.79579,1.10763,1.00376,False,0.0,False
2018-03-03,Public dataset: NREL PVDAQ (Photovoltaic Data Acquisition) via OEDI data lake,567.925,True,4.0802,5.6246,0.72542,10.54,0.02,639.53927,0.88802,False,0.77929,498.38925,1.13952,1.00376,False,0.0,False
2018-03-04,Public dataset: NREL PVDAQ (Photovoltaic Data Acquisition) via OEDI data lake,749.2,True,5.6724,5.916,0.95882,7.95,0.0,923.30308,0.81143,True,0.77938,719.60664,1.04112,1.01639,False,0.0,False
2018-03-05,Public dataset: NREL PVDAQ (Photovoltaic Data Acquisition) via OEDI data lake,723.1,True,5.9798,6.019,0.99349,7.5,0.0,970.15269,0.74535,True,0.77947,756.20647,0.95622,1.02214,False,0.0,False
2018-03-06,Public dataset: NREL PVDAQ (Photovoltaic Data Acquisition) via OEDI data lake,698.9,True,5.8212,5.9333,0.98111,9.14,0.0,931.03335,0.75067,True,0.77956,725.79664,0.96294,1.01639,False,0.0,False
2018-03-07,Public dataset: NREL PVDAQ (Photovoltaic Data Acquisition) via OEDI data lake,282.95,True,2.3345,5.8466,0.39929,9.71,0.0,350.40934,0.80748,False,0.77965,273.19629,1.0357,1.01639,False,0.0,False
2018-03-08,Public dataset: NREL PVDAQ (Photovoltaic Data Acquisition) via OEDI data lake,606.25,True,4.8912,5.9033,0.82855,13.04,0.0,766.19491,0.79125,False,0.77974,597.43106,1.01476,1.02214,False,0.0,False
2018-03-09,Public dataset: NREL PVDAQ (Photovoltaic Data Acquisition) via OEDI data lake,674.975,True,5.4874,5.8927,0.93122,15.53,0.0,842.06017,0.80158,True,0.77983,656.66075,1.02789,1.01976,False,0.0,False
2018-03-10,Public dataset: NREL PVDAQ (Photovoltaic Data Acquisition) via OEDI data lake,236.425,True,2.5212,5.7871,0.43566,15.36,9.87,367.62189,0.64312,False,0.77992,286.71386,0.8246,1.01164,False,0.0,False
2018-03-11,Public dataset: NREL PVDAQ (Photovoltaic Data Acquisition) via OEDI data lake,545.125,True,3.4798,5.8558,0.59425,14.49,1.21,521.42644,1.04545,False,0.78,406.7146,1.34031,1.01886,False,0.0,False
2018-03-12,Public dataset: NREL PVDAQ (Photovoltaic Data Acquisition) via OEDI data lake,670.425,True,4.7167,5.8589,0.80505,16.2,0.0,719.58447,0.93168,False,0.78009,561.34244,1.19432,0.98951,False,0.0,False
2018-03-13,Public dataset: NREL PVDAQ (Photovoltaic Data Acquisition) via OEDI data lake,578.5,True,5.0316,5.957,0.84465,18.19,0.21,753.38007,0.76787,False,0.78018,587.77296,0.98422,1.01164,False,0.0,False
2018-03-14,Public dataset: NREL PVDAQ (Photovoltaic Data Acquisition) via OEDI data lake,733.0,True,4.5734,6.1435,0.74443,15.54,0.07,692.95326,1.05779,False,0.78027,540.69056,1.35567,1.01886,False,0.0,False
2018-03-15,Public dataset: NREL PVDAQ (Photovoltaic Data Acquisition) via OEDI data lake,573.2,True,4.0409,6.3499,0.63637,11.54,2.22,614.63694,0.93258,False,0.78036,479.63721,1.19507,1.01886,False,0.0,False
2018-03-16,Public dataset: NREL PVDAQ (Photovoltaic Data Acquisition) via OEDI data lake,764.675,True,6.2633,6.3682,0.98353,10.82,0.0,968.1712,0.78981,True,0.78073,755.87838,1.01164,1.01164,False,0.0,False
2018-03-17,Public dataset: NREL PVDAQ (Photovoltaic Data Acquisition) via OEDI data lake,585.925,True,5.231,6.4846,0.80668,10.22,0.28,808.09802,0.72507,False,0.7811,631.2033,0.92827,0.99579,False,0.0,False
2018-03-18,Public dataset: NREL PVDAQ (Photovoltaic Data Acquisition) via OEDI data lake,803.7,True,6.4788,6.6898,0.96846,10.56,0.32,1002.30479,0.80185,True,0.78147,783.26799,1.02609,0.98921,False,0.0,False
2018-03-19,Public dataset: NREL PVDAQ (Photovoltaic Data Acquisition) via OEDI data lake,761.125,True,6.5462,6.6019,0.99156,12.13,0.0,1006.33722,0.75633,True,0.78184,786.79098,0.96738,0.98399,False,0.0,False
2018-03-20,Public dataset: NREL PVDAQ (Photovoltaic Data Acquisition) via OEDI data lake,535.85,True,4.6874,6.414,0.73081,13.51,0.0,707.55956,0.75732,False,0.78221,553.45715,0.96819,0.98989,False,0.0,False
2018-03-21,Public dataset: NREL PVDAQ (Photovoltaic Data Acquisition) via OEDI data lake,344.75,True,4.289,6.2959,0.68124,16.8,0.54,629.44809,0.5477,False,0.78258,492.59044,0.69987,0.99579,False,0.0,False
2018-03-22,Public dataset: NREL PVDAQ (Photovoltaic Data Acquisition) via OEDI data lake,224.0,True,2.0791,6.3017,0.32993,16.39,1.55,300.97986,0.74424,False,0.78294,235.65055,0.95056,1.00137,False,0.0,False
2018-03-23,Public dataset: NREL PVDAQ (Photovoltaic Data Acquisition) via OEDI data lake,773.0,True,6.631,6.7853,0.97726,15.55,1.86,991.00597,0.78002,True,0.78331,776.26888,0.99579,0.99579,False,0.0,False
2018-03-24,Public dataset: NREL PVDAQ (Photovoltaic Data Acquisition) via OEDI data lake,735.4,True,6.3871,6.9446,0.91972,13.67,0.0,954.98149,0.77007,True,0.78368,748.4032,0.98263,0.98989,False,0.0,False
2018-03-25,Public dataset: NREL PVDAQ (Photovoltaic Data Acquisition) via OEDI data lake,771.675,True,6.9338,7.0039,0.98999,12.13,0.0,1043.12942,0.73977,True,0.78405,817.86864,0.94352,0.98399,False,0.0,False
2018-03-26,Public dataset: NREL PVDAQ (Photovoltaic Data Acquisition) via OEDI data lake,815.725,True,6.9758,7.0711,0.98652,10.8,0.0,1056.83034,0.77186,True,0.78442,829.00131,0.98399,0.98365,False,0.0,False
2018-03-27,Public dataset: NREL PVDAQ (Photovoltaic Data Acquisition) via OEDI data lake,839.725,True,7.0706,7.1006,0.99578,12.0,0.0,1062.61445,0.79024,True,0.78479,833.93106,1.00695,0.98365,False,0.0,False
2018-03-28,Public dataset: NREL PVDAQ (Photovoltaic Data Acquisition) via OEDI data lake,797.75,True,6.7848,6.8309,0.99325,16.67,0.0,994.01482,0.80255,True,0.78516,780.46185,1.02215,0.98365,False,0.0,False
2018-03-29,Public dataset: NREL PVDAQ (Photovoltaic Data Acquisition) via OEDI data lake,744.2,True,6.3895,6.9955,0.91337,18.65,0.0,928.43797,0.80156,True,0.78553,729.31645,1.02041,0.98365,False,0.0,False
2018-03-30,Public dataset: NREL PVDAQ (Photovoltaic Data Acquisition) via OEDI data lake,764.0,True,6.8724,7.0102,0.98034,20.08,0.0,988.62531,0.77279,True,0.7859,776.96068,0.98332,0.98365,False,0.0,False
2018-03-31,Public dataset: NREL PVDAQ (Photovoltaic Data Acquisition) via OEDI data lake,702.45,True,5.8277,7.0207,0.83007,21.59,0.0,832.6749,0.84361,False,0.78627,654.70686,1.07292,0.98332,False,0.0,False
2018-04-01,Public dataset: NREL PVDAQ (Photovoltaic Data Acquisition) via OEDI data lake,668.2,True,6.2124,7.207,0.862,21.35,0.0,885.68659,0.75444,True,0.78664,696.71553,0.95907,0.98399,False,0.0,False
2018-04-02,Public dataset: NREL PVDAQ (Photovoltaic Data Acquisition) via OEDI data lake,657.475,True,5.6734,7.1796,0.79021,20.67,0.0,807.17299,0.81454,False,0.78701,635.25187,1.03498,0.98399,False,0.0,False
2018-04-03,Public dataset: NREL PVDAQ (Photovoltaic Data Acquisition) via OEDI data lake,823.725,True,7.433,7.4712,0.99489,17.82,0.39,1075.9251,0.7656,True,0.78738,847.15951,0.97234,0.99903,False,0.0,False
2018-04-04,Public dataset: NREL PVDAQ (Photovoltaic Data Acquisition) via OEDI data lake,678.975,True,5.7898,7.0596,0.82013,20.13,0.0,826.11888,0.82189,False,0.78775,650.77283,1.04334,0.99903,False,0.0,False
2018-04-05,Public dataset: NREL PVDAQ (Photovoltaic Data Acquisition) via OEDI data lake,669.875,True,5.8121,7.1359,0.81449,23.22,0.0,820.75202,0.81617,False,0.78812,646.84832,1.0356,0.99903,False,0.0,False
2018-04-06,Public dataset: NREL PVDAQ (Photovoltaic Data Acquisition) via OEDI data lake,645.8,True,6.0552,7.2223,0.8384,24.0,0.0,846.04899,0.76331,False,0.78849,667.09784,0.96807,0.99263,False,0.0,False
2018-04-07,Public dataset: NREL PVDAQ (Photovoltaic Data Acquisition) via OEDI data lake,726.125,True,5.5582,7.1659,0.77565,23.34,0.01,775.19306,0.9367,False,0.78886,611.5153,1.18742,0.99263,False,0.0,False
2018-04-08,Public dataset: NREL PVDAQ (Photovoltaic Data Acquisition) via OEDI data lake,871.375,True,7.8125,7.8336,0.99731,21.33,0.0,1087.12034,0.80154,True,0.78922,857.98246,1.01561,0.99263,False,0.0,False
2018-04-09,Public dataset: NREL PVDAQ (Photovoltaic Data Acquisition) via OEDI data lake,807.675,True,7.3982,7.542,0.98093,19.98,0.0,1041.95579,0.77515,True,0.78959,822.7224,0.98171,0.99903,False,0.0,False
2018-04-10,Public dataset: NREL PVDAQ (Photovoltaic Data Acquisition) via OEDI data lake,746.075,True,6.815,7.4455,0.91532,22.3,0.0,945.35971,0.7892,True,0.78996,746.79994,0.99903,0.99583,False,0.0,False
2018-04-11,Public dataset: NREL PVDAQ (Photovoltaic Data Acquisition) via OEDI data lake,786.075,True,7.2233,7.6195,0.948,24.98,0.0,987.9535,0.79566,True,0.79033,780.81246,1.00674,1.00288,False,0.0,False
2018-04-12,Public dataset: NREL PVDAQ (Photovoltaic Data Acquisition) via OEDI data lake,913.95,True,7.9296,8.0038,0.99073,16.03,0.0,1125.54879,0.812,True,0.7907,889.9744,1.02694,1.00288,False,0.0,False
2018-04-13,Public dataset: NREL PVDAQ (Photovoltaic Data Acquisition) via OEDI data lake,892.425,True,7.9135,7.9447,0.99607,13.16,0.0,1136.49475,0.78524,True,0.79107,899.04926,0.99263,1.00674,False,0.0,False
2018-04-14,Public dataset: NREL PVDAQ (Photovoltaic Data Acquisition) via OEDI data lake,837.5,True,7.7573,7.7868,0.99621,16.85,0.0,1092.97699,0.76626,True,0.79144,865.02735,0.96818,1.00288,False,0.0,False
2018-04-15,Public dataset: NREL PVDAQ (Photovoltaic Data Acquisition) via OEDI data lake,592.1,True,5.1288,7.601,0.67475,20.59,0.0,719.44329,0.823,False,0.79181,569.66307,1.03939,0.99903,False,0.0,False
2018-04-16,Public dataset: NREL PVDAQ (Photovoltaic Data Acquisition) via OEDI data lake,874.85,True,7.7741,7.853,0.98995,18.03,0.0,1080.84057,0.80942,True,0.79226,856.30349,1.02166,0.99263,False,0.0,False
2018-04-17,Public dataset: NREL PVDAQ (Photovoltaic Data Acquisition) via OEDI data lake,879.975,True,8.034,8.1398,0.987,13.86,0.01,1143.19603,0.76975,True,0.7927,906.21494,0.97104,0.99263,False,0.0,False
2018-04-18,Public dataset: NREL PVDAQ (Photovoltaic Data Acquisition) via OEDI data lake,845.15,True,7.4573,8.0136,0.93058,15.86,0.0,1048.86304,0.80578,True,0.79315,831.90474,1.01592,0.98812,False,0.0,False
2018-04-19,Public dataset: NREL PVDAQ (Photovoltaic Data Acquisition) via OEDI data lake,746.675,True,5.9004,7.6126,0.77508,14.42,0.09,851.89706,0.87649,False,0.7936,676.06134,1.10445,0.98812,False,0.0,False
2018-04-20,Public dataset: NREL PVDAQ (Photovoltaic Data Acquisition) via OEDI data lake,900.975,True,7.8252,7.9274,0.98711,18.31,0.0,1082.10843,0.83261,True,0.79404,859.23862,1.04857,0.98812,False,0.0,False
2018-04-21,Public dataset: NREL PVDAQ (Photovoltaic Data Acquisition) via OEDI data lake,837.975,True,8.0405,8.1098,0.99145,21.65,0.0,1095.52808,0.76491,True,0.79449,870.38303,0.96277,0.98358,False,0.0,False
2018-04-22,Public dataset: NREL PVDAQ (Photovoltaic Data Acquisition) via OEDI data lake,806.85,True,7.6315,7.896,0.9665,23.33,0.0,1033.1827,0.78094,True,0.79493,821.31127,0.98239,0.98812,False,0.0,False
2018-04-23,Public dataset: NREL PVDAQ (Photovoltaic Data Acquisition) via OEDI data lake,827.875,True,7.9306,8.0054,0.99066,25.02,0.0,1053.36946,0.78593,True,0.79538,837.82825,0.98812,0.98812,False,0.0,False
2018-04-24,Public dataset: NREL PVDAQ (Photovoltaic Data Acquisition) via OEDI data lake,800.25,True,7.607,7.9267,0.95967,24.88,0.0,1022.3512,0.78275,True,0.79583,813.61297,0.98358,0.98585,False,0.0,False
2018-04-25,Public dataset: NREL PVDAQ (Photovoltaic Data Acquisition) via OEDI data lake,800.075,True,7.6438,7.915,0.96574,25.48,0.0,1023.08856,0.78202,True,0.79627,814.65612,0.9821,0.98812,False,0.0,False
2018-04-26,Public dataset: NREL PVDAQ (Photovoltaic Data Acquisition) via OEDI data lake,811.45,True,7.7719,7.8487,0.99021,27.38,0.0,1028.75712,0.78877,True,0.79672,819.62871,0.99002,0.98812,False,0.0,False
2018-04-27,Public dataset: NREL PVDAQ (Photovoltaic Data Acquisition) via OEDI data lake,845.325,True,8.0916,8.1473,0.99316,26.88,0.0,1060.28913,0.79726,True,0.79716,845.22374,1.00012,0.98585,False,0.0,False
2018-04-28,Public dataset: NREL PVDAQ (Photovoltaic Data Acquisition) via OEDI data lake,875.7,True,8.5214,8.5721,0.99409,22.55,0.0,1131.24951,0.7741,True,0.79761,902.29535,0.97052,0.98585,False,0.0,False
2018-04-29,Public dataset: NREL PVDAQ (Photovoltaic Data Acquisition) via OEDI data lake,884.975,True,8.2277,8.3669,0.98336,20.4,0.0,1107.93083,0.79876,True,0.79806,884.19033,1.00089,0.98812,False,0.0,False
2018-04-30,Public dataset: NREL PVDAQ (Photovoltaic Data Acquisition) via OEDI data lake,739.0,True,6.2107,8.2207,0.7555,18.62,0.0,866.69602,0.85266,False,0.7985,692.05814,1.06783,0.98812,False,0.0,False
2018-05-01,Public dataset: NREL PVDAQ (Photovoltaic Data Acquisition) via OEDI data lake,342.725,True,3.5712,7.7623,0.46007,15.54,4.66,510.87897,0.67085,False,0.79895,408.16554,0.83967,0.98358,False,0.0,False
2018-05-02,Public dataset: NREL PVDAQ (Photovoltaic Data Acquisition) via OEDI data lake,670.925,True,4.8082,7.8125,0.61545,13.85,1.21,694.08921,0.96663,False,0.79939,554.85052,1.2092,0.98277,False,0.0,False
2018-05-03,Public dataset: NREL PVDAQ (Photovoltaic Data Acquisition) via OEDI data lake,876.15,True,7.9296,8.2169,0.96504,18.93,0.0,1080.47613,0.81089,True,0.79984,864.20771,1.01382,0.98277,False,0.0,False
2018-05-04,Public dataset: NREL PVDAQ (Photovoltaic Data Acquisition) via OEDI data lake,838.8,True,8.0957,8.2238,0.98442,23.22,0.0,1077.7974,0.77825,True,0.80029,862.5459,0.97247,0.98277,False,0.0,False
2018-05-05,Public dataset: NREL PVDAQ (Photovoltaic Data Acquisition) via OEDI data lake,797.55,True,7.5674,8.3258,0.90891,26.35,0.0,998.337,0.79888,True,0.80073,799.40018,0.99769,0.97754,False,0.0,False
2018-05-06,Public dataset: NREL PVDAQ (Photovoltaic Data Acquisition) via OEDI data lake,678.75,True,6.2618,8.4442,0.74155,27.66,0.0,829.97388,0.8178,False,0.80118,664.95668,1.02074,0.97754,False,0.0,False
2018-05-07,Public dataset: NREL PVDAQ (Photovoltaic Data Acquisition) via OEDI data lake,843.075,True,8.2946,8.448,0.98184,28.34,0.0,1070.14999,0.78781,True,0.80162,857.85778,0.98277,0.975,False,0.0,False
2018-05-08,Public dataset: NREL PVDAQ (Photovoltaic Data Acquisition) via OEDI data lake,795.425,True,8.0057,8.3734,0.95609,28.82,0.0,1028.6768,0.77325,True,0.80207,825.07072,0.96407,0.97754,False,0.0,False
2018-05-09,Public dataset: NREL PVDAQ (Photovoltaic Data Acquisition) via OEDI data lake,820.875,True,8.2596,8.5469,0.96639,30.8,0.0,1046.38107,0.78449,True,0.80252,839.73752,0.97754,0.98015,False,0.0,False
2018-05-10,Public dataset: NREL PVDAQ (Photovoltaic Data Acquisition) via OEDI data lake,841.0,True,8.6028,8.7739,0.9805,28.61,0.0,1099.64439,0.76479,True,0.80296,882.97267,0.95246,0.97754,False,0.0,False
2018-05-11,Public dataset: NREL PVDAQ (Photovoltaic Data Acquisition) via OEDI data lake,895.675,True,8.4122,8.5498,0.98391,24.96,0.0,1097.00444,0.81647,True,0.80341,881.3422,1.01626,0.97754,False,0.0,False
2018-05-12,Public dataset: NREL PVDAQ (Photovoltaic Data Acquisition) via OEDI data lake,898.05,True,8.6462,8.7437,0.98885,20.81,0.0,1149.60727,0.78118,True,0.80385,924.11651,0.97179,0.98015,False,0.0,False
2018-05-13,Public dataset: NREL PVDAQ (Photovoltaic Data Acquisition) via OEDI data lake,759.625,True,7.5722,8.4506,0.89605,22.18,0.0,1010.30084,0.75188,True,0.8043,812.5851,0.93483,0.97754,False,0.0,False
2018-05-14,Public dataset: NREL PVDAQ (Photovoltaic Data Acquisition) via OEDI data lake,810.5,True,6.4306,8.4914,0.75731,23.58,0.0,866.28187,0.93561,False,0.80475,697.13703,1.16261,0.97754,False,0.0,False
2018-05-15,Public dataset: NREL PVDAQ (Photovoltaic Data Acquisition) via OEDI data lake,878.925,True,8.322,8.4845,0.98085,24.77,0.0,1085.79188,0.80948,True,0.80519,874.27118,1.00532,0.97499,False,0.0,False
2018-05-16,Public dataset: NREL PVDAQ (Photovoltaic Data Acquisition) via OEDI data lake,916.4,True,8.7178,8.778,0.99314,25.59,0.0,1119.64763,0.81847,True,0.80457,900.83102,1.01728,0.99143,False,0.0,False
2018-05-17,Public dataset: NREL PVDAQ (Photovoltaic Data Acquisition) via OEDI data lake,885.225,True,8.7274,8.7622,0.99603,23.83,0.0,1132.30688,0.78179,True,0.80394,910.30777,0.97245,0.99751,False,0.0,False
2018-05-18,Public dataset: NREL PVDAQ (Photovoltaic Data Acquisition) via OEDI data lake,858.225,True,7.7986,8.5406,0.91312,25.09,0.0,1020.90971,0.84065,True,0.80332,820.11227,1.04647,1.00582,False,0.0,False
2018-05-19,Public dataset: NREL PVDAQ (Photovoltaic Data Acquisition) via OEDI data lake,737.2,True,6.5693,8.2951,0.79195,27.23,0.02,864.35962,0.85289,False,0.80269,693.8124,1.06254,0.99751,False,0.0,False
2018-05-20,Public dataset: NREL PVDAQ (Photovoltaic Data Acquisition) via OEDI data lake,726.675,True,7.02,8.4194,0.83379,26.67,0.03,926.05574,0.7847,False,0.80206,742.75581,0.97835,1.00532,False,0.0,False
2018-05-21,Public dataset: NREL PVDAQ (Photovoltaic Data Acquisition) via OEDI data lake,486.9,True,4.2626,8.1386,0.52375,23.14,0.16,588.66466,0.82713,False,0.80144,471.77832,1.03205,1.00631,False,0.0,False
2018-05-22,Public dataset: NREL PVDAQ (Photovoltaic Data Acquisition) via OEDI data lake,737.4,True,5.8901,8.383,0.70262,24.78,0.11,791.51764,0.93163,False,0.80081,633.8572,1.16335,1.00582,False,0.0,False
2018-05-23,Public dataset: NREL PVDAQ (Photovoltaic Data Acquisition) via OEDI data lake,871.35,True,8.0124,8.3945,0.95448,25.89,0.0,1040.20381,0.83767,True,0.80019,832.35735,1.04685,1.00935,False,0.0,False
2018-05-24,Public dataset: NREL PVDAQ (Photovoltaic Data Acquisition) via OEDI data lake,877.0,True,8.6698,8.7072,0.9957,26.33,0.0,1108.26245,0.79133,True,0.79956,886.12357,0.9897,1.00935,False,0.0,False
2018-05-25,Public dataset: NREL PVDAQ (Photovoltaic Data Acquisition) via OEDI data lake,911.525,True,8.8591,8.8927,0.99622,24.98,0.0,1133.76515,0.80398,True,0.79894,905.80516,1.00631,1.00935,False,0.0,False
2018-05-26,Public dataset: NREL PVDAQ (Photovoltaic Data Acquisition) via OEDI data lake,854.775,True,8.1778,8.7874,0.93063,21.31,0.0,1082.79381,0.78942,True,0.79831,864.40486,0.98886,0.99801,False,0.0,False
2018-05-27,Public dataset: NREL PVDAQ (Photovoltaic Data Acquisition) via OEDI data lake,769.525,True,6.9434,8.6491,0.80279,24.34,0.03,920.19852,0.83626,False,0.79768,734.02771,1.04836,0.9897,False,0.0,False
2018-05-28,Public dataset: NREL PVDAQ (Photovoltaic Data Acquisition) via OEDI data lake,886.8,True,8.4151,8.7826,0.95816,26.66,0.01,1079.32367,0.82163,True,0.79706,860.284,1.03082,0.98928,False,0.0,False
2018-05-29,Public dataset: NREL PVDAQ (Photovoltaic Data Acquisition) via OEDI data lake,813.0,True,8.4612,8.8586,0.95514,28.66,0.0,1075.45631,0.75596,True,0.79643,856.5286,0.94918,0.98886,False,0.0,False
2018-05-30,Public dataset: NREL PVDAQ (Photovoltaic Data Acquisition) via OEDI data lake,830.25,True,8.1607,8.6683,0.94144,30.45,0.0,1030.50855,0.80567,True,0.79581,820.08596,1.01239,0.98928,False,0.0,False
2018-05-31,Public dataset: NREL PVDAQ (Photovoltaic Data Acquisition) via OEDI data lake,927.5,True,8.5207,9.0134,0.94534,26.26,0.0,1088.57088,0.85203,True,0.79518,865.61128,1.0715,0.98928,False,0.0,False
2018-06-01,Public dataset: NREL PVDAQ (Photovoltaic Data Acquisition) via OEDI data lake,874.625,True,9.108,9.1944,0.9906,26.01,0.0,1155.4171,0.75698,True,0.79456,918.04323,0.95271,0.98314,False,0.0,False
2018-06-02,Public dataset: NREL PVDAQ (Photovoltaic Data Acquisition) via OEDI data lake,828.95,True,8.4876,9.0329,0.93963,29.07,0.0,1069.3932,0.77516,True,0.79393,849.02335,0.97636,0.98314,False,0.0,False
2018-06-03,Public dataset: NREL PVDAQ (Photovoltaic Data Acquisition) via OEDI data lake,842.925,True,8.9234,8.9477,0.99728,31.47,0.0,1101.00523,0.7656,True,0.7933,873.43222,0.96507,0.98034,False,0.0,False
2018-06-04,Public dataset: NREL PVDAQ (Photovoltaic Data Acquisition) via OEDI data lake,806.4,True,8.7461,9.0024,0.97153,32.52,0.0,1073.45465,0.75122,True,0.79268,850.90458,0.9477,0.98327,False,0.0,False
2018-06-05,Public dataset: NREL PVDAQ (Photovoltaic Data Acquisition) via OEDI data lake,787.175,True,8.1487,9.0451,0.9009,30.79,0.0,1022.67097,0.76972,True,0.79205,810.00958,0.97181,0.98327,False,0.0,False
2018-06-06,Public dataset: NREL PVDAQ (Photovoltaic Data Acquisition) via OEDI data lake,894.675,True,8.8214,9.0122,0.97883,29.9,0.0,1097.75009,0.81501,True,0.79143,868.78938,1.0298,0.98486,False,0.0,False
2018-06-07,Public dataset: NREL PVDAQ (Photovoltaic Data Acquisition) via OEDI data lake,902.45,True,8.9112,9.0062,0.98945,28.8,0.0,1111.73872,0.81175,True,0.7908,879.16478,1.02649,0.98486,False,0.0,False
2018-06-08,Public dataset: NREL PVDAQ (Photovoltaic Data Acquisition) via OEDI data lake,858.525,True,8.9678,9.0134,0.99494,29.79,0.0,1111.59575,0.77234,True,0.79018,878.35621,0.97742,0.98406,False,0.0,False
2018-06-09,Public dataset: NREL PVDAQ (Photovoltaic Data Acquisition) via OEDI data lake,909.6,True,8.8661,8.9983,0.98531,30.34,0.0,1097.13535,0.82907,True,0.78955,866.2435,1.05005,0.98551,False,0.0,False
2018-06-10,Public dataset: NREL PVDAQ (Photovoltaic Data Acquisition) via OEDI data lake,864.275,True,8.916,9.0002,0.99064,29.21,0.0,1114.15343,0.77572,True,0.78892,878.98303,0.98327,0.98976,False,0.0,False
2018-06-11,Public dataset: NREL PVDAQ (Photovoltaic Data Acquisition) via OEDI data lake,855.725,True,8.9124,8.9561,0.99512,31.34,0.0,1102.22617,0.77636,True,0.7883,868.88368,0.98486,0.98976,False,0.0,False
2018-06-12,Public dataset: NREL PVDAQ (Photovoltaic Data Acquisition) via OEDI data lake,848.45,True,8.8459,8.8788,0.99629,32.9,0.0,1084.37559,0.78243,True,0.78767,854.13361,0.99335,0.98976,False,0.0,False
2018-06-13,Public dataset: NREL PVDAQ (Photovoltaic Data Acquisition) via OEDI data lake,847.6,True,8.9743,9.0773,0.98865,33.29,0.0,1092.03968,0.77616,True,0.78705,859.48715,0.98617,0.98976,False,0.0,False
2018-06-14,Public dataset: NREL PVDAQ (Photovoltaic Data Acquisition) via OEDI data lake,901.725,True,9.03,9.0965,0.99269,32.74,0.0,1101.17295,0.81888,True,0.78642,865.98649,1.04127,0.98551,False,0.0,False
2018-06-15,Public dataset: NREL PVDAQ (Photovoltaic Data Acquisition) via OEDI data lake,765.6,True,7.3222,8.8759,0.82495,31.48,0.0,927.706,0.82526,False,0.7858,728.98784,1.05022,0.98406,False,0.0,False
2018-06-16,Public dataset: NREL PVDAQ (Photovoltaic Data Acquisition) via OEDI data lake,903.8,True,8.9791,9.0233,0.9951,28.97,0.0,1121.8643,0.80562,True,0.78625,882.06487,1.02464,0.98406,False,0.0,False
2018-06-17,Public dataset: NREL PVDAQ (Photovoltaic Data Acquisition) via OEDI data lake,930.725,True,9.0732,9.1277,0.99403,26.61,0.0,1139.62906,0.81669,True,0.7867,896.54863,1.03812,0.98053,False,0.0,False
2018-06-18,Public dataset: NREL PVDAQ (Photovoltaic Data Acquisition) via OEDI data lake,882.425,True,9.1884,9.2198,0.99659,27.07,0.0,1151.97419,0.76601,True,0.78716,906.78238,0.97314,0.98133,False,0.0,False
2018-06-19,Public dataset: NREL PVDAQ (Photovoltaic Data Acquisition) via OEDI data lake,857.025,True,8.9734,9.0314,0.99358,30.34,0.0,1112.8429,0.77012,True,0.78761,876.48408,0.9778,0.98002,False,0.0,False
2018-06-20,Public dataset: NREL PVDAQ (Photovoltaic Data Acquisition) via OEDI data lake,834.375,True,8.9518,8.9894,0.99582,33.22,0.0,1095.84208,0.7614,True,0.78806,863.59049,0.96617,0.98002,False,0.0,False
2018-06-21,Public dataset: NREL PVDAQ (Photovoltaic Data Acquisition) via OEDI data lake,839.25,True,9.0977,9.2611,0.98236,35.26,0.0,1091.84363,0.76865,True,0.78851,860.93405,0.97481,0.98002,False,0.0,False
2018-06-22,Public dataset: NREL PVDAQ (Photovoltaic Data Acquisition) via OEDI data lake,837.725,True,9.1786,9.2196,0.99555,34.39,0.0,1108.00604,0.75607,True,0.78897,874.18025,0.9583,0.97631,False,0.0,False
2018-06-23,Public dataset: NREL PVDAQ (Photovoltaic Data Acquisition) via OEDI data lake,847.9,True,9.1913,9.2244,0.99641,34.56,0.0,1103.83947,0.76814,True,0.78942,871.39297,0.97304,0.97481,False,0.0,False
2018-06-24,Public dataset: NREL PVDAQ (Photovoltaic Data Acquisition) via OEDI data lake,827.55,True,8.9472,9.0041,0.99368,32.47,0.0,1098.75333,0.75317,True,0.78987,867.87559,0.95354,0.97314,False,0.0,False
2018-06-25,Public dataset: NREL PVDAQ (Photovoltaic Data Acquisition) via OEDI data lake,832.85,True,8.7617,8.8025,0.99536,33.66,0.0,1067.84016,0.77994,True,0.79033,843.94181,0.98686,0.97314,False,0.0,False
2018-06-26,Public dataset: NREL PVDAQ (Photovoltaic Data Acquisition) via OEDI data lake,829.65,True,8.7965,8.8118,0.99826,34.05,0.0,1068.11795,0.77674,True,0.79078,844.64519,0.98225,0.97393,False,0.0,False
2018-06-27,Public dataset: NREL PVDAQ (Photovoltaic Data Acquisition) via OEDI data lake,846.675,True,8.8135,8.8606,0.99468,33.92,0.0,1072.44728,0.78948,True,0.79123,848.55453,0.99779,0.97214,False,0.0,False
2018-06-28,Public dataset: NREL PVDAQ (Photovoltaic Data Acquisition) via OEDI data lake,913.875,True,9.1296,9.3185,0.97973,32.75,0.0,1110.6958,0.8228,True,0.79168,879.3211,1.0393,0.97214,False,0.0,False
2018-06-29,Public dataset: NREL PVDAQ (Photovoltaic Data Acquisition) via OEDI data lake,855.4,True,9.0185,9.0703,0.99429,30.52,0.0,1114.28856,0.76766,True,0.79214,882.67019,0.9691,0.97018,False,0.0,False
2018-06-30,Public dataset: NREL PVDAQ (Photovoltaic Data Acquisition) via OEDI data lake,824.35,True,8.735,8.7607,0.99707,31.91,0.0,1078.55756,0.76431,True,0.79259,854.85487,0.96432,0.97125,False,0.0,False
2018-07-01,Public dataset: NREL PVDAQ (Photovoltaic Data Acquisition) via OEDI data lake,820.35,True,8.6818,8.7091,0.99687,33.06,0.0,1068.14546,0.76801,True,0.79304,847.08619,0.96844,0.97018,False,0.0,False
2018-07-02,Public dataset: NREL PVDAQ (Photovoltaic Data Acquisition) via OEDI data lake,833.8,True,8.6609,8.6966,0.99589,33.75,0.0,1057.92858,0.78814,True,0.7935,839.46297,0.99325,0.97125,False,0.0,False
2018-07-03,Public dataset: NREL PVDAQ (Photovoltaic Data Acquisition) via OEDI data lake,,False,8.8831,8.9304,0.9947,32.79,0.0,1087.28691,,False,0.79395,863.25123,,0.97125,False,0.0,False
2018-07-04,Public dataset: NREL PVDAQ (Photovoltaic Data Acquisition) via OEDI data lake,848.475,True,8.9638,8.9803,0.99816,31.9,0.0,1099.68353,0.77156,True,0.7944,873.59166,0.97125,0.97018,False,0.0,False
2018-07-05,Public dataset: NREL PVDAQ (Photovoltaic Data Acquisition) via OEDI data lake,811.25,True,8.8992,8.9294,0.99662,33.99,0.0,1084.4956,0.74804,True,0.79486,862.01757,0.94111,0.9691,False,0.0,False
2018-07-06,Public dataset: NREL PVDAQ (Photovoltaic Data Acquisition) via OEDI data lake,807.85,True,8.6724,8.7125,0.9954,36.44,0.0,1049.36859,0.76984,True,0.79531,834.57201,0.96798,0.96877,False,0.0,False
2018-07-07,Public dataset: NREL PVDAQ (Photovoltaic Data Acquisition) via OEDI data lake,543.5,True,5.3472,8.2337,0.64943,35.22,0.53,688.71486,0.78915,False,0.79576,548.05292,0.99169,0.96844,False,0.0,False
2018-07-08,Public dataset: NREL PVDAQ (Photovoltaic Data Acquisition) via OEDI data lake,627.85,True,6.2362,8.0424,0.77542,36.75,0.02,785.48025,0.79932,False,0.79621,625.41092,1.0039,0.97125,False,0.0,False
2018-07-09,Public dataset: NREL PVDAQ (Photovoltaic Data Acquisition) via OEDI data lake,685.725,True,5.6383,7.9498,0.70924,33.57,1.58,730.31557,0.93894,False,0.79667,581.8188,1.17859,0.99325,False,0.0,False
2018-07-10,Public dataset: NREL PVDAQ (Photovoltaic Data Acquisition) via OEDI data lake,821.725,True,7.8329,8.1413,0.96212,29.31,9.36,1005.72046,0.81705,True,0.79712,801.68055,1.025,1.0114,False,0.0,False
2018-07-11,Public dataset: NREL PVDAQ (Photovoltaic Data Acquisition) via OEDI data lake,,False,6.4094,8.0868,0.79258,30.35,1.95,836.52458,,False,0.79757,667.18995,,1.0114,False,0.0,False
2018-07-12,Public dataset: NREL PVDAQ (Photovoltaic Data Acquisition) via OEDI data lake,579.425,True,4.859,8.107,0.59936,29.54,2.08,646.73057,0.89593,False,0.79803,516.10821,1.12268,1.0182,False,0.0,False
2018-07-13,Public dataset: NREL PVDAQ (Photovoltaic Data Acquisition) via OEDI data lake,611.3,True,5.7763,8.1379,0.7098,29.63,2.16,766.32626,0.7977,False,0.79848,611.89588,0.99903,1.0182,False,0.0,False
2018-07-14,Public dataset: NREL PVDAQ (Photovoltaic Data Acquisition) via OEDI data lake,687.85,True,6.6055,8.0633,0.81921,32.77,0.26,849.30803,0.80989,False,0.79893,678.53984,1.01372,1.025,False,0.0,False
2018-07-15,Public dataset: NREL PVDAQ (Photovoltaic Data Acquisition) via OEDI data lake,802.575,True,7.5504,8.1079,0.93124,31.18,4.32,970.47893,0.82699,True,0.79939,775.78683,1.03453,1.01978,False,0.0,False
2018-07-16,Public dataset: NREL PVDAQ (Photovoltaic Data Acquisition) via OEDI data lake,774.35,True,7.4906,8.1674,0.91713,33.87,0.08,943.13246,0.82104,True,0.79951,754.0433,1.02693,1.02179,False,0.0,False
2018-07-17,Public dataset: NREL PVDAQ (Photovoltaic Data Acquisition) via OEDI data lake,783.625,True,7.6488,8.0914,0.9453,33.75,0.03,968.93236,0.80875,True,0.79963,774.79061,1.0114,1.02179,False,0.0,False
2018-07-18,Public dataset: NREL PVDAQ (Photovoltaic Data Acquisition) via OEDI data lake,738.475,True,6.0401,7.8922,0.76533,33.63,0.3,783.86114,0.9421,False,0.79976,626.89861,1.17798,1.02179,False,0.0,False
2018-07-19,Public dataset: NREL PVDAQ (Photovoltaic Data Acquisition) via OEDI data lake,745.375,True,6.5165,7.915,0.82331,35.21,1.97,827.15202,0.90113,False,0.79988,661.62329,1.12659,1.02436,False,0.0,False
2018-07-20,Public dataset: NREL PVDAQ (Photovoltaic Data Acquisition) via OEDI data lake,709.525,True,7.1146,8.1137,0.87686,33.6,1.17,910.10237,0.77961,True,0.80001,728.08646,0.97451,1.02179,False,0.0,False
2018-07-21,Public dataset: NREL PVDAQ (Photovoltaic Data Acquisition) via OEDI data lake,465.625,True,5.4247,7.9697,0.68067,32.45,0.76,707.55178,0.65808,False,0.80013,566.13264,0.82247,1.01817,False,0.0,False
2018-07-22,Public dataset: NREL PVDAQ (Photovoltaic Data Acquisition) via OEDI data lake,792.9,True,7.6807,7.9584,0.96511,32.76,0.07,976.59823,0.8119,True,0.80025,781.52547,1.01455,1.01455,False,0.0,False
2018-07-23,Public dataset: NREL PVDAQ (Photovoltaic Data Acquisition) via OEDI data lake,773.875,True,7.5564,8.0938,0.9336,36.36,0.02,946.27073,0.81782,True,0.80038,757.37304,1.02179,1.01298,False,0.0,False
2018-07-24,Public dataset: NREL PVDAQ (Photovoltaic Data Acquisition) via OEDI data lake,622.725,True,6.7918,8.179,0.83039,38.08,0.06,850.25174,0.7324,False,0.8005,680.62702,0.91493,0.99367,True,0.00633,False
2018-07-25,Public dataset: NREL PVDAQ (Photovoltaic Data Acquisition) via OEDI data lake,766.45,True,7.4052,8.2104,0.90193,38.51,0.85,920.50998,0.83264,True,0.80062,736.98283,1.03998,0.97523,True,0.02477,False
2018-07-26,Public dataset: NREL PVDAQ (Photovoltaic Data Acquisition) via OEDI data lake,716.85,True,6.8278,8.0242,0.8509,38.31,0.0,853.55955,0.83984,True,0.80075,683.48642,1.04881,0.97523,True,0.02477,False
2018-07-27,Public dataset: NREL PVDAQ (Photovoltaic Data Acquisition) via OEDI data lake,747.325,True,7.7249,8.1266,0.95057,38.18,0.33,956.13807,0.78161,True,0.80087,765.74447,0.97595,0.97451,True,0.02549,False
2018-07-28,Public dataset: NREL PVDAQ (Photovoltaic Data Acquisition) via OEDI data lake,779.425,True,8.1331,8.2471,0.98618,36.54,0.0,1008.85388,0.77258,True,0.801,808.08809,0.96453,0.96453,True,0.03547,False
2018-07-29,Public dataset: NREL PVDAQ (Photovoltaic Data Acquisition) via OEDI data lake,589.075,True,6.9348,7.8182,0.88701,35.44,0.02,878.0426,0.6709,True,0.80112,703.41754,0.83745,0.96157,True,0.03843,False
2018-07-30,Public dataset: NREL PVDAQ (Photovoltaic Data Acquisition) via OEDI data lake,643.4,True,6.0228,7.5564,0.79705,35.04,3.32,777.61557,0.8274,False,0.80124,623.05977,1.03265,0.9586,True,0.0414,False
2018-07-31,Public dataset: NREL PVDAQ (Photovoltaic Data Acquisition) via OEDI data lake,643.65,True,6.5186,7.4062,0.88015,34.66,0.56,837.87385,0.76819,True,0.80137,671.44516,0.9586,0.95639,True,0.04361,False
2018-08-01,Public dataset: NREL PVDAQ (Photovoltaic Data Acquisition) via OEDI data lake,698.6375,True,7.1995,7.7153,0.93315,36.56,0.0,909.32846,0.7683,True,0.80149,728.81925,0.95859,0.95859,True,0.04141,False
2018-08-02,Public dataset: NREL PVDAQ (Photovoltaic Data Acquisition) via OEDI data lake,609.075,True,6.3418,7.813,0.8117,35.46,0.55,811.79002,0.75029,False,0.80162,650.74357,0.93597,0.95419,True,0.04581,False
2018-08-03,Public dataset: NREL PVDAQ (Photovoltaic Data Acquisition) via OEDI data lake,719.925,True,7.4618,7.7618,0.96135,33.73,2.7,956.51073,0.75266,True,0.80174,766.87246,0.93878,0.95093,True,0.04907,False
2018-08-04,Public dataset: NREL PVDAQ (Photovoltaic Data Acquisition) via OEDI data lake,482.12775,True,8.053,8.2241,0.9792,35.22,0.0,1005.87807,0.47931,True,0.80186,806.57683,0.59775,0.95093,True,0.04907,False
2018-08-05,Public dataset: NREL PVDAQ (Photovoltaic Data Acquisition) via OEDI data lake,774.925,True,8.3731,8.4062,0.99606,33.12,0.0,1050.76643,0.73749,True,0.80199,842.70135,0.91957,0.95093,True,0.04907,False
2018-08-06,Public dataset: NREL PVDAQ (Photovoltaic Data Acquisition) via OEDI data lake,781.875,True,8.1365,8.1509,0.99823,34.85,0.0,1021.56551,0.76537,True,0.80211,819.40915,0.95419,0.95419,True,0.04581,False
2018-08-07,Public dataset: NREL PVDAQ (Photovoltaic Data Acquisition) via OEDI data lake,763.775,True,8.1722,8.1866,0.99824,36.44,0.0,1022.21724,0.74717,True,0.80224,820.05855,0.93137,0.95639,True,0.04361,False
2018-08-08,Public dataset: NREL PVDAQ (Photovoltaic Data Acquisition) via OEDI data lake,715.7,True,7.243,7.6961,0.94113,34.78,0.02,928.43867,0.77086,True,0.80236,744.94112,0.96075,0.95419,True,0.04581,False
2018-08-09,Public dataset: NREL PVDAQ (Photovoltaic Data Acquisition) via OEDI data lake,698.2,True,7.1443,7.5461,0.94675,34.94,0.35,914.94298,0.76311,True,0.80248,734.22609,0.95093,0.95256,True,0.04744,False
2018-08-10,Public dataset: NREL PVDAQ (Photovoltaic Data Acquisition) via OEDI data lake,707.5,True,7.3018,7.459,0.97892,34.29,0.53,940.90719,0.75193,True,0.80261,755.17849,0.93686,0.95419,True,0.04581,False
2018-08-11,Public dataset: NREL PVDAQ (Photovoltaic Data Acquisition) via OEDI data lake,710.225,True,7.0277,7.2125,0.97438,34.11,1.11,906.88789,0.78315,True,0.80273,727.98674,0.9756,0.96075,True,0.03925,False
2018-08-12,Public dataset: NREL PVDAQ (Photovoltaic Data Acquisition) via OEDI data lake,726.525,True,6.157,7.1995,0.8552,31.61,6.73,812.82708,0.89382,True,0.80285,652.58194,1.11331,0.9756,True,0.0244,False
2018-08-13,Public dataset: NREL PVDAQ (Photovoltaic Data Acquisition) via OEDI data lake,727.025,True,7.0205,7.3678,0.95286,32.8,0.0,910.02054,0.79891,True,0.80298,730.7269,0.99493,0.98457,True,0.01543,False
2018-08-14,Public dataset: NREL PVDAQ (Photovoltaic Data Acquisition) via OEDI data lake,743.875,True,6.5498,7.4448,0.87978,33.69,0.0,850.31863,0.87482,True,0.8031,682.8929,1.0893,0.99493,False,0.0,False
2018-08-15,Public dataset: NREL PVDAQ (Photovoltaic Data Acquisition) via OEDI data lake,653.375,True,6.2158,7.4323,0.83632,32.69,1.15,815.98587,0.80072,False,0.80323,655.42128,0.99688,1.01571,False,0.0,False
2018-08-16,Public dataset: NREL PVDAQ (Photovoltaic Data Acquisition) via OEDI data lake,593.1,True,5.911,7.3714,0.80188,30.62,2.57,795.80289,0.74529,False,0.80248,638.61557,0.92873,1.01571,False,0.0,False
2018-08-17,Public dataset: NREL PVDAQ (Photovoltaic Data Acquisition) via OEDI data lake,730.7,True,6.787,7.4616,0.90959,32.89,0.54,891.75835,0.81939,True,0.80173,714.95201,1.02203,1.01571,False,0.0,False
2018-08-18,Public dataset: NREL PVDAQ (Photovoltaic Data Acquisition) via OEDI data lake,728.975,True,7.0973,7.5302,0.94251,34.23,0.0,924.36082,0.78863,True,0.80099,740.40029,0.98457,1.02203,False,0.0,False
2018-08-19,Public dataset: NREL PVDAQ (Photovoltaic Data Acquisition) via OEDI data lake,709.0,True,6.5326,7.3735,0.88596,35.6,0.0,849.95493,0.83416,True,0.80024,680.16755,1.04239,1.02203,False,0.0,False
2018-08-20,Public dataset: NREL PVDAQ (Photovoltaic Data Acquisition) via OEDI data lake,786.35,True,7.2528,7.6826,0.94406,35.47,0.0,936.53834,0.83963,True,0.79949,748.75573,1.05021,1.01571,False,0.0,False
2018-08-21,Public dataset: NREL PVDAQ (Photovoltaic Data Acquisition) via OEDI data lake,791.825,True,6.8174,7.5286,0.90553,34.57,0.02,892.18899,0.88751,True,0.79875,712.63257,1.11113,1.01571,False,0.0,False
2018-08-22,Public dataset: NREL PVDAQ (Photovoltaic Data Acquisition) via OEDI data lake,756.775,True,7.0846,7.5307,0.94076,32.75,0.18,933.67065,0.81054,True,0.798,745.06874,1.01571,1.01571,False,0.0,False
2018-08-23,Public dataset: NREL PVDAQ (Photovoltaic Data Acquisition) via OEDI data lake,767.95,True,7.3282,7.506,0.97631,32.85,0.01,961.16607,0.79898,True,0.79725,766.2924,1.00216,1.00894,False,0.0,False
2018-08-24,Public dataset: NREL PVDAQ (Photovoltaic Data Acquisition) via OEDI data lake,760.125,True,7.483,7.7858,0.96111,32.26,0.0,979.28302,0.77621,True,0.79651,780.00498,0.97451,1.00216,False,0.0,False
2018-08-25,Public dataset: NREL PVDAQ (Photovoltaic Data Acquisition) via OEDI data lake,757.05,True,6.4438,7.4503,0.8649,31.98,0.0,857.21982,0.88315,True,0.79576,682.14082,1.10981,0.99486,False,0.0,False
2018-08-26,Public dataset: NREL PVDAQ (Photovoltaic Data Acquisition) via OEDI data lake,777.825,True,7.475,7.5221,0.99374,32.06,0.0,983.43326,0.79093,True,0.79501,781.84206,0.99486,1.00216,False,0.0,False
2018-08-27,Public dataset: NREL PVDAQ (Photovoltaic Data Acquisition) via OEDI data lake,775.375,True,7.9135,7.9522,0.99513,29.75,0.0,1046.3998,0.74099,True,0.79427,831.11995,0.93293,0.99851,False,0.0,False
2018-08-28,Public dataset: NREL PVDAQ (Photovoltaic Data Acquisition) via OEDI data lake,770.475,True,7.4287,7.5403,0.9852,29.0,0.0,996.63524,0.77308,True,0.79352,790.84948,0.97424,0.99486,False,0.0,False
2018-08-29,Public dataset: NREL PVDAQ (Photovoltaic Data Acquisition) via OEDI data lake,721.45,True,6.4536,7.2612,0.88878,30.33,0.0,864.97663,0.83407,True,0.79277,685.72995,1.05209,0.99486,False,0.0,False
2018-08-30,Public dataset: NREL PVDAQ (Photovoltaic Data Acquisition) via OEDI data lake,698.0,True,6.6581,7.4746,0.89076,30.27,0.0,896.85406,0.77828,True,0.79203,710.33185,0.98264,0.99486,False,0.0,False
2018-08-31,Public dataset: NREL PVDAQ (Photovoltaic Data Acquisition) via OEDI data lake,774.775,True,7.583,7.6481,0.99149,29.55,0.0,1012.54527,0.76518,True,0.79128,801.20627,0.96701,0.98264,False,0.0,False
2018-09-01,Public dataset: NREL PVDAQ (Photovoltaic Data Acquisition) via OEDI data lake,721.75,True,7.2962,7.4446,0.98007,30.32,0.0,975.65791,0.73976,True,0.79053,771.28957,0.93577,0.98264,False,0.0,False
2018-09-02,Public dataset: NREL PVDAQ (Photovoltaic Data Acquisition) via OEDI data lake,726.875,True,6.1745,6.913,0.89317,30.63,0.0,838.02379,0.86737,True,0.78979,661.85955,1.09823,0.98059,False,0.0,False
2018-09-03,Public dataset: NREL PVDAQ (Photovoltaic Data Acquisition) via OEDI data lake,683.85,True,5.6458,6.8016,0.83007,29.99,0.14,768.13772,0.89027,False,0.78904,606.09095,1.1283,0.97451,False,0.0,False
2018-09-04,Public dataset: NREL PVDAQ (Photovoltaic Data Acquisition) via OEDI data lake,683.55,True,4.9786,6.637,0.75013,28.32,1.15,684.98249,0.99791,False,0.78829,539.96674,1.26591,0.97451,False,0.0,False
2018-09-05,Public dataset: NREL PVDAQ (Photovoltaic Data Acquisition) via OEDI data lake,710.425,True,5.6402,6.5815,0.85698,30.45,0.35,776.16466,0.9153,True,0.78755,611.26544,1.16222,0.98059,False,0.0,False
2018-09-06,Public dataset: NREL PVDAQ (Photovoltaic Data Acquisition) via OEDI data lake,707.475,True,5.9779,6.7073,0.89125,31.81,0.0,817.94249,0.86494,True,0.7868,643.55667,1.09932,0.98059,False,0.0,False
2018-09-07,Public dataset: NREL PVDAQ (Photovoltaic Data Acquisition) via OEDI data lake,703.45,True,6.7882,7.0488,0.96303,33.13,0.0,918.32338,0.76602,True,0.78605,721.85061,0.97451,0.98059,False,0.0,False
2018-09-08,Public dataset: NREL PVDAQ (Photovoltaic Data Acquisition) via OEDI data lake,711.075,True,7.0106,7.0536,0.9939,33.67,0.0,936.97652,0.7589,True,0.78531,735.81334,0.96638,0.99265,False,0.0,False
2018-09-09,Public dataset: NREL PVDAQ (Photovoltaic Data Acquisition) via OEDI data lake,722.3,True,6.9749,6.9977,0.99674,32.14,0.0,938.8722,0.76933,True,0.78456,736.60099,0.98059,0.99611,False,0.0,False
2018-09-10,Public dataset: NREL PVDAQ (Photovoltaic Data Acquisition) via OEDI data lake,718.25,True,7.0886,7.1105,0.99692,30.65,0.0,962.07451,0.74656,True,0.78381,754.08623,0.95248,0.99611,False,0.0,False
2018-09-11,Public dataset: NREL PVDAQ (Photovoltaic Data Acquisition) via OEDI data lake,725.8,True,7.0994,7.1218,0.99685,30.15,0.0,967.09879,0.75049,True,0.78307,757.30222,0.9584,0.99438,False,0.0,False
2018-09-12,Public dataset: NREL PVDAQ (Photovoltaic Data Acquisition) via OEDI data lake,756.475,True,7.0632,7.0848,0.99695,28.44,0.0,974.12529,0.77657,True,0.78232,762.07707,0.99265,0.99265,False,0.0,False
2018-09-13,Public dataset: NREL PVDAQ (Photovoltaic Data Acquisition) via OEDI data lake,774.775,True,6.9775,7.1215,0.97978,27.39,0.0,968.16757,0.80025,True,0.78157,756.69333,1.0239,0.98803,False,0.0,False
2018-09-14,Public dataset: NREL PVDAQ (Photovoltaic Data Acquisition) via OEDI data lake,739.875,True,6.8834,6.9137,0.99562,28.83,0.0,951.25414,0.77779,True,0.78083,742.76398,0.99611,0.98059,False,0.0,False
2018-09-15,Public dataset: NREL PVDAQ (Photovoltaic Data Acquisition) via OEDI data lake,727.075,True,6.5568,6.6994,0.97871,30.34,0.0,904.9193,0.80347,True,0.78008,705.90884,1.02998,0.98803,False,0.0,False
2018-09-16,Public dataset: NREL PVDAQ (Photovoltaic Data Acquisition) via OEDI data lake,711.0,True,6.5542,6.6643,0.98348,30.21,0.0,908.54816,0.78257,True,0.77928,708.01154,1.00422,0.98803,False,0.0,False
2018-09-17,Public dataset: NREL PVDAQ (Photovoltaic Data Acquisition) via OEDI data lake,723.1,True,6.697,6.7174,0.99696,29.41,0.0,931.27218,0.77646,True,0.77848,724.97354,0.99742,0.98803,False,0.0,False
2018-09-18,Public dataset: NREL PVDAQ (Photovoltaic Data Acquisition) via OEDI data lake,743.3,True,6.955,6.9991,0.9937,28.38,0.0,967.37827,0.76837,True,0.77768,752.30603,0.98803,0.98803,False,0.0,False
2018-09-19,Public dataset: NREL PVDAQ (Photovoltaic Data Acquisition) via OEDI data lake,735.5,True,7.103,7.1333,0.99575,27.49,0.0,991.51742,0.74179,True,0.77687,770.28384,0.95484,0.98803,False,0.0,False
2018-09-20,Public dataset: NREL PVDAQ (Photovoltaic Data Acquisition) via OEDI data lake,703.0,True,6.7726,6.8066,0.995,27.96,0.0,964.3299,0.729,True,0.77607,748.38975,0.93935,0.98803,False,0.0,False
2018-09-21,Public dataset: NREL PVDAQ (Photovoltaic Data Acquisition) via OEDI data lake,676.0,True,6.331,6.353,0.99654,28.41,0.0,899.57315,0.75147,True,0.77527,697.41291,0.9693,0.98803,False,0.0,False
2018-09-22,Public dataset: NREL PVDAQ (Photovoltaic Data Acquisition) via OEDI data lake,670.275,True,6.1882,6.2191,0.99503,29.48,0.0,875.85583,0.76528,True,0.77447,678.32366,0.98813,0.98803,False,0.0,False
2018-09-23,Public dataset: NREL PVDAQ (Photovoltaic Data Acquisition) via OEDI data lake,585.375,True,5.8092,6.2609,0.92785,29.64,0.0,825.47635,0.70914,True,0.77367,638.64474,0.91659,0.98501,False,0.0,False
2018-09-24,Public dataset: NREL PVDAQ (Photovoltaic Data Acquisition) via OEDI data lake,636.5,True,5.8754,6.2467,0.94056,29.34,0.0,836.08647,0.76128,True,0.77287,646.18342,0.98501,0.97716,False,0.0,False
2018-09-25,Public dataset: NREL PVDAQ (Photovoltaic Data Acquisition) via OEDI data lake,659.175,True,6.175,6.2035,0.99541,28.52,0.0,890.28389,0.74041,True,0.77207,687.35732,0.959,0.9693,False,0.0,False
2018-09-26,Public dataset: NREL PVDAQ (Photovoltaic Data Acquisition) via OEDI data lake,665.7,True,6.1795,6.217,0.99397,27.75,0.01,894.39311,0.7443,True,0.77126,689.81315,0.96504,0.96717,False,0.0,False
2018-09-27,Public dataset: NREL PVDAQ (Photovoltaic Data Acquisition) via OEDI data lake,667.525,True,6.0058,6.1135,0.98238,28.47,0.0,866.19364,0.77064,True,0.77046,667.36974,1.00023,0.97716,False,0.0,False
2018-09-28,Public dataset: NREL PVDAQ (Photovoltaic Data Acquisition) via OEDI data lake,639.3,True,5.6856,5.9683,0.95263,29.38,0.0,819.59192,0.78002,True,0.76966,630.80804,1.01346,0.98657,False,0.0,False
2018-09-29,Public dataset: NREL PVDAQ (Photovoltaic Data Acquisition) via OEDI data lake,642.775,True,5.7571,6.0187,0.95654,28.71,0.0,833.84272,0.77086,True,0.76886,641.10808,1.0026,0.98813,False,0.0,False
2018-09-30,Public dataset: NREL PVDAQ (Photovoltaic Data Acquisition) via OEDI data lake,597.175,True,5.7098,5.9263,0.96347,27.93,0.01,829.86376,0.71961,True,0.76806,637.38377,0.93692,0.99262,False,0.0,False
2018-10-01,Public dataset: NREL PVDAQ (Photovoltaic Data Acquisition) via OEDI data lake,575.875,True,4.3258,5.6004,0.77241,26.12,0.65,632.42341,0.91058,False,0.76726,485.23124,1.18681,0.99791,False,0.0,False
2018-10-02,Public dataset: NREL PVDAQ (Photovoltaic Data Acquisition) via OEDI data lake,436.775,True,3.6715,5.4631,0.67205,25.79,0.14,529.50712,0.82487,False,0.76646,405.84365,1.07621,0.99791,False,0.0,False
2018-10-03,Public dataset: NREL PVDAQ (Photovoltaic Data Acquisition) via OEDI data lake,558.85,True,4.4333,5.5886,0.79328,25.27,2.66,653.2547,0.85549,False,0.76565,500.16715,1.11733,1.00142,False,0.0,False
2018-10-04,Public dataset: NREL PVDAQ (Photovoltaic Data Acquisition) via OEDI data lake,672.975,True,4.9944,5.6496,0.88403,22.17,0.89,760.34854,0.88509,True,0.76485,581.55465,1.1572,1.0026,False,0.0,False
2018-10-05,Public dataset: NREL PVDAQ (Photovoltaic Data Acquisition) via OEDI data lake,645.4,True,5.3736,5.7362,0.93679,22.56,0.05,818.82222,0.78821,True,0.76405,625.6222,1.03161,1.01346,False,0.0,False
2018-10-06,Public dataset: NREL PVDAQ (Photovoltaic Data Acquisition) via OEDI data lake,440.475,True,3.2038,5.5306,0.57929,20.81,0.66,469.13178,0.93892,False,0.76325,358.06479,1.23015,1.01134,False,0.0,False
2018-10-07,Public dataset: NREL PVDAQ (Photovoltaic Data Acquisition) via OEDI data lake,155.325,True,3.0926,5.645,0.54785,17.94,0.05,459.3215,0.33816,False,0.76245,350.209,0.44352,1.01134,False,0.0,False
2018-10-08,Public dataset: NREL PVDAQ (Photovoltaic Data Acquisition) via OEDI data lake,653.4,True,5.5236,5.6834,0.97188,18.22,0.0,861.67557,0.75829,True,0.76165,656.29272,0.99559,1.01134,False,0.0,False
2018-10-09,Public dataset: NREL PVDAQ (Photovoltaic Data Acquisition) via OEDI data lake,653.0,True,5.5663,5.5994,0.99409,19.32,0.0,868.07441,0.75224,True,0.76085,660.47069,0.98869,1.01134,False,0.0,False
2018-10-10,Public dataset: NREL PVDAQ (Photovoltaic Data Acquisition) via OEDI data lake,635.075,True,5.2486,5.4509,0.96289,19.44,0.02,820.80573,0.77372,True,0.76004,623.84873,1.018,1.0048,False,0.0,False
2018-10-11,Public dataset: NREL PVDAQ (Photovoltaic Data Acquisition) via OEDI data lake,627.95,True,4.2523,5.257,0.80888,19.86,0.64,655.98756,0.95726,False,0.75924,498.05391,1.26081,0.99825,False,0.0,False
2018-10-12,Public dataset: NREL PVDAQ (Photovoltaic Data Acquisition) via OEDI data lake,641.875,True,5.161,5.2164,0.98938,20.02,0.1,813.37736,0.78915,True,0.75844,616.89915,1.04049,0.99825,False,0.0,False
2018-10-13,Public dataset: NREL PVDAQ (Photovoltaic Data Acquisition) via OEDI data lake,597.35,True,4.9613,5.2469,0.94557,20.1,0.24,779.59582,0.76623,True,0.75764,590.65306,1.01134,0.99559,False,0.0,False
2018-10-14,Public dataset: NREL PVDAQ (Photovoltaic Data Acquisition) via OEDI data lake,651.825,True,5.5637,5.6086,0.99199,16.43,0.0,892.50449,0.73033,True,0.75684,675.48194,0.96498,0.99559,False,0.0,False
2018-10-15,Public dataset: NREL PVDAQ (Photovoltaic Data Acquisition) via OEDI data lake,684.6,True,5.5332,5.5697,0.99345,12.81,0.0,907.09396,0.75472,True,0.75604,685.79688,0.99825,0.99692,False,0.0,False
2018-10-16,Public dataset: NREL PVDAQ (Photovoltaic Data Acquisition) via OEDI data lake,479.25,True,4.5442,5.347,0.84986,13.43,0.0,737.2974,0.65001,False,0.75572,557.18821,0.86012,1.00121,False,0.0,False
2018-10-17,Public dataset: NREL PVDAQ (Photovoltaic Data Acquisition) via OEDI data lake,625.9,True,5.1293,5.172,0.99174,15.2,0.0,834.43485,0.75009,True,0.7554,630.3294,0.99297,1.00775,False,0.0,False
2018-10-18,Public dataset: NREL PVDAQ (Photovoltaic Data Acquisition) via OEDI data lake,608.5,True,5.1077,5.1302,0.99561,16.57,0.0,827.60941,0.73525,True,0.75508,624.90842,0.97374,1.00775,False,0.0,False
2018-10-19,Public dataset: NREL PVDAQ (Photovoltaic Data Acquisition) via OEDI data lake,623.65,True,5.0957,5.1233,0.99461,17.77,0.0,822.86818,0.7579,True,0.75476,621.0649,1.00416,1.00416,False,0.0,False
2018-10-20,Public dataset: NREL PVDAQ (Photovoltaic Data Acquisition) via OEDI data lake,542.925,True,4.7088,4.9411,0.95299,20.2,0.03,754.47957,0.7196,True,0.75444,569.20653,0.95383,1.00416,False,0.0,False
2018-10-21,Public dataset: NREL PVDAQ (Photovoltaic Data Acquisition) via OEDI data lake,546.9,True,3.7318,4.7287,0.78918,19.84,4.78,585.67175,0.9338,False,0.75412,441.66427,1.23827,0.99953,False,0.0,False
2018-10-22,Public dataset: NREL PVDAQ (Photovoltaic Data Acquisition) via OEDI data lake,597.575,True,4.332,4.7587,0.91033,18.94,3.6,697.53559,0.85669,True,0.7538,525.79915,1.13651,0.99953,False,0.0,False
2018-10-23,Public dataset: NREL PVDAQ (Photovoltaic Data Acquisition) via OEDI data lake,578.675,True,4.5029,4.7573,0.94652,19.14,0.0,730.65254,0.792,True,0.75348,550.52855,1.05113,1.00416,False,0.0,False
2018-10-24,Public dataset: NREL PVDAQ (Photovoltaic Data Acquisition) via OEDI data lake,573.35,True,4.6145,4.657,0.99087,19.85,0.0,747.93925,0.76657,True,0.75315,563.31412,1.01782,1.00185,False,0.0,False
2018-10-25,Public dataset: NREL PVDAQ (Photovoltaic Data Acquisition) via OEDI data lake,555.35,True,4.4758,4.7059,0.9511,21.29,0.0,725.44776,0.76553,True,0.75283,546.14221,1.01686,1.01051,False,0.0,False
2018-10-26,Public dataset: NREL PVDAQ (Photovoltaic Data Acquisition) via OEDI data lake,561.275,True,4.6238,4.6882,0.98626,20.11,0.0,755.02804,0.74338,True,0.75251,568.16946,0.98787,1.01734,False,0.0,False
2018-10-27,Public dataset: NREL PVDAQ (Photovoltaic Data Acquisition) via OEDI data lake,556.775,True,4.153,4.5725,0.90826,20.89,0.0,669.48632,0.83165,True,0.75219,503.58366,1.10563,1.02117,False,0.0,False
2018-10-28,Public dataset: NREL PVDAQ (Photovoltaic Data Acquisition) via OEDI data lake,536.875,True,4.3932,4.56,0.96342,20.42,0.0,714.38371,0.75152,True,0.75187,537.12642,0.99953,1.02452,False,0.0,False
2018-10-29,Public dataset: NREL PVDAQ (Photovoltaic Data Acquisition) via OEDI data lake,536.375,True,4.4695,4.5706,0.97788,20.18,0.0,725.38302,0.73944,True,0.75155,545.1642,0.98388,1.02117,False,0.0,False
2018-10-30,Public dataset: NREL PVDAQ (Photovoltaic Data Acquisition) via OEDI data lake,597.1,True,4.6313,4.6637,0.99305,16.71,0.0,775.80126,0.76966,True,0.75123,582.80775,1.02452,1.01734,False,0.0,False
2018-10-31,Public dataset: NREL PVDAQ (Photovoltaic Data Acquisition) via OEDI data lake,586.4,True,4.5857,4.6176,0.99309,14.04,0.0,785.3877,0.74664,True,0.75091,589.75787,0.99431,1.0082,False,0.0,False
2018-11-01,Public dataset: NREL PVDAQ (Photovoltaic Data Acquisition) via OEDI data lake,539.175,True,4.0267,4.3325,0.92942,16.94,0.0,670.74644,0.80384,True,0.75059,503.45743,1.07094,0.99692,False,0.0,False
2018-11-02,Public dataset: NREL PVDAQ (Photovoltaic Data Acquisition) via OEDI data lake,544.175,True,4.2233,4.3889,0.96227,18.29,0.0,704.51036,0.77242,True,0.75027,528.57475,1.02951,0.99109,False,0.0,False
2018-11-03,Public dataset: NREL PVDAQ (Photovoltaic Data Acquisition) via OEDI data lake,536.975,True,3.9802,4.3807,0.90858,17.83,0.0,662.67034,0.81032,True,0.74995,496.97111,1.0805,0.98909,False,0.0,False
2018-11-04,Public dataset: NREL PVDAQ (Photovoltaic Data Acquisition) via OEDI data lake,433.25,True,3.4874,4.2451,0.82151,17.02,0.0,571.41709,0.7582,False,0.74963,428.35252,1.01143,0.98386,False,0.0,False
2018-11-05,Public dataset: NREL PVDAQ (Photovoltaic Data Acquisition) via OEDI data lake,522.1,True,4.2072,4.2972,0.97906,17.88,0.0,711.61077,0.73369,True,0.74931,533.21828,0.97915,0.98386,False,0.0,False
2018-11-06,Public dataset: NREL PVDAQ (Photovoltaic Data Acquisition) via OEDI data lake,529.85,True,4.3306,4.362,0.9928,17.68,0.0,741.17228,0.71488,True,0.74899,555.1317,0.95446,0.98907,False,0.0,False
2018-11-07,Public dataset: NREL PVDAQ (Photovoltaic Data Acquisition) via OEDI data lake,526.6,True,4.2761,4.3193,0.99,15.53,0.0,737.61183,0.71393,True,0.74867,552.22871,0.95359,0.98165,False,0.0,False
2018-11-08,Public dataset: NREL PVDAQ (Photovoltaic Data Acquisition) via OEDI data lake,559.9,True,4.3082,4.3363,0.99352,11.94,0.0,760.47028,0.73625,True,0.74835,569.09863,0.98384,0.97931,False,0.0,False
2018-11-09,Public dataset: NREL PVDAQ (Photovoltaic Data Acquisition) via OEDI data lake,548.975,True,4.2444,4.2713,0.9937,10.3,0.0,752.98408,0.72907,True,0.74803,563.25517,0.97465,0.97915,False,0.0,False
2018-11-10,Public dataset: NREL PVDAQ (Photovoltaic Data Acquisition) via OEDI data lake,532.5,True,4.1722,4.2151,0.98982,10.84,0.0,736.88176,0.72264,True,0.74771,550.97414,0.96647,0.97915,False,0.0,False
2018-11-11,Public dataset: NREL PVDAQ (Photovoltaic Data Acquisition) via OEDI data lake,558.1,True,4.2516,4.278,0.99383,9.0,0.0,762.38709,0.73204,True,0.74739,569.80057,0.97947,0.97577,False,0.0,False
2018-11-12,Public dataset: NREL PVDAQ (Photovoltaic Data Acquisition) via OEDI data lake,554.8,True,4.1242,4.163,0.99068,7.25,0.0,745.93978,0.74376,True,0.74707,557.26911,0.99557,0.97521,False,0.0,False
2018-11-13,Public dataset: NREL PVDAQ (Photovoltaic Data Acquisition) via OEDI data lake,510.925,True,3.6163,4.0128,0.90119,7.76,0.0,648.36331,0.78802,True,0.74675,484.16502,1.05527,0.97521,False,0.0,False
2018-11-14,Public dataset: NREL PVDAQ (Photovoltaic Data Acquisition) via OEDI data lake,487.925,True,3.779,3.9024,0.96838,11.0,0.0,673.37549,0.7246,True,0.74643,502.6272,0.97075,0.97762,False,0.0,False
2018-11-15,Public dataset: NREL PVDAQ (Photovoltaic Data Acquisition) via OEDI data lake,484.8,True,3.7567,3.8402,0.97826,12.97,0.0,665.90821,0.72803,True,0.74611,496.84014,0.97577,0.98165,False,0.0,False
2018-11-16,Public dataset: NREL PVDAQ (Photovoltaic Data Acquisition) via OEDI data lake,372.875,True,3.1013,3.7046,0.83715,12.93,0.0,533.09787,0.69945,False,0.74525,397.28956,0.93855,0.98405,False,0.0,False
2018-11-17,Public dataset: NREL PVDAQ (Photovoltaic Data Acquisition) via OEDI data lake,462.725,True,3.4416,3.6439,0.94448,13.12,0.0,605.87708,0.76373,True,0.74438,451.00572,1.02598,0.98405,False,0.0,False
2018-11-18,Public dataset: NREL PVDAQ (Photovoltaic Data Acquisition) via OEDI data lake,483.9,True,3.8237,3.853,0.9924,10.72,0.0,693.82645,0.69744,True,0.74352,515.87575,0.93802,0.98863,False,0.0,False
2018-11-19,Public dataset: NREL PVDAQ (Photovoltaic Data Acquisition) via OEDI data lake,470.35,True,3.6422,3.925,0.92795,9.59,0.0,659.82799,0.71284,True,0.74266,490.02829,0.95984,0.99557,False,0.0,False
2018-11-20,Public dataset: NREL PVDAQ (Photovoltaic Data Acquisition) via OEDI data lake,453.2,True,3.3012,3.7046,0.89111,10.45,0.0,593.23225,0.76395,True,0.7418,440.05882,1.02986,0.99572,False,0.0,False
2018-11-21,Public dataset: NREL PVDAQ (Photovoltaic Data Acquisition) via OEDI data lake,444.25,True,3.3876,3.6134,0.93751,11.72,0.0,606.4747,0.73251,True,0.74094,449.35921,0.98863,0.98863,False,0.0,False
2018-11-22,Public dataset: NREL PVDAQ (Photovoltaic Data Acquisition) via OEDI data lake,430.825,True,3.1255,3.5674,0.87613,12.39,0.22,549.8851,0.78348,True,0.74007,406.95586,1.05865,0.99572,False,0.0,False
2018-11-23,Public dataset: NREL PVDAQ (Photovoltaic Data Acquisition) via OEDI data lake,442.2,True,3.2738,3.595,0.91065,10.84,0.0,591.07135,0.74813,True,0.73921,436.92719,1.01207,1.0028,False,0.0,False
2018-11-24,Public dataset: NREL PVDAQ (Photovoltaic Data Acquisition) via OEDI data lake,455.325,True,3.5299,3.57,0.98877,12.13,0.0,644.10278,0.70691,True,0.73835,475.57339,0.95742,1.00744,False,0.0,False
2018-11-25,Public dataset: NREL PVDAQ (Photovoltaic Data Acquisition) via OEDI data lake,411.6,True,2.9587,3.553,0.83273,9.08,0.0,530.9503,0.77521,False,0.73749,391.56951,1.05115,1.00615,False,0.0,False
2018-11-26,Public dataset: NREL PVDAQ (Photovoltaic Data Acquisition) via OEDI data lake,447.35,True,3.3134,3.582,0.92501,9.13,0.0,605.59835,0.73869,True,0.73663,446.09947,1.0028,1.00615,False,0.0,False
2018-11-27,Public dataset: NREL PVDAQ (Photovoltaic Data Acquisition) via OEDI data lake,367.475,True,2.9172,3.4354,0.84916,10.79,0.0,517.25375,0.71043,False,0.73576,380.57662,0.96557,1.0095,False,0.0,False
2018-11-28,Public dataset: NREL PVDAQ (Photovoltaic Data Acquisition) via OEDI data lake,379.45,True,2.3045,3.3024,0.69783,13.01,0.21,378.77641,1.00178,False,0.7349,278.36346,1.36315,1.00615,False,0.0,False
2018-11-29,Public dataset: NREL PVDAQ (Photovoltaic Data Acquisition) via OEDI data lake,181.35,True,1.3078,3.329,0.39285,10.62,7.23,198.93398,,False,0.73404,146.02543,,1.0095,False,0.0,False
2018-11-30,Public dataset: NREL PVDAQ (Photovoltaic Data Acquisition) via OEDI data lake,413.0,True,2.8752,3.4411,0.83555,9.76,0.5,518.01456,0.79727,False,0.73318,379.79666,1.08742,1.00615,False,0.0,False
2018-12-01,Public dataset: NREL PVDAQ (Photovoltaic Data Acquisition) via OEDI data lake,455.225,True,3.0818,3.3943,0.90793,8.7,0.0,567.67171,0.80192,True,0.73232,415.71477,1.09504,1.00112,False,0.0,False
2018-12-02,Public dataset: NREL PVDAQ (Photovoltaic Data Acquisition) via OEDI data lake,494.125,True,3.4886,3.5436,0.98448,7.21,0.0,669.18245,0.7384,True,0.73145,489.47577,1.0095,1.00615,False,0.0,False
2018-12-03,Public dataset: NREL PVDAQ (Photovoltaic Data Acquisition) via OEDI data lake,468.925,True,3.3434,3.4454,0.9704,5.06,0.0,642.20395,0.73018,True,0.73059,469.18861,0.99944,1.00615,False,0.0,False
2018-12-04,Public dataset: NREL PVDAQ (Photovoltaic Data Acquisition) via OEDI data lake,375.9,True,2.8087,3.3113,0.84822,5.51,0.0,517.46159,0.72643,False,0.72973,377.60682,0.99548,1.00447,False,0.0,False
2018-12-05,Public dataset: NREL PVDAQ (Photovoltaic Data Acquisition) via OEDI data lake,129.1,True,1.3315,3.2688,0.40734,5.8,0.14,206.91589,,False,0.72887,150.81418,,1.0095,False,0.0,False
2018-12-06,Public dataset: NREL PVDAQ (Photovoltaic Data Acquisition) via OEDI data lake,130.225,True,1.5557,3.2062,0.48522,7.9,1.88,244.33599,0.53298,False,0.728,177.87782,0.7321,1.00447,False,0.0,False
2018-12-07,Public dataset: NREL PVDAQ (Photovoltaic Data Acquisition) via OEDI data lake,178.3,True,1.8103,3.2244,0.56144,8.61,3.39,291.11394,0.61247,False,0.72714,211.68143,0.8423,1.00447,False,0.0,False
2018-12-08,Public dataset: NREL PVDAQ (Photovoltaic Data Acquisition) via OEDI data lake,430.55,True,3.2141,3.3113,0.97065,9.94,0.0,608.12649,0.70799,True,0.72628,441.67059,0.97482,0.99944,False,0.0,False
2018-12-09,Public dataset: NREL PVDAQ (Photovoltaic Data Acquisition) via OEDI data lake,436.925,True,3.0372,3.2455,0.93582,8.28,0.0,569.23061,0.76757,True,0.72542,412.93053,1.05811,0.97482,True,0.02518,False
2018-12-10,Public dataset: NREL PVDAQ (Photovoltaic Data Acquisition) via OEDI data lake,358.8,True,2.0899,3.1956,0.65399,9.56,0.0,349.34935,1.02705,False,0.72456,253.12338,1.41749,0.97413,True,0.02587,False
2018-12-11,Public dataset: NREL PVDAQ (Photovoltaic Data Acquisition) via OEDI data lake,422.625,True,3.186,3.2443,0.98203,10.81,0.0,601.23931,0.70292,True,0.72369,435.11358,0.9713,0.97413,True,0.02587,False
2018-12-12,Public dataset: NREL PVDAQ (Photovoltaic Data Acquisition) via OEDI data lake,416.625,True,3.0269,3.3283,0.90944,9.4,0.0,567.42099,0.73424,True,0.72283,410.15027,1.01579,0.97482,True,0.02518,False
2018-12-13,Public dataset: NREL PVDAQ (Photovoltaic Data Acquisition) via OEDI data lake,437.475,True,3.2434,3.2736,0.99077,6.47,0.0,627.94644,0.69668,True,0.72197,453.35868,0.96496,0.97482,True,0.02518,False
2018-12-14,Public dataset: NREL PVDAQ (Photovoltaic Data Acquisition) via OEDI data lake,251.95,True,2.2454,3.1598,0.71061,6.75,0.0,390.19129,0.64571,False,0.72111,281.37014,0.89544,0.97482,True,0.02518,False
2018-12-15,Public dataset: NREL PVDAQ (Photovoltaic Data Acquisition) via OEDI data lake,426.625,True,3.2357,3.2782,0.98704,8.89,0.0,621.05041,0.68694,True,0.72025,447.30914,0.95376,0.97413,True,0.02587,False
2018-12-16,Public dataset: NREL PVDAQ (Photovoltaic Data Acquisition) via OEDI data lake,422.275,True,3.1541,3.1961,0.98686,9.97,0.0,600.31975,0.70342,True,0.72261,433.79976,0.97343,0.97343,True,0.02657,False
2018-12-17,Public dataset: NREL PVDAQ (Photovoltaic Data Acquisition) via OEDI data lake,228.675,True,1.7902,3.0946,0.57849,10.18,0.06,293.59646,0.77888,False,0.72498,212.85241,1.07434,0.97237,True,0.02763,False
2018-12-18,Public dataset: NREL PVDAQ (Photovoltaic Data Acquisition) via OEDI data lake,370.6,True,2.7838,3.2098,0.86728,9.84,0.0,510.00646,0.72666,True,0.72735,370.95387,0.99905,0.97237,True,0.02763,False
2018-12-19,Public dataset: NREL PVDAQ (Photovoltaic Data Acquisition) via OEDI data lake,415.475,True,3.0619,3.2311,0.94763,10.36,0.0,575.72947,0.72165,True,0.72972,420.12115,0.98894,0.9692,True,0.0308,False
2018-12-20,Public dataset: NREL PVDAQ (Photovoltaic Data Acquisition) via OEDI data lake,329.8,True,2.616,3.2162,0.81338,10.31,0.0,471.86656,0.69893,False,0.73209,345.44791,0.9547,0.96496,True,0.03504,False
2018-12-21,Public dataset: NREL PVDAQ (Photovoltaic Data Acquisition) via OEDI data lake,263.375,True,2.4542,3.1282,0.78454,10.66,0.0,442.20561,0.59559,False,0.73446,324.7808,0.81093,0.96804,True,0.03196,False
2018-12-22,Public dataset: NREL PVDAQ (Photovoltaic Data Acquisition) via OEDI data lake,408.25,True,3.2052,3.3106,0.96816,9.65,0.0,606.08335,0.67359,True,0.73682,446.57732,0.91418,0.96264,True,0.03736,False
2018-12-23,Public dataset: NREL PVDAQ (Photovoltaic Data Acquisition) via OEDI data lake,302.0,True,2.3482,3.1567,0.74388,9.66,0.0,415.76907,0.72636,False,0.73919,307.33372,0.98265,0.96264,True,0.03736,False
2018-12-24,Public dataset: NREL PVDAQ (Photovoltaic Data Acquisition) via OEDI data lake,337.35,True,2.4173,3.1526,0.76676,9.31,0.01,429.82635,0.78485,False,0.74156,318.74277,1.05838,0.94796,True,0.05204,False
2018-12-25,Public dataset: NREL PVDAQ (Photovoltaic Data Acquisition) via OEDI data lake,311.8,True,1.997,3.1601,0.63194,8.02,0.49,336.69697,0.92606,False,0.74393,250.47902,1.24481,0.93634,True,0.06366,False
2018-12-26,Public dataset: NREL PVDAQ (Photovoltaic Data Acquisition) via OEDI data lake,442.4,True,3.192,3.3286,0.95896,6.87,0.0,615.79745,0.71842,True,0.7463,459.56874,0.96264,0.9198,True,0.0802,False
2018-12-27,Public dataset: NREL PVDAQ (Photovoltaic Data Acquisition) via OEDI data lake,389.175,True,2.7449,3.311,0.82902,5.06,0.06,515.55514,0.75487,False,0.74867,385.97909,1.00828,0.91452,True,0.08548,False
2018-12-28,Public dataset: NREL PVDAQ (Photovoltaic Data Acquisition) via OEDI data lake,293.35,True,2.7878,3.3377,0.83525,3.07,0.0,528.20435,0.55537,False,0.75104,396.70014,0.73948,0.91487,True,0.08513,False
2018-12-29,Public dataset: NREL PVDAQ (Photovoltaic Data Acquisition) via OEDI data lake,446.025,True,3.251,3.2935,0.9871,3.13,0.0,640.20156,0.69669,True,0.7534,482.33026,0.92473,0.91487,True,0.08513,False
2018-12-30,Public dataset: NREL PVDAQ (Photovoltaic Data Acquisition) via OEDI data lake,437.775,True,3.1826,3.2978,0.96507,5.31,0.0,611.04083,0.71644,True,0.75577,461.80765,0.94796,0.91488,True,0.08512,False
2018-12-31,Public dataset: NREL PVDAQ (Photovoltaic Data Acquisition) via OEDI data lake,266.7,True,3.0898,3.4025,0.9081,3.66,0.46,594.45244,0.44865,True,0.75814,450.6785,0.59177,0.91488,True,0.08512,False
2019-01-01,Public dataset: NREL PVDAQ (Photovoltaic Data Acquisition) via OEDI data lake,471.4,True,3.4056,3.4598,0.98433,0.13,0.0,677.52567,0.69577,True,0.76051,515.26434,0.91487,0.91488,True,0.08512,False
2019-01-02,Public dataset: NREL PVDAQ (Photovoltaic Data Acquisition) via OEDI data lake,458.575,True,3.324,3.3972,0.97845,0.37,0.0,659.97044,0.69484,True,0.76288,503.47651,0.91082,0.91488,True,0.08512,False
2019-01-03,Public dataset: NREL PVDAQ (Photovoltaic Data Acquisition) via OEDI data lake,443.65,True,3.3266,3.3461,0.99417,3.31,0.0,649.32842,0.68324,True,0.76525,496.89583,0.89284,0.91487,True,0.08513,False
2019-01-04,Public dataset: NREL PVDAQ (Photovoltaic Data Acquisition) via OEDI data lake,445.025,True,3.2962,3.3929,0.9715,5.25,0.0,633.68745,0.70228,True,0.76761,486.42747,0.91488,0.91487,True,0.08513,False
2019-01-05,Public dataset: NREL PVDAQ (Photovoltaic Data Acquisition) via OEDI data lake,111.3,True,1.4124,3.2885,0.4295,4.56,6.32,224.60036,,False,0.76998,172.93837,,0.91487,True,0.08513,False
2019-01-06,Public dataset: NREL PVDAQ (Photovoltaic Data Acquisition) via OEDI data lake,381.5,True,1.7261,3.3547,0.51453,5.65,3.46,279.5814,1.36454,False,0.77235,215.93496,1.76674,0.91168,True,0.08832,False
2019-01-07,Public dataset: NREL PVDAQ (Photovoltaic Data Acquisition) via OEDI data lake,144.175,True,1.6973,3.2573,0.52108,7.11,0.09,268.57745,0.53681,False,0.77472,208.07216,0.69291,0.91125,True,0.08875,False
2019-01-08,Public dataset: NREL PVDAQ (Photovoltaic Data Acquisition) via OEDI data lake,345.075,True,2.5579,3.2801,0.77982,7.57,0.0,451.05666,0.76504,False,0.77709,350.51063,0.98449,0.91168,True,0.08832,False
2019-01-09,Public dataset: NREL PVDAQ (Photovoltaic Data Acquisition) via OEDI data lake,443.325,True,3.2218,3.3953,0.9489,9.46,0.0,596.31896,0.74344,True,0.77946,464.80451,0.95379,0.91125,True,0.08875,False
2019-01-10,Public dataset: NREL PVDAQ (Photovoltaic Data Acquisition) via OEDI data lake,437.75,True,3.3139,3.3986,0.97508,10.04,0.03,614.14757,0.71278,True,0.78182,480.15568,0.91168,0.91168,True,0.08832,False
2019-01-11,Public dataset: NREL PVDAQ (Photovoltaic Data Acquisition) via OEDI data lake,384.95,True,2.747,3.4997,0.78492,7.97,0.0,486.92575,0.79057,False,0.78419,381.84376,1.00813,0.91488,True,0.08512,False
2019-01-12,Public dataset: NREL PVDAQ (Photovoltaic Data Acquisition) via OEDI data lake,250.925,True,2.5303,3.461,0.73109,6.49,0.01,442.55722,0.56699,False,0.78656,348.09842,0.72084,0.91532,True,0.08468,False
2019-01-13,Public dataset: NREL PVDAQ (Photovoltaic Data Acquisition) via OEDI data lake,461.725,True,3.4517,3.5664,0.96784,6.09,0.0,651.33582,0.70889,True,0.78893,513.85824,0.89855,0.91532,True,0.08468,False
2019-01-14,Public dataset: NREL PVDAQ (Photovoltaic Data Acquisition) via OEDI data lake,197.0,True,2.1742,3.4205,0.63564,6.64,7.82,359.64612,0.54776,False,0.7913,284.58733,0.69223,0.91532,True,0.08468,False
2019-01-15,Public dataset: NREL PVDAQ (Photovoltaic Data Acquisition) via OEDI data lake,71.7,True,0.9089,3.3566,0.27078,7.06,10.54,140.02071,,False,0.79367,111.12977,,0.92728,True,0.07272,False
2019-01-16,Public dataset: NREL PVDAQ (Photovoltaic Data Acquisition) via OEDI data lake,334.825,True,2.022,3.443,0.58728,8.75,0.46,322.71101,1.03754,False,0.79316,255.96056,1.30811,0.93793,True,0.06207,False
2019-01-17,Public dataset: NREL PVDAQ (Photovoltaic Data Acquisition) via OEDI data lake,192.6,True,1.9236,3.4284,0.56108,10.51,3.47,303.51223,0.63457,False,0.79265,240.5783,0.80057,0.91709,True,0.08291,False
2019-01-18,Public dataset: NREL PVDAQ (Photovoltaic Data Acquisition) via OEDI data lake,476.025,True,3.4848,3.6163,0.96364,9.97,0.0,639.81603,0.744,True,0.79214,506.82284,0.93923,0.91709,True,0.08291,False
2019-01-19,Public dataset: NREL PVDAQ (Photovoltaic Data Acquisition) via OEDI data lake,447.35,True,3.4008,3.6209,0.93921,9.48,0.0,617.38076,0.72459,True,0.79163,488.73651,0.91532,0.92751,True,0.07249,False
2019-01-20,Public dataset: NREL PVDAQ (Photovoltaic Data Acquisition) via OEDI data lake,384.25,True,2.4854,3.6005,0.69029,9.36,0.0,416.3526,0.9229,False,0.79112,329.3847,1.16657,0.91889,True,0.08111,False
2019-01-21,Public dataset: NREL PVDAQ (Photovoltaic Data Acquisition) via OEDI data lake,321.325,True,1.4674,3.8256,0.38357,8.75,0.2,224.62563,,False,0.79061,177.59131,,0.91889,True,0.08111,False
2019-01-22,Public dataset: NREL PVDAQ (Photovoltaic Data Acquisition) via OEDI data lake,551.7,True,3.9262,3.9809,0.98626,4.16,0.0,740.50404,0.74503,True,0.7901,585.07281,0.94296,0.91889,True,0.08111,False
2019-01-23,Public dataset: NREL PVDAQ (Photovoltaic Data Acquisition) via OEDI data lake,514.275,True,3.7466,3.8206,0.98063,5.57,0.0,694.42037,0.74058,True,0.78959,548.30833,0.93793,0.92841,True,0.07159,False
2019-01-24,Public dataset: NREL PVDAQ (Photovoltaic Data Acquisition) via OEDI data lake,513.475,True,3.8681,3.9346,0.9831,7.94,0.0,709.55512,0.72366,True,0.78908,559.89715,0.91709,0.92841,True,0.07159,False
2019-01-25,Public dataset: NREL PVDAQ (Photovoltaic Data Acquisition) via OEDI data lake,488.275,True,3.8489,3.9485,0.97478,7.8,0.0,700.87228,0.69667,True,0.78857,552.68865,0.88345,0.91889,True,0.08111,False
2019-01-26,Public dataset: NREL PVDAQ (Photovoltaic Data Acquisition) via OEDI data lake,518.8,True,3.8657,3.9862,0.96977,8.73,0.0,695.88792,0.74552,True,0.78806,548.40363,0.94602,0.91799,True,0.08201,False
2019-01-27,Public dataset: NREL PVDAQ (Photovoltaic Data Acquisition) via OEDI data lake,471.225,True,3.6799,3.9466,0.93242,11.18,0.0,651.15349,0.72368,True,0.78755,512.81837,0.91889,0.91889,True,0.08111,False
2019-01-28,Public dataset: NREL PVDAQ (Photovoltaic Data Acquisition) via OEDI data lake,432.55,True,3.7346,3.9689,0.94097,11.07,0.0,656.63596,0.65874,True,0.78704,516.80162,0.83697,0.91889,True,0.08111,False
2019-01-29,Public dataset: NREL PVDAQ (Photovoltaic Data Acquisition) via OEDI data lake,334.875,True,3.0446,3.881,0.78449,10.76,0.0,511.14656,0.65514,False,0.78653,402.03462,0.83295,0.91889,True,0.08111,False
2019-01-30,Public dataset: NREL PVDAQ (Photovoltaic Data Acquisition) via OEDI data lake,494.9,True,3.7613,4.0032,0.93957,10.53,0.0,662.38473,0.74715,True,0.78603,520.65131,0.95054,0.91889,True,0.08111,False
2019-01-31,Public dataset: NREL PVDAQ (Photovoltaic Data Acquisition) via OEDI data lake,337.7,True,2.7228,3.9614,0.68733,11.24,0.0,443.82592,0.76088,False,0.78552,348.63241,0.96864,0.91889,True,0.08111,False
2019-02-01,Public dataset: NREL PVDAQ (Photovoltaic Data Acquisition) via OEDI data lake,472.975,True,3.8702,4.0651,0.95206,12.03,0.0,671.87771,0.70396,True,0.78501,527.42852,0.89676,0.92279,True,0.07721,False
2019-02-02,Public dataset: NREL PVDAQ (Photovoltaic Data Acquisition) via OEDI data lake,51.775,True,0.9098,4.0318,0.22566,12.24,10.52,136.29276,,False,0.7845,106.92131,,0.93441,True,0.06559,False
2019-02-03,Public dataset: NREL PVDAQ (Photovoltaic Data Acquisition) via OEDI data lake,424.95,True,3.1104,4.1868,0.74291,9.24,0.05,520.68214,0.81614,False,0.78399,408.2085,1.04101,0.92279,True,0.07721,False
2019-02-04,Public dataset: NREL PVDAQ (Photovoltaic Data Acquisition) via OEDI data lake,299.3,True,1.9075,4.2221,0.45179,9.41,2.36,293.73889,1.01893,False,0.78348,230.1381,1.30052,0.95054,True,0.04946,False
2019-02-05,Public dataset: NREL PVDAQ (Photovoltaic Data Acquisition) via OEDI data lake,240.225,True,2.4454,4.3891,0.55715,6.43,3.89,391.7119,0.61327,False,0.78297,306.69831,0.78326,0.96678,True,0.03322,False
2019-02-06,Public dataset: NREL PVDAQ (Photovoltaic Data Acquisition) via OEDI data lake,583.075,True,4.0265,4.6058,0.87422,2.76,0.0,721.07848,0.80862,True,0.78246,564.21485,1.03343,0.96678,True,0.03322,False
2019-02-07,Public dataset: NREL PVDAQ (Photovoltaic Data Acquisition) via OEDI data lake,598.9,True,4.5775,4.6687,0.98047,2.4,0.0,829.98635,0.72158,True,0.78195,649.00807,0.92279,0.98302,True,0.01698,False
2019-02-08,Public dataset: NREL PVDAQ (Photovoltaic Data Acquisition) via OEDI data lake,608.1,True,4.4119,4.6183,0.95531,3.79,0.0,791.62307,0.76817,True,0.78144,618.60663,0.98302,0.98302,True,0.01698,False
2019-02-09,Public dataset: NREL PVDAQ (Photovoltaic Data Acquisition) via OEDI data lake,535.625,True,3.5899,4.5319,0.79214,5.61,0.0,612.28535,0.8748,False,0.78093,478.1529,1.1202,1.00116,False,0.0,False
2019-02-10,Public dataset: NREL PVDAQ (Photovoltaic Data Acquisition) via OEDI data lake,600.7,True,3.3934,4.5809,0.74077,5.55,0.85,572.66695,1.04895,False,0.78042,446.92193,1.34408,1.00116,False,0.0,False
2019-02-11,Public dataset: NREL PVDAQ (Photovoltaic Data Acquisition) via OEDI data lake,622.425,True,4.4218,4.7952,0.92213,3.36,0.0,782.95669,0.79497,True,0.77991,610.63784,1.0193,1.00116,False,0.0,False
2019-02-12,Public dataset: NREL PVDAQ (Photovoltaic Data Acquisition) via OEDI data lake,519.15,True,4.015,4.8257,0.832,5.4,0.0,691.16816,0.75112,False,0.7794,538.69872,0.96371,1.00116,False,0.0,False
2019-02-13,Public dataset: NREL PVDAQ (Photovoltaic Data Acquisition) via OEDI data lake,0.0,True,1.6382,4.597,0.35636,6.97,0.17,249.73467,0.0,False,0.77889,194.5168,0.0,1.00116,False,0.0,False
2019-02-14,Public dataset: NREL PVDAQ (Photovoltaic Data Acquisition) via OEDI data lake,0.0,True,0.7601,4.5295,0.16781,7.35,29.8,117.49959,,False,0.77838,91.45985,,1.00152,False,0.0,False
2019-02-15,Public dataset: NREL PVDAQ (Photovoltaic Data Acquisition) via OEDI data lake,0.0,True,4.5456,4.8799,0.93149,8.45,0.19,779.01956,0.0,True,0.77788,605.97988,0.0,1.00188,False,0.0,True
2019-02-16,Public dataset: NREL PVDAQ (Photovoltaic Data Acquisition) via OEDI data lake,0.0,True,4.4638,4.9896,0.89462,7.03,0.17,758.64527,0.0,True,0.77796,590.19852,0.0,1.00224,False,0.0,True
2019-02-17,Public dataset: NREL PVDAQ (Photovoltaic Data Acquisition) via OEDI data lake,0.0,True,3.2738,4.9723,0.65841,4.22,2.9,544.19947,0.0,False,0.77805,423.41572,0.0,1.00259,False,0.0,True
2019-02-18,Public dataset: NREL PVDAQ (Photovoltaic Data Acquisition) via OEDI data lake,0.0,True,3.9826,5.1535,0.7728,3.82,0.98,669.8238,0.0,False,0.77814,521.21746,0.0,1.00295,False,0.0,True
2019-02-19,Public dataset: NREL PVDAQ (Photovoltaic Data Acquisition) via OEDI data lake,0.0,True,4.7899,5.2286,0.9161,2.77,0.0,829.78058,0.0,True,0.77823,645.76,0.0,1.00331,False,0.0,True
2019-02-20,Public dataset: NREL PVDAQ (Photovoltaic Data Acquisition) via OEDI data lake,0.0,True,3.0482,4.9778,0.61236,3.12,1.84,492.62488,0.0,False,0.77832,383.41907,0.0,1.00367,False,0.0,True
2019-02-21,Public dataset: NREL PVDAQ (Photovoltaic Data Acquisition) via OEDI data lake,0.0,True,2.8315,5.1938,0.54517,1.39,6.2,453.86312,0.0,False,0.77841,353.29033,0.0,1.00403,False,0.0,True
2019-02-22,Public dataset: NREL PVDAQ (Photovoltaic Data Acquisition) via OEDI data lake,0.0,True,4.7724,5.3539,0.89139,3.0,0.06,819.13029,0.0,True,0.7785,637.68959,0.0,1.00439,False,0.0,True
2019-02-23,Public dataset: NREL PVDAQ (Photovoltaic Data Acquisition) via OEDI data lake,0.0,True,4.7988,5.4048,0.88788,4.56,0.63,809.05066,0.0,True,0.77858,629.91441,0.0,1.00475,False,0.0,True
2019-02-24,Public dataset: NREL PVDAQ (Photovoltaic Data Acquisition) via OEDI data lake,0.0,True,5.1089,5.3278,0.95891,6.59,0.0,858.32266,0.0,True,0.77867,668.35296,0.0,1.00511,False,0.0,True
2019-02-25,Public dataset: NREL PVDAQ (Photovoltaic Data Acquisition) via OEDI data lake,0.0,True,4.5084,5.2632,0.85659,9.07,0.0,734.39525,0.0,True,0.77876,571.91913,0.0,1.00546,False,0.0,True
2019-02-26,Public dataset: NREL PVDAQ (Photovoltaic Data Acquisition) via OEDI data lake,0.0,True,4.1935,5.3213,0.78806,10.64,0.0,668.68083,0.0,False,0.77885,520.80255,0.0,1.00582,False,0.0,True
2019-02-27,Public dataset: NREL PVDAQ (Photovoltaic Data Acquisition) via OEDI data lake,0.0,True,4.8679,5.3544,0.90914,12.96,0.0,776.44,0.0,True,0.77894,604.79972,0.0,1.00618,False,0.0,True
2019-02-28,Public dataset: NREL PVDAQ (Photovoltaic Data Acquisition) via OEDI data lake,0.0,True,5.2248,5.3998,0.96759,14.57,0.0,833.92479,0.0,True,0.77903,649.65086,0.0,1.00654,False,0.0,True
2019-03-01,Public dataset: NREL PVDAQ (Photovoltaic Data Acquisition) via OEDI data lake,0.0,True,3.8016,5.4742,0.69446,14.34,0.0,586.93589,0.0,False,0.77912,457.29162,0.0,1.0069,False,0.0,True
2019-03-02,Public dataset: NREL PVDAQ (Photovoltaic Data Acquisition) via OEDI data lake,0.0,True,2.9237,5.405,0.54093,14.08,4.73,440.12595,0.0,False,0.77921,342.94857,0.0,1.00726,False,0.0,True
2019-03-03,Public dataset: NREL PVDAQ (Photovoltaic Data Acquisition) via OEDI data lake,0.0,True,4.4225,5.5627,0.79503,13.41,0.01,697.76597,0.0,False,0.77929,543.76498,0.0,1.00762,False,0.0,True
2019-03-04,Public dataset: NREL PVDAQ (Photovoltaic Data Acquisition) via OEDI data lake,0.0,True,4.9802,5.6726,0.87794,12.87,0.0,791.93175,0.0,True,0.77938,617.21807,0.0,1.00798,False,0.0,True
2019-03-05,Public dataset: NREL PVDAQ (Photovoltaic Data Acquisition) via OEDI data lake,0.0,True,3.2947,5.5486,0.59379,14.71,0.37,491.5744,0.0,False,0.77947,383.16828,0.0,1.00833,False,0.0,True
2019-03-06,Public dataset: NREL PVDAQ (Photovoltaic Data Acquisition) via OEDI data lake,0.0,True,2.1228,5.5116,0.38515,13.11,10.73,317.45065,0.0,False,0.77956,247.47193,0.0,1.00869,False,0.0,False
2019-03-07,Public dataset: NREL PVDAQ (Photovoltaic Data Acquisition) via OEDI data lake,0.0,True,5.2831,5.8997,0.89549,12.87,0.05,834.88884,0.0,True,0.77965,650.92025,0.0,1.01091,False,0.0,True
2019-03-08,Public dataset: NREL PVDAQ (Photovoltaic Data Acquisition) via OEDI data lake,0.0,True,4.3049,5.8536,0.73543,8.89,0.07,682.87086,0.0,False,0.77974,532.46015,0.0,1.01161,False,0.0,True
2019-03-09,Public dataset: NREL PVDAQ (Photovoltaic Data Acquisition) via OEDI data lake,0.0,True,5.5452,6.017,0.92159,8.25,0.0,888.15508,0.0,True,0.77983,692.60678,0.0,1.0123,False,0.0,True
2019-03-10,Public dataset: NREL PVDAQ (Photovoltaic Data Acquisition) via OEDI data lake,0.0,True,2.8565,5.9311,0.48161,9.34,0.01,430.3238,0.0,False,0.77992,335.61602,0.0,1.013,False,0.0,False
2019-03-11,Public dataset: NREL PVDAQ (Photovoltaic Data Acquisition) via OEDI data lake,0.0,True,4.7232,5.9892,0.78862,10.92,1.95,734.28331,0.0,False,0.78,572.74376,0.0,1.013,False,0.0,True
2019-03-12,Public dataset: NREL PVDAQ (Photovoltaic Data Acquisition) via OEDI data lake,0.0,True,4.5691,5.9731,0.76495,11.91,3.61,702.50721,0.0,False,0.78009,548.0206,0.0,0.98396,False,0.0,True
2019-03-13,Public dataset: NREL PVDAQ (Photovoltaic Data Acquisition) via OEDI data lake,0.0,True,6.0612,6.4862,0.93448,7.96,0.4,968.79561,0.0,True,0.78018,755.83611,0.0,0.97811,False,0.0,True
2019-03-14,Public dataset: NREL PVDAQ (Photovoltaic Data Acquisition) via OEDI data lake,,False,6.3523,6.4867,0.97928,7.11,0.0,1008.51762,,False,0.78027,786.91593,,0.98396,False,0.0,False
2019-03-15,Public dataset: NREL PVDAQ (Photovoltaic Data Acquisition) via OEDI data lake,,False,6.4229,6.5374,0.98249,9.09,0.0,1005.12516,,False,0.78036,784.35804,,0.98623,False,0.0,False
2019-03-16,Public dataset: NREL PVDAQ (Photovoltaic Data Acquisition) via OEDI data lake,,False,6.3799,6.4421,0.99034,12.01,0.0,983.03162,,False,0.78073,767.48032,,0.98396,False,0.0,False
2019-03-17,Public dataset: NREL PVDAQ (Photovoltaic Data Acquisition) via OEDI data lake,,False,6.3389,6.3986,0.99067,14.88,0.0,964.90199,,False,0.7811,753.68248,,0.98396,False,0.0,False
2019-03-18,Public dataset: NREL PVDAQ (Photovoltaic Data Acquisition) via OEDI data lake,,False,5.9945,6.2926,0.95263,16.37,0.0,904.85836,,False,0.78147,707.11684,,1.013,False,0.0,False
2019-03-19,Public dataset: NREL PVDAQ (Photovoltaic Data Acquisition) via OEDI data lake,,False,4.8151,6.2928,0.76518,16.92,0.0,718.66781,,False,0.78184,561.88059,,1.013,False,0.0,False
2019-03-20,Public dataset: NREL PVDAQ (Photovoltaic Data Acquisition) via OEDI data lake,191.6,True,1.6956,6.2316,0.2721,13.79,1.25,250.59774,0.76457,False,0.78221,196.01899,0.97746,0.98396,False,0.0,False
2019-03-21,Public dataset: NREL PVDAQ (Photovoltaic Data Acquisition) via OEDI data lake,711.125,True,3.239,6.3353,0.51126,11.17,0.3,480.54211,1.47984,False,0.78258,376.06032,1.89099,0.97811,False,0.0,False
2019-03-22,Public dataset: NREL PVDAQ (Photovoltaic Data Acquisition) via OEDI data lake,760.075,True,6.1373,6.5832,0.93227,13.2,0.0,931.62739,0.81586,True,0.78294,729.41263,1.04204,0.98396,False,0.0,False
2019-03-23,Public dataset: NREL PVDAQ (Photovoltaic Data Acquisition) via OEDI data lake,761.525,True,5.8882,6.4644,0.91087,15.13,0.0,879.4608,0.8659,True,0.78331,688.89399,1.10543,0.98623,False,0.0,False
2019-03-24,Public dataset: NREL PVDAQ (Photovoltaic Data Acquisition) via OEDI data lake,769.125,True,6.7447,6.8422,0.98575,14.43,0.0,1009.4195,0.76195,True,0.78368,791.06537,0.97226,0.98396,False,0.0,False
2019-03-25,Public dataset: NREL PVDAQ (Photovoltaic Data Acquisition) via OEDI data lake,771.65,True,6.7306,6.833,0.98501,16.12,0.0,1000.22448,0.77148,True,0.78405,784.2289,0.98396,0.98396,False,0.0,False
2019-03-26,Public dataset: NREL PVDAQ (Photovoltaic Data Acquisition) via OEDI data lake,741.675,True,5.6347,6.9041,0.81614,17.98,0.0,828.60512,0.89509,False,0.78442,649.97635,1.14108,0.98396,False,0.0,False
2019-03-27,Public dataset: NREL PVDAQ (Photovoltaic Data Acquisition) via OEDI data lake,650.65,True,6.0233,6.852,0.87906,15.66,0.0,893.14299,0.72849,True,0.78479,700.93125,0.92827,0.98447,False,0.0,False
2019-03-28,Public dataset: NREL PVDAQ (Photovoltaic Data Acquisition) via OEDI data lake,716.55,True,6.6418,7.0663,0.93993,15.27,0.0,977.16291,0.7333,True,0.78516,767.23039,0.93394,0.98447,False,0.0,False
2019-03-29,Public dataset: NREL PVDAQ (Photovoltaic Data Acquisition) via OEDI data lake,809.35,True,7.0044,7.0927,0.98755,14.67,0.0,1035.60683,0.78152,True,0.78553,813.50087,0.9949,0.98447,False,0.0,False
2019-03-30,Public dataset: NREL PVDAQ (Photovoltaic Data Acquisition) via OEDI data lake,799.825,True,6.9494,7.001,0.99263,13.57,0.0,1029.56515,0.77686,True,0.7859,809.1353,0.98849,0.98447,False,0.0,False
2019-03-31,Public dataset: NREL PVDAQ (Photovoltaic Data Acquisition) via OEDI data lake,810.125,True,7.1062,7.1635,0.992,14.49,0.0,1047.25851,0.77357,True,0.78627,823.4274,0.98385,0.9839,False,0.0,False
2019-04-01,Public dataset: NREL PVDAQ (Photovoltaic Data Acquisition) via OEDI data lake,619.5,True,5.4804,6.9826,0.78487,17.14,0.0,801.50467,0.77292,False,0.78664,630.49476,0.98256,0.98396,False,0.0,False
2019-04-02,Public dataset: NREL PVDAQ (Photovoltaic Data Acquisition) via OEDI data lake,700.1,True,5.2128,6.9317,0.75202,19.06,0.01,747.10985,0.93708,False,0.78701,587.98168,1.19068,0.98497,False,0.0,False
2019-04-03,Public dataset: NREL PVDAQ (Photovoltaic Data Acquisition) via OEDI data lake,762.025,True,6.7812,7.2672,0.93312,17.35,0.01,982.5658,0.77555,True,0.78738,773.65047,0.98497,0.98673,False,0.0,False
2019-04-04,Public dataset: NREL PVDAQ (Photovoltaic Data Acquisition) via OEDI data lake,680.45,True,5.148,6.9874,0.73675,17.61,0.0,745.04593,0.9133,False,0.78775,586.90784,1.15938,0.98849,False,0.0,False
2019-04-05,Public dataset: NREL PVDAQ (Photovoltaic Data Acquisition) via OEDI data lake,716.0,True,6.0307,7.129,0.84594,16.86,0.0,876.8669,0.81654,False,0.78812,691.07338,1.03607,0.9917,False,0.0,False
2019-04-06,Public dataset: NREL PVDAQ (Photovoltaic Data Acquisition) via OEDI data lake,787.35,True,6.6576,7.3399,0.90704,17.38,0.0,960.9234,0.81937,True,0.78849,757.6747,1.03917,0.98673,False,0.0,False
2019-04-07,Public dataset: NREL PVDAQ (Photovoltaic Data Acquisition) via OEDI data lake,753.7,True,7.0346,7.3015,0.96345,20.43,0.0,999.24014,0.75427,True,0.78886,788.25607,0.95616,0.99956,False,0.0,False
2019-04-08,Public dataset: NREL PVDAQ (Photovoltaic Data Acquisition) via OEDI data lake,587.1,True,5.6431,7.2108,0.78259,21.23,0.0,801.79346,0.73223,False,0.78922,632.79538,0.92779,1.01414,False,0.0,False
2019-04-09,Public dataset: NREL PVDAQ (Photovoltaic Data Acquisition) via OEDI data lake,811.125,True,6.8724,7.4309,0.92484,19.77,0.0,971.22263,0.83516,True,0.78959,766.8719,1.05771,1.01414,False,0.0,False
2019-04-10,Public dataset: NREL PVDAQ (Photovoltaic Data Acquisition) via OEDI data lake,907.625,True,7.1273,7.7621,0.91822,14.19,0.0,1037.28801,0.875,True,0.78996,819.41996,1.10764,1.01246,False,0.0,False
2019-04-11,Public dataset: NREL PVDAQ (Photovoltaic Data Acquisition) via OEDI data lake,709.8,True,5.6921,7.6051,0.74846,14.56,0.0,828.40483,0.85683,False,0.79033,654.71585,1.08413,1.01246,False,0.0,False
2019-04-12,Public dataset: NREL PVDAQ (Photovoltaic Data Acquisition) via OEDI data lake,639.325,True,6.0434,7.6834,0.78655,14.06,0.16,883.52044,0.72361,False,0.7907,698.60195,0.91515,1.01078,False,0.0,False
2019-04-13,Public dataset: NREL PVDAQ (Photovoltaic Data Acquisition) via OEDI data lake,850.55,True,7.7621,7.8029,0.99477,15.86,0.0,1102.63912,0.77138,True,0.79107,872.26702,0.9751,1.01246,False,0.0,False
2019-04-14,Public dataset: NREL PVDAQ (Photovoltaic Data Acquisition) via OEDI data lake,832.9,True,7.4326,7.531,0.98693,19.06,0.0,1037.71196,0.80263,True,0.79144,821.28832,1.01414,1.01078,False,0.0,False
2019-04-15,Public dataset: NREL PVDAQ (Photovoltaic Data Acquisition) via OEDI data lake,617.525,True,5.8349,7.674,0.76035,19.31,0.0,822.61867,0.75068,False,0.79181,651.35846,0.94806,1.01414,False,0.0,False
2019-04-16,Public dataset: NREL PVDAQ (Photovoltaic Data Acquisition) via OEDI data lake,321.575,True,2.9885,7.6327,0.39154,14.87,2.15,435.50521,0.7384,False,0.79226,345.03204,0.93201,1.01246,False,0.0,False
2019-04-17,Public dataset: NREL PVDAQ (Photovoltaic Data Acquisition) via OEDI data lake,883.325,True,7.8814,7.9186,0.9953,17.52,0.0,1102.43616,0.80125,True,0.7927,873.90448,1.01078,1.00065,False,0.0,False
2019-04-18,Public dataset: NREL PVDAQ (Photovoltaic Data Acquisition) via OEDI data lake,836.85,True,7.8674,7.9406,0.99078,20.66,0.0,1083.03682,0.77269,True,0.79315,859.00964,0.9742,0.99851,False,0.0,False
2019-04-19,Public dataset: NREL PVDAQ (Photovoltaic Data Acquisition) via OEDI data lake,711.9,True,7.1155,7.7839,0.91413,22.3,0.0,975.16565,0.73003,True,0.7936,773.88669,0.9199,0.99389,False,0.0,False
2019-04-20,Public dataset: NREL PVDAQ (Photovoltaic Data Acquisition) via OEDI data lake,827.425,True,7.4066,7.7688,0.95338,22.73,0.0,1006.39313,0.82217,True,0.79404,799.11756,1.03542,0.9922,False,0.0,False
2019-04-21,Public dataset: NREL PVDAQ (Photovoltaic Data Acquisition) via OEDI data lake,583.0,True,6.4082,7.9584,0.80521,19.6,0.03,895.03995,0.65137,False,0.79449,711.09778,0.81986,0.9922,False,0.0,False
2019-04-22,Public dataset: NREL PVDAQ (Photovoltaic Data Acquisition) via OEDI data lake,857.8,True,6.8069,7.921,0.85935,18.98,0.03,952.72008,0.90037,True,0.79493,757.34886,1.13264,0.99051,False,0.0,False
2019-04-23,Public dataset: NREL PVDAQ (Photovoltaic Data Acquisition) via OEDI data lake,848.0,True,7.914,7.9968,0.98965,22.5,0.0,1076.36808,0.78783,True,0.79538,856.12087,0.99051,0.99051,False,0.0,False
2019-04-24,Public dataset: NREL PVDAQ (Photovoltaic Data Acquisition) via OEDI data lake,814.2,True,7.8166,7.8578,0.99476,24.45,0.0,1048.95285,0.7762,True,0.79583,834.78324,0.97534,0.9922,False,0.0,False
2019-04-25,Public dataset: NREL PVDAQ (Photovoltaic Data Acquisition) via OEDI data lake,783.8,True,7.3205,7.7198,0.94828,26.51,0.0,977.97469,0.80145,True,0.79627,778.73324,1.00651,0.98293,False,0.0,False
2019-04-26,Public dataset: NREL PVDAQ (Photovoltaic Data Acquisition) via OEDI data lake,819.425,True,7.8302,7.9898,0.98002,26.81,0.0,1034.82675,0.79185,True,0.79672,824.46448,0.99389,0.98293,False,0.0,False
2019-04-27,Public dataset: NREL PVDAQ (Photovoltaic Data Acquisition) via OEDI data lake,753.5,True,7.621,8.1206,0.93848,25.51,0.0,1012.24147,0.74439,True,0.79716,806.9219,0.9338,0.9922,False,0.0,False
2019-04-28,Public dataset: NREL PVDAQ (Photovoltaic Data Acquisition) via OEDI data lake,826.025,True,8.0556,8.2378,0.97788,25.23,0.0,1066.70915,0.77437,True,0.79761,850.81734,0.97086,0.9922,False,0.0,False
2019-04-29,Public dataset: NREL PVDAQ (Photovoltaic Data Acquisition) via OEDI data lake,266.75,True,1.8749,7.9644,0.23541,20.96,8.34,267.42961,0.99746,False,0.79806,213.42368,1.24986,0.99389,False,0.0,False
2019-04-30,Public dataset: NREL PVDAQ (Photovoltaic Data Acquisition) via OEDI data lake,822.175,True,6.1207,8.058,0.75958,18.59,0.02,854.27029,0.96243,False,0.7985,682.13618,1.20529,0.9922,False,0.0,False
2019-05-01,Public dataset: NREL PVDAQ (Photovoltaic Data Acquisition) via OEDI data lake,912.6,True,8.0731,8.4353,0.95706,17.85,0.0,1111.56792,0.821,True,0.79895,888.08455,1.0276,0.99558,False,0.0,False
2019-05-02,Public dataset: NREL PVDAQ (Photovoltaic Data Acquisition) via OEDI data lake,865.775,True,8.2224,8.2541,0.99616,19.75,0.0,1114.93977,0.77652,True,0.79939,891.27579,0.97139,0.99726,False,0.0,False
2019-05-03,Public dataset: NREL PVDAQ (Photovoltaic Data Acquisition) via OEDI data lake,731.975,True,7.8528,8.2056,0.957,22.43,0.0,1053.80071,0.6946,True,0.79984,842.87165,0.86843,0.99558,False,0.0,False
2019-05-04,Public dataset: NREL PVDAQ (Photovoltaic Data Acquisition) via OEDI data lake,839.3,True,7.9488,8.0602,0.98618,24.29,0.0,1051.62742,0.7981,True,0.80029,841.60244,0.99726,1.00198,False,0.0,False
2019-05-05,Public dataset: NREL PVDAQ (Photovoltaic Data Acquisition) via OEDI data lake,859.6,True,8.0803,8.2147,0.98364,23.47,0.0,1066.38207,0.80609,True,0.80073,853.88603,1.00669,1.00198,False,0.0,False
2019-05-06,Public dataset: NREL PVDAQ (Photovoltaic Data Acquisition) via OEDI data lake,876.4,True,7.8154,8.2639,0.94573,20.8,0.0,1051.86961,0.83318,True,0.80118,842.73462,1.03995,1.01086,False,0.0,False
2019-05-07,Public dataset: NREL PVDAQ (Photovoltaic Data Acquisition) via OEDI data lake,729.9,True,6.8758,8.1905,0.83948,21.31,0.47,932.3805,0.78283,False,0.80162,747.41847,0.97656,1.00669,False,0.0,False
2019-05-08,Public dataset: NREL PVDAQ (Photovoltaic Data Acquisition) via OEDI data lake,879.4,True,7.3325,8.3777,0.87524,22.33,0.01,987.39711,0.89062,True,0.80207,791.96152,1.11041,1.00669,False,0.0,False
2019-05-09,Public dataset: NREL PVDAQ (Photovoltaic Data Acquisition) via OEDI data lake,390.675,True,5.2486,8.0602,0.65117,19.57,13.35,733.9627,0.53228,False,0.80252,589.01679,0.66327,1.00198,False,0.0,False
2019-05-10,Public dataset: NREL PVDAQ (Photovoltaic Data Acquisition) via OEDI data lake,791.125,True,5.7334,7.9728,0.71912,18.23,4.98,796.07619,0.99378,False,0.80296,639.21893,1.23764,1.00669,False,0.0,False
2019-05-11,Public dataset: NREL PVDAQ (Photovoltaic Data Acquisition) via OEDI data lake,858.525,True,7.7693,8.3232,0.93345,21.22,0.16,1044.44021,0.822,True,0.80341,839.11167,1.02314,1.00669,False,0.0,False
2019-05-12,Public dataset: NREL PVDAQ (Photovoltaic Data Acquisition) via OEDI data lake,860.4,True,8.2966,8.4694,0.9796,23.07,0.0,1093.91778,0.78653,True,0.80385,879.35028,0.97845,1.01086,False,0.0,False
2019-05-13,Public dataset: NREL PVDAQ (Photovoltaic Data Acquisition) via OEDI data lake,848.25,True,7.9541,8.2498,0.96416,25.38,0.0,1039.02927,0.81639,True,0.8043,835.69138,1.01503,1.01503,False,0.0,False
2019-05-14,Public dataset: NREL PVDAQ (Photovoltaic Data Acquisition) via OEDI data lake,861.05,True,8.4082,8.6016,0.97752,25.86,0.0,1086.71829,0.79234,True,0.80475,874.53239,0.98458,0.99981,False,0.0,False
2019-05-15,Public dataset: NREL PVDAQ (Photovoltaic Data Acquisition) via OEDI data lake,782.9,True,6.336,8.4559,0.7493,24.92,0.0,845.13682,0.92636,False,0.80519,680.49759,1.15048,0.99981,False,0.0,False
2019-05-16,Public dataset: NREL PVDAQ (Photovoltaic Data Acquisition) via OEDI data lake,597.525,True,4.5214,8.4336,0.53612,17.9,1.05,630.73927,0.94734,False,0.80457,507.47172,1.17745,0.98458,False,0.0,False
2019-05-17,Public dataset: NREL PVDAQ (Photovoltaic Data Acquisition) via OEDI data lake,749.15,True,7.3776,8.8526,0.83338,17.01,0.0,1006.83942,0.74406,False,0.80394,809.43936,0.92552,0.98458,False,0.0,False
2019-05-18,Public dataset: NREL PVDAQ (Photovoltaic Data Acquisition) via OEDI data lake,848.175,True,8.1646,8.6909,0.93944,18.88,0.0,1098.2101,0.77232,True,0.80332,882.20885,0.96142,0.98458,False,0.0,False
2019-05-19,Public dataset: NREL PVDAQ (Photovoltaic Data Acquisition) via OEDI data lake,863.725,True,6.5969,8.6676,0.7611,16.78,1.85,916.52862,0.94239,False,0.80269,735.68791,1.17404,0.98152,False,0.0,False
2019-05-20,Public dataset: NREL PVDAQ (Photovoltaic Data Acquisition) via OEDI data lake,815.025,True,6.0934,8.8202,0.69085,15.13,0.04,853.601,0.95481,False,0.80206,684.64249,1.19044,0.99113,False,0.0,False
2019-05-21,Public dataset: NREL PVDAQ (Photovoltaic Data Acquisition) via OEDI data lake,719.3,True,6.8549,8.8373,0.77568,15.93,0.02,940.1458,0.76509,False,0.80144,753.46871,0.95465,1.00074,False,0.0,False
2019-05-22,Public dataset: NREL PVDAQ (Photovoltaic Data Acquisition) via OEDI data lake,486.475,True,5.1926,8.7322,0.59465,14.27,2.18,737.64142,0.6595,False,0.80081,590.71245,0.82354,1.01034,False,0.0,False
2019-05-23,Public dataset: NREL PVDAQ (Photovoltaic Data Acquisition) via OEDI data lake,668.825,True,4.7366,8.7413,0.54186,15.59,0.9,670.98876,0.99678,False,0.80019,536.91635,1.24568,1.01995,False,0.0,False
2019-05-24,Public dataset: NREL PVDAQ (Photovoltaic Data Acquisition) via OEDI data lake,830.125,True,6.0067,8.683,0.69178,19.1,0.07,827.30253,1.00341,False,0.79956,661.47893,1.25495,1.02956,False,0.0,False
2019-05-25,Public dataset: NREL PVDAQ (Photovoltaic Data Acquisition) via OEDI data lake,880.0,True,6.7207,8.569,0.7843,22.1,0.0,901.33998,0.97632,False,0.79894,720.11245,1.22203,1.03917,False,0.0,False
2019-05-26,Public dataset: NREL PVDAQ (Photovoltaic Data Acquisition) via OEDI data lake,576.825,True,5.4288,8.7581,0.61986,18.23,0.39,746.93822,0.77225,False,0.79831,596.28807,0.96736,1.04878,False,0.0,False
2019-05-27,Public dataset: NREL PVDAQ (Photovoltaic Data Acquisition) via OEDI data lake,828.575,True,6.1675,8.8466,0.69716,16.61,0.13,857.44301,0.96633,False,0.79768,683.96864,1.21142,1.05839,False,0.0,False
2019-05-28,Public dataset: NREL PVDAQ (Photovoltaic Data Acquisition) via OEDI data lake,752.875,True,6.4829,8.7197,0.74348,20.49,0.46,875.88543,0.85956,False,0.79706,698.13184,1.07841,1.068,False,0.0,False
2019-05-29,Public dataset: NREL PVDAQ (Photovoltaic Data Acquisition) via OEDI data lake,853.375,True,7.1983,8.7262,0.82491,22.57,0.16,959.27524,0.8896,False,0.79643,763.99819,1.11699,1.05318,False,0.0,False
2019-05-30,Public dataset: NREL PVDAQ (Photovoltaic Data Acquisition) via OEDI data lake,739.05,True,6.0912,8.4998,0.71663,25.56,0.03,808.44956,0.91416,False,0.79581,643.36986,1.14872,1.04753,False,0.0,False
2019-05-31,Public dataset: NREL PVDAQ (Photovoltaic Data Acquisition) via OEDI data lake,880.85,True,6.9072,8.5171,0.81098,26.08,0.0,904.58469,0.97376,False,0.79518,719.30889,1.22458,1.04188,False,0.0,False
2019-06-01,Public dataset: NREL PVDAQ (Photovoltaic Data Acquisition) via OEDI data lake,880.675,True,8.1571,8.6513,0.94288,25.99,0.0,1052.41911,0.83681,True,0.79456,836.20559,1.05318,1.03261,False,0.0,False
2019-06-02,Public dataset: NREL PVDAQ (Photovoltaic Data Acquisition) via OEDI data lake,861.875,True,7.4808,8.5438,0.87558,25.61,0.04,976.08254,0.88299,True,0.79393,774.94122,1.11218,1.02335,False,0.0,False
2019-06-03,Public dataset: NREL PVDAQ (Photovoltaic Data Acquisition) via OEDI data lake,860.025,True,7.765,8.6654,0.89609,27.3,0.0,1001.18684,0.85901,True,0.7933,794.24586,1.08282,1.01881,False,0.0,False
2019-06-04,Public dataset: NREL PVDAQ (Photovoltaic Data Acquisition) via OEDI data lake,820.525,True,8.5834,8.8046,0.97488,29.5,0.0,1079.99447,0.75975,True,0.79268,856.08856,0.95846,1.01427,False,0.0,False
2019-06-05,Public dataset: NREL PVDAQ (Photovoltaic Data Acquisition) via OEDI data lake,824.4,True,7.9111,8.6875,0.91063,31.23,0.0,998.99805,0.82523,True,0.79205,791.25938,1.04188,1.00725,False,0.0,False
2019-06-06,Public dataset: NREL PVDAQ (Photovoltaic Data Acquisition) via OEDI data lake,765.425,True,8.027,8.82,0.91009,31.88,0.0,1003.73168,0.76258,True,0.79143,794.38065,0.96355,1.01427,False,0.0,False
2019-06-07,Public dataset: NREL PVDAQ (Photovoltaic Data Acquisition) via OEDI data lake,846.125,True,8.2886,9.1274,0.9081,29.22,0.0,1045.54882,0.80926,True,0.7908,826.8217,1.02335,1.01427,False,0.0,False
2019-06-08,Public dataset: NREL PVDAQ (Photovoltaic Data Acquisition) via OEDI data lake,898.925,True,9.0718,9.1301,0.99361,25.89,0.0,1151.8983,0.78039,True,0.79018,910.20232,0.98761,1.01881,False,0.0,False
2019-06-09,Public dataset: NREL PVDAQ (Photovoltaic Data Acquisition) via OEDI data lake,915.4,True,8.9652,9.1207,0.98295,25.18,0.0,1143.08154,0.80082,True,0.78955,902.52032,1.01427,1.01427,False,0.0,False
2019-06-10,Public dataset: NREL PVDAQ (Photovoltaic Data Acquisition) via OEDI data lake,822.1,True,8.2457,9.0542,0.9107,29.04,0.0,1043.23561,0.78803,True,0.78892,823.03422,0.99886,1.01427,False,0.0,False
2019-06-11,Public dataset: NREL PVDAQ (Photovoltaic Data Acquisition) via OEDI data lake,719.6,True,7.8142,8.8872,0.87926,32.41,0.0,981.34545,0.73328,True,0.7883,773.59354,0.9302,1.00289,False,0.0,False
2019-06-12,Public dataset: NREL PVDAQ (Photovoltaic Data Acquisition) via OEDI data lake,827.5,True,8.4936,8.6182,0.98554,33.6,0.0,1050.32838,0.78785,True,0.78767,827.31554,1.00022,1.00289,False,0.0,False
2019-06-13,Public dataset: NREL PVDAQ (Photovoltaic Data Acquisition) via OEDI data lake,848.625,True,8.4804,8.9314,0.9495,33.04,0.0,1041.33272,0.81494,True,0.78705,819.57836,1.03544,1.00289,False,0.0,False
2019-06-14,Public dataset: NREL PVDAQ (Photovoltaic Data Acquisition) via OEDI data lake,605.225,True,7.0032,8.6414,0.81042,31.29,0.35,890.75714,0.67945,False,0.78642,700.51089,0.86398,1.00289,False,0.0,False
2019-06-15,Public dataset: NREL PVDAQ (Photovoltaic Data Acquisition) via OEDI data lake,792.25,True,7.8413,8.7578,0.89535,32.43,0.16,982.20884,0.8066,True,0.7858,771.81596,1.02648,1.00022,False,0.0,False
2019-06-16,Public dataset: NREL PVDAQ (Photovoltaic Data Acquisition) via OEDI data lake,745.85,True,6.4154,8.4641,0.75795,31.68,0.01,823.38347,0.90584,False,0.78625,647.38456,1.1521,1.00022,False,0.0,False
2019-06-17,Public dataset: NREL PVDAQ (Photovoltaic Data Acquisition) via OEDI data lake,800.825,True,6.997,8.1826,0.85511,30.09,0.02,899.18573,0.89061,True,0.7867,707.39135,1.13208,0.99886,False,0.0,False
2019-06-18,Public dataset: NREL PVDAQ (Photovoltaic Data Acquisition) via OEDI data lake,819.275,True,8.2934,8.7574,0.94702,31.26,0.01,1037.80804,0.78943,True,0.78716,816.91592,1.00289,0.99713,False,0.0,False
2019-06-19,Public dataset: NREL PVDAQ (Photovoltaic Data Acquisition) via OEDI data lake,824.425,True,8.8862,8.9678,0.9909,33.18,0.0,1085.28776,0.75964,True,0.78761,854.78143,0.96449,1.00156,False,0.0,False
2019-06-20,Public dataset: NREL PVDAQ (Photovoltaic Data Acquisition) via OEDI data lake,886.9,True,8.748,9.0811,0.96332,31.69,0.0,1079.00954,0.82196,True,0.78806,850.32543,1.04301,1.00476,False,0.0,False
2019-06-21,Public dataset: NREL PVDAQ (Photovoltaic Data Acquisition) via OEDI data lake,856.225,True,8.9767,9.2491,0.97055,28.69,0.0,1123.85327,0.76187,True,0.78851,886.1741,0.9662,0.99847,False,0.0,False
2019-06-22,Public dataset: NREL PVDAQ (Photovoltaic Data Acquisition) via OEDI data lake,906.775,True,9.2112,9.2854,0.99201,25.85,0.0,1164.56442,0.77864,True,0.78897,918.80294,0.98691,0.99847,False,0.0,False
2019-06-23,Public dataset: NREL PVDAQ (Photovoltaic Data Acquisition) via OEDI data lake,871.7,True,9.1238,9.1718,0.99477,27.05,0.0,1145.9259,0.76069,True,0.78942,904.61684,0.96361,0.99404,False,0.0,False
2019-06-24,Public dataset: NREL PVDAQ (Photovoltaic Data Acquisition) via OEDI data lake,858.675,True,8.8404,9.0665,0.97506,31.0,0.0,1093.61775,0.78517,True,0.78987,863.81913,0.99404,0.9939,False,0.0,False
2019-06-25,Public dataset: NREL PVDAQ (Photovoltaic Data Acquisition) via OEDI data lake,751.225,True,7.3951,8.911,0.82988,30.92,0.0,933.94558,0.80436,False,0.79033,738.12145,1.01775,0.9939,False,0.0,False
2019-06-26,Public dataset: NREL PVDAQ (Photovoltaic Data Acquisition) via OEDI data lake,889.95,True,8.9033,8.9314,0.99685,29.54,0.0,1107.17865,0.8038,True,0.79078,875.53357,1.01647,0.9939,False,0.0,False
2019-06-27,Public dataset: NREL PVDAQ (Photovoltaic Data Acquisition) via OEDI data lake,886.825,True,8.988,9.0972,0.988,29.47,0.0,1113.42621,0.79648,True,0.79123,880.97837,1.00664,0.99565,False,0.0,False
2019-06-28,Public dataset: NREL PVDAQ (Photovoltaic Data Acquisition) via OEDI data lake,881.35,True,9.1202,9.2086,0.9904,30.58,0.0,1120.25698,0.78674,True,0.79168,886.89054,0.99375,0.99565,False,0.0,False
2019-06-29,Public dataset: NREL PVDAQ (Photovoltaic Data Acquisition) via OEDI data lake,622.575,True,7.3726,8.9743,0.82152,30.18,0.0,941.3972,0.66133,False,0.79214,745.71639,0.83487,0.99565,False,0.0,False
2019-06-30,Public dataset: NREL PVDAQ (Photovoltaic Data Acquisition) via OEDI data lake,658.725,True,7.2458,8.7583,0.82731,31.53,0.04,903.27245,0.72927,False,0.79259,715.92549,0.9201,1.00195,False,0.0,False
2019-07-01,Public dataset: NREL PVDAQ (Photovoltaic Data Acquisition) via OEDI data lake,861.55,True,9.1342,9.1843,0.99455,32.27,0.0,1112.40625,0.77449,True,0.79304,882.18693,0.97661,1.00807,False,0.0,False
2019-07-02,Public dataset: NREL PVDAQ (Photovoltaic Data Acquisition) via OEDI data lake,872.675,True,8.7074,9.3775,0.92854,32.09,0.0,1070.63939,0.8151,True,0.7935,849.54895,1.02722,1.00807,False,0.0,False
2019-07-03,Public dataset: NREL PVDAQ (Photovoltaic Data Acquisition) via OEDI data lake,846.325,True,8.3899,9.1339,0.91855,30.86,0.0,1044.0387,0.81063,True,0.79395,828.91432,1.021,1.00664,False,0.0,False
2019-07-04,Public dataset: NREL PVDAQ (Photovoltaic Data Acquisition) via OEDI data lake,885.275,True,9.041,9.0912,0.99448,30.12,0.0,1117.45733,0.79222,True,0.7944,887.71121,0.99726,0.99726,False,0.0,False
2019-07-05,Public dataset: NREL PVDAQ (Photovoltaic Data Acquisition) via OEDI data lake,802.925,True,7.8348,8.718,0.89869,31.14,0.0,983.02396,0.81679,True,0.79486,781.36226,1.0276,0.9955,False,0.0,False
2019-07-06,Public dataset: NREL PVDAQ (Photovoltaic Data Acquisition) via OEDI data lake,841.025,True,9.0115,9.0377,0.9971,32.14,0.0,1103.8546,0.7619,True,0.79531,877.90521,0.95799,0.99433,False,0.0,False
2019-07-07,Public dataset: NREL PVDAQ (Photovoltaic Data Acquisition) via OEDI data lake,798.825,True,7.8242,8.8591,0.88318,31.23,0.0,988.59297,0.80804,True,0.79576,786.68444,1.01543,0.99141,False,0.0,False
2019-07-08,Public dataset: NREL PVDAQ (Photovoltaic Data Acquisition) via OEDI data lake,875.5,True,8.7326,8.7588,0.99701,30.09,0.0,1089.22744,0.80378,True,0.79621,867.2589,1.0095,0.99071,False,0.0,False
2019-07-09,Public dataset: NREL PVDAQ (Photovoltaic Data Acquisition) via OEDI data lake,827.875,True,8.6237,8.6539,0.99651,31.25,0.0,1071.64482,0.77253,True,0.79667,853.74479,0.9697,0.99071,False,0.0,False
2019-07-10,Public dataset: NREL PVDAQ (Photovoltaic Data Acquisition) via OEDI data lake,819.675,True,8.8334,8.8502,0.9981,33.41,0.0,1080.86983,0.75835,True,0.79712,861.58366,0.95136,0.99071,False,0.0,False
2019-07-11,Public dataset: NREL PVDAQ (Photovoltaic Data Acquisition) via OEDI data lake,832.725,True,8.6453,8.8092,0.98139,35.45,0.0,1053.12112,0.79072,True,0.79757,839.94163,0.99141,0.99071,False,0.0,False
2019-07-12,Public dataset: NREL PVDAQ (Photovoltaic Data Acquisition) via OEDI data lake,636.475,True,6.48,8.5049,0.76191,36.06,0.01,816.73466,0.77929,False,0.79803,651.77599,0.97652,0.99071,False,0.0,False
2019-07-13,Public dataset: NREL PVDAQ (Photovoltaic Data Acquisition) via OEDI data lake,804.175,True,8.3405,8.7185,0.95664,36.57,0.08,1017.2852,0.79051,True,0.79848,812.28147,0.99002,0.98697,False,0.0,False
2019-07-14,Public dataset: NREL PVDAQ (Photovoltaic Data Acquisition) via OEDI data lake,819.7,True,8.9302,8.9494,0.99785,36.01,0.0,1076.03499,0.76178,True,0.79893,859.6794,0.95349,0.98697,False,0.0,False
2019-07-15,Public dataset: NREL PVDAQ (Photovoltaic Data Acquisition) via OEDI data lake,838.175,True,9.1318,9.1855,0.99415,35.29,0.0,1099.02942,0.76265,True,0.79939,878.54824,0.95405,0.98391,False,0.0,False
2019-07-16,Public dataset: NREL PVDAQ (Photovoltaic Data Acquisition) via OEDI data lake,864.275,True,9.1687,9.2035,0.99622,34.19,0.0,1108.80526,0.77947,True,0.79951,886.50028,0.97493,0.97942,False,0.0,False
2019-07-17,Public dataset: NREL PVDAQ (Photovoltaic Data Acquisition) via OEDI data lake,868.75,True,8.7922,8.8958,0.98835,32.55,0.0,1082.99939,0.80217,True,0.79963,866.00241,1.00317,0.98391,False,0.0,False
2019-07-18,Public dataset: NREL PVDAQ (Photovoltaic Data Acquisition) via OEDI data lake,855.0,True,8.712,8.7394,0.99686,33.0,0.0,1071.53699,0.79792,True,0.79976,856.96946,0.9977,0.98697,False,0.0,False
2019-07-19,Public dataset: NREL PVDAQ (Photovoltaic Data Acquisition) via OEDI data lake,866.6,True,8.4698,8.6551,0.97859,32.62,0.0,1050.66375,0.82481,True,0.79988,840.4061,1.03117,0.98697,False,0.0,False
2019-07-20,Public dataset: NREL PVDAQ (Photovoltaic Data Acquisition) via OEDI data lake,834.075,True,8.5579,8.5922,0.99601,32.82,0.0,1059.6315,0.78714,True,0.80001,847.71051,0.98391,0.99002,False,0.0,False
2019-07-21,Public dataset: NREL PVDAQ (Photovoltaic Data Acquisition) via OEDI data lake,798.725,True,8.4624,8.5135,0.994,33.91,0.0,1044.93261,0.76438,True,0.80013,836.08079,0.95532,0.9977,False,0.0,False
2019-07-22,Public dataset: NREL PVDAQ (Photovoltaic Data Acquisition) via OEDI data lake,614.375,True,6.9938,8.347,0.83788,35.06,0.0,880.44587,0.6978,False,0.80025,704.57928,0.87197,0.9977,False,0.0,False
2019-07-23,Public dataset: NREL PVDAQ (Photovoltaic Data Acquisition) via OEDI data lake,553.275,True,4.3942,7.825,0.56156,33.36,0.03,581.52227,0.95143,False,0.80038,465.43688,1.18872,0.9977,False,0.0,False
2019-07-24,Public dataset: NREL PVDAQ (Photovoltaic Data Acquisition) via OEDI data lake,365.7,True,4.7158,7.817,0.60327,33.41,1.59,618.85538,0.59093,False,0.8005,495.3941,0.7382,0.9977,False,0.0,False
2019-07-25,Public dataset: NREL PVDAQ (Photovoltaic Data Acquisition) via OEDI data lake,575.05,True,4.8302,7.5209,0.64224,33.57,1.51,629.6198,0.91333,False,0.80062,504.08903,1.14077,0.98391,True,0.01609,False
2019-07-26,Public dataset: NREL PVDAQ (Photovoltaic Data Acquisition) via OEDI data lake,753.1,True,6.8935,7.8638,0.87661,34.78,0.0,876.34788,0.85936,True,0.80075,701.73414,1.0732,0.97196,True,0.02804,False
2019-07-27,Public dataset: NREL PVDAQ (Photovoltaic Data Acquisition) via OEDI data lake,784.925,True,7.5154,8.1046,0.9273,35.17,0.0,947.12765,0.82874,True,0.80087,758.52827,1.0348,0.96897,True,0.03103,False
2019-07-28,Public dataset: NREL PVDAQ (Photovoltaic Data Acquisition) via OEDI data lake,752.75,True,7.4894,8.2865,0.90381,36.4,0.0,938.67655,0.80193,True,0.801,751.87632,1.00116,0.95532,True,0.04468,False
2019-07-29,Public dataset: NREL PVDAQ (Photovoltaic Data Acquisition) via OEDI data lake,805.625,True,8.6758,8.741,0.99254,36.61,0.0,1061.58108,0.75889,True,0.80112,850.4539,0.94729,0.94729,True,0.05271,False
2019-07-30,Public dataset: NREL PVDAQ (Photovoltaic Data Acquisition) via OEDI data lake,794.4,True,8.1127,8.4206,0.96343,34.3,0.0,1020.06145,0.77878,True,0.80124,817.31807,0.97196,0.94729,True,0.05271,False
2019-07-31,Public dataset: NREL PVDAQ (Photovoltaic Data Acquisition) via OEDI data lake,658.05,True,7.1909,8.2087,0.87601,32.21,0.9,927.39447,0.70957,True,0.80137,743.18411,0.88545,0.94729,True,0.05271,False
2019-08-01,Public dataset: NREL PVDAQ (Photovoltaic Data Acquisition) via OEDI data lake,782.175,True,7.9529,8.2056,0.9692,33.6,0.57,1007.14692,0.77662,True,0.80149,807.21994,0.96897,0.95813,True,0.04187,False
2019-08-02,Public dataset: NREL PVDAQ (Photovoltaic Data Acquisition) via OEDI data lake,736.525,True,8.1264,8.3532,0.97285,35.21,0.0,1015.88198,0.72501,True,0.80162,814.34688,0.90444,0.94954,True,0.05046,False
2019-08-03,Public dataset: NREL PVDAQ (Photovoltaic Data Acquisition) via OEDI data lake,729.4,True,7.8173,8.0429,0.97195,36.07,0.0,978.90978,0.74511,True,0.80174,784.83067,0.92937,0.94954,True,0.05046,False
2019-08-04,Public dataset: NREL PVDAQ (Photovoltaic Data Acquisition) via OEDI data lake,706.6,True,7.7645,8.1302,0.95502,35.75,0.0,972.95574,0.72624,True,0.80186,780.17762,0.90569,0.94954,True,0.05046,False
2019-08-05,Public dataset: NREL PVDAQ (Photovoltaic Data Acquisition) via OEDI data lake,761.05,True,8.0796,8.1876,0.98681,36.56,0.0,1003.19416,0.75863,True,0.80199,804.54899,0.94593,0.94729,True,0.05271,False
2019-08-06,Public dataset: NREL PVDAQ (Photovoltaic Data Acquisition) via OEDI data lake,455.3,True,4.2842,7.8432,0.54623,34.29,0.0,564.32567,0.8068,False,0.80211,452.65195,1.00585,0.94593,True,0.05407,False
2019-08-07,Public dataset: NREL PVDAQ (Photovoltaic Data Acquisition) via OEDI data lake,498.0,True,6.5134,7.9394,0.82039,33.26,1.76,839.24411,0.59339,False,0.80224,673.27108,0.73967,0.93588,True,0.06412,False
2019-08-08,Public dataset: NREL PVDAQ (Photovoltaic Data Acquisition) via OEDI data lake,736.15,True,6.7298,7.8094,0.86176,32.09,0.21,876.29327,0.84007,True,0.80236,703.10179,1.047,0.93588,True,0.06412,False
2019-08-09,Public dataset: NREL PVDAQ (Photovoltaic Data Acquisition) via OEDI data lake,815.225,True,8.417,8.4358,0.99777,31.65,0.0,1069.86625,0.76199,True,0.80248,858.54936,0.94954,0.92937,True,0.07063,False
2019-08-10,Public dataset: NREL PVDAQ (Photovoltaic Data Acquisition) via OEDI data lake,838.675,True,8.3146,8.335,0.99755,30.36,0.0,1063.76938,0.7884,True,0.80261,853.78852,0.9823,0.93588,True,0.06412,False
2019-08-11,Public dataset: NREL PVDAQ (Photovoltaic Data Acquisition) via OEDI data lake,825.9,True,8.4118,8.4377,0.99693,29.78,0.0,1079.39614,0.76515,True,0.80273,866.46439,0.95318,0.94593,True,0.05407,False
2019-08-12,Public dataset: NREL PVDAQ (Photovoltaic Data Acquisition) via OEDI data lake,779.875,True,8.2003,8.221,0.99748,31.58,0.0,1048.73471,0.74363,True,0.80285,841.98146,0.92624,0.94954,True,0.05046,False
2019-08-13,Public dataset: NREL PVDAQ (Photovoltaic Data Acquisition) via OEDI data lake,766.05,True,7.9826,8.009,0.9967,33.11,0.0,1019.37746,0.75149,True,0.80298,818.53815,0.93588,0.94954,True,0.05046,False
2019-08-14,Public dataset: NREL PVDAQ (Photovoltaic Data Acquisition) via OEDI data lake,749.8,True,7.9942,8.0256,0.99609,34.6,0.0,1015.39938,0.73843,True,0.8031,815.46964,0.91947,0.94855,True,0.05145,False
2019-08-15,Public dataset: NREL PVDAQ (Photovoltaic Data Acquisition) via OEDI data lake,750.15,True,8.207,8.2294,0.99728,34.99,0.0,1033.87499,0.72557,True,0.80323,830.43553,0.90332,0.94755,True,0.05245,False
2019-08-16,Public dataset: NREL PVDAQ (Photovoltaic Data Acquisition) via OEDI data lake,762.8,True,8.0767,8.107,0.99626,34.39,0.0,1023.79422,0.74507,True,0.80248,821.57396,0.92846,0.94668,True,0.05332,False
2019-08-17,Public dataset: NREL PVDAQ (Photovoltaic Data Acquisition) via OEDI data lake,808.45,True,7.9726,8.0088,0.99548,32.75,0.0,1020.0595,0.79255,True,0.80173,817.81527,0.98855,0.94668,True,0.05332,False
2019-08-18,Public dataset: NREL PVDAQ (Photovoltaic Data Acquisition) via OEDI data lake,738.5,True,7.3716,7.9745,0.9244,31.27,0.0,960.04399,0.76924,True,0.80099,768.98201,0.96036,0.94668,True,0.05332,False
2019-08-19,Public dataset: NREL PVDAQ (Photovoltaic Data Acquisition) via OEDI data lake,773.45,True,7.7304,7.8031,0.99068,31.47,0.0,1001.72568,0.77212,True,0.80024,801.62052,0.96486,0.93773,True,0.06227,False
2019-08-20,Public dataset: NREL PVDAQ (Photovoltaic Data Acquisition) via OEDI data lake,757.725,True,7.739,7.7938,0.99297,33.04,0.0,1000.21593,0.75756,True,0.79949,799.66551,0.94755,0.94668,True,0.05332,False
2019-08-21,Public dataset: NREL PVDAQ (Photovoltaic Data Acquisition) via OEDI data lake,747.45,True,7.8418,7.9265,0.98931,34.04,0.0,1005.84856,0.7431,True,0.79875,803.41772,0.93034,0.94668,True,0.05332,False
2019-08-22,Public dataset: NREL PVDAQ (Photovoltaic Data Acquisition) via OEDI data lake,704.8,True,7.6205,8.0335,0.94859,32.37,0.0,987.09865,0.71401,True,0.798,787.70426,0.89475,0.94668,True,0.05332,False
2019-08-23,Public dataset: NREL PVDAQ (Photovoltaic Data Acquisition) via OEDI data lake,745.075,True,7.5689,7.704,0.98246,31.82,0.0,987.19435,0.75474,True,0.79725,787.04351,0.94668,0.94755,True,0.05245,False
2019-08-24,Public dataset: NREL PVDAQ (Photovoltaic Data Acquisition) via OEDI data lake,738.25,True,7.4011,7.4244,0.99686,32.12,0.0,969.81855,0.76122,True,0.79651,772.46647,0.9557,0.94755,True,0.05245,False
2019-08-25,Public dataset: NREL PVDAQ (Photovoltaic Data Acquisition) via OEDI data lake,727.85,True,7.3762,7.4071,0.99583,33.49,0.0,960.25591,0.75798,True,0.79576,764.13277,0.95252,0.94755,True,0.05245,False
2019-08-26,Public dataset: NREL PVDAQ (Photovoltaic Data Acquisition) via OEDI data lake,716.9,True,7.3846,7.5024,0.9843,34.07,0.0,961.62741,0.74551,True,0.79501,764.50613,0.93773,0.94711,True,0.05289,False
2019-08-27,Public dataset: NREL PVDAQ (Photovoltaic Data Acquisition) via OEDI data lake,687.75,True,6.8734,7.1686,0.95882,34.7,0.05,901.0128,0.76331,True,0.79427,715.64398,0.96102,0.94711,True,0.05289,False
2019-08-28,Public dataset: NREL PVDAQ (Photovoltaic Data Acquisition) via OEDI data lake,702.7,True,7.2674,7.297,0.99594,35.56,0.05,944.01139,0.74438,True,0.79352,749.09143,0.93807,0.9496,True,0.0504,False
2019-08-29,Public dataset: NREL PVDAQ (Photovoltaic Data Acquisition) via OEDI data lake,712.025,True,7.3277,7.3716,0.99404,33.74,0.0,963.10847,0.7393,True,0.79277,763.52621,0.93255,0.95252,True,0.04748,False
2019-08-30,Public dataset: NREL PVDAQ (Photovoltaic Data Acquisition) via OEDI data lake,741.1,True,7.4472,7.4676,0.99727,34.02,0.0,972.60711,0.76197,True,0.79203,770.33025,0.96205,0.9557,True,0.0443,False
2019-08-31,Public dataset: NREL PVDAQ (Photovoltaic Data Acquisition) via OEDI data lake,715.7,True,7.5182,7.5408,0.997,33.88,0.0,981.18892,0.72942,True,0.79128,776.39463,0.92183,0.9557,True,0.0443,False
2019-09-01,Public dataset: NREL PVDAQ (Photovoltaic Data Acquisition) via OEDI data lake,707.025,True,7.1014,7.2842,0.9749,34.33,0.19,934.11205,0.7569,True,0.79053,738.4462,0.95745,0.95745,True,0.04255,False
2019-09-02,Public dataset: NREL PVDAQ (Photovoltaic Data Acquisition) via OEDI data lake,525.85,True,4.7177,6.8093,0.69283,32.58,0.05,636.35863,0.82634,False,0.78979,502.5872,1.04629,0.96102,True,0.03898,False
2019-09-03,Public dataset: NREL PVDAQ (Photovoltaic Data Acquisition) via OEDI data lake,675.95,True,6.0518,6.8688,0.88106,34.47,0.0,807.58797,0.837,True,0.78904,637.21876,1.06078,0.96173,True,0.03827,False
2019-09-04,Public dataset: NREL PVDAQ (Photovoltaic Data Acquisition) via OEDI data lake,676.5,True,6.1874,6.8599,0.90197,35.44,0.13,822.42442,0.82257,True,0.78829,648.31122,1.04348,0.96173,True,0.03827,False
2019-09-05,Public dataset: NREL PVDAQ (Photovoltaic Data Acquisition) via OEDI data lake,620.125,True,4.4638,6.6823,0.668,34.37,0.42,600.21866,1.03317,False,0.78755,472.69985,1.31188,0.96205,True,0.03795,False
2019-09-06,Public dataset: NREL PVDAQ (Photovoltaic Data Acquisition) via OEDI data lake,688.775,True,6.4656,6.7843,0.95302,33.35,0.11,872.38116,0.78953,True,0.7868,686.38898,1.00348,0.96205,True,0.03795,False
2019-09-07,Public dataset: NREL PVDAQ (Photovoltaic Data Acquisition) via OEDI data lake,672.175,True,6.7555,6.8633,0.98429,33.38,0.0,906.20132,0.74175,True,0.78605,712.32203,0.94364,0.97044,True,0.02956,False
2019-09-08,Public dataset: NREL PVDAQ (Photovoltaic Data Acquisition) via OEDI data lake,732.275,True,7.056,7.075,0.99731,28.66,0.0,969.57806,0.75525,True,0.78531,761.41553,0.96173,0.97421,True,0.02579,False
2019-09-09,Public dataset: NREL PVDAQ (Photovoltaic Data Acquisition) via OEDI data lake,734.225,True,6.8436,6.8657,0.99678,28.23,0.0,943.91182,0.77785,True,0.78456,740.55488,0.99145,0.97551,True,0.02449,False
2019-09-10,Public dataset: NREL PVDAQ (Photovoltaic Data Acquisition) via OEDI data lake,743.375,True,7.0003,7.0385,0.99457,26.63,0.01,973.51916,0.7636,True,0.78381,763.05669,0.97421,0.97421,True,0.02579,False
2019-09-11,Public dataset: NREL PVDAQ (Photovoltaic Data Acquisition) via OEDI data lake,717.925,True,6.9074,6.9274,0.99711,25.67,0.01,969.32667,0.74064,True,0.78307,759.0468,0.94582,0.97421,True,0.02579,False
2019-09-12,Public dataset: NREL PVDAQ (Photovoltaic Data Acquisition) via OEDI data lake,720.05,True,6.709,6.737,0.99584,26.53,0.0,942.25986,0.76417,True,0.78232,737.14813,0.97681,0.97421,True,0.02579,False
2019-09-13,Public dataset: NREL PVDAQ (Photovoltaic Data Acquisition) via OEDI data lake,694.0,True,6.726,6.7529,0.99602,28.88,0.0,934.29828,0.7428,True,0.78157,730.22202,0.9504,0.97232,True,0.02768,False
2019-09-14,Public dataset: NREL PVDAQ (Photovoltaic Data Acquisition) via OEDI data lake,690.125,True,6.601,6.6823,0.98783,30.04,0.0,910.76391,0.75774,True,0.78083,711.14815,0.97044,0.96677,True,0.03323,False
2019-09-15,Public dataset: NREL PVDAQ (Photovoltaic Data Acquisition) via OEDI data lake,630.45,True,5.8351,6.4901,0.89908,30.07,0.0,811.14456,0.77724,True,0.78008,632.75711,0.99635,0.96677,True,0.03323,False
2019-09-16,Public dataset: NREL PVDAQ (Photovoltaic Data Acquisition) via OEDI data lake,658.85,True,4.9558,6.4596,0.7672,29.53,0.0,689.87374,0.95503,False,0.77928,537.60338,1.22553,0.97044,True,0.02956,False
2019-09-17,Public dataset: NREL PVDAQ (Photovoltaic Data Acquisition) via OEDI data lake,703.375,True,6.768,6.8028,0.99488,25.28,0.0,965.12465,0.72879,True,0.77848,751.3269,0.93618,0.97044,True,0.02956,False
2019-09-18,Public dataset: NREL PVDAQ (Photovoltaic Data Acquisition) via OEDI data lake,716.7,True,6.6492,6.6751,0.99612,25.58,0.0,943.58903,0.75955,True,0.77768,733.80572,0.97669,0.9631,True,0.0369,False
2019-09-19,Public dataset: NREL PVDAQ (Photovoltaic Data Acquisition) via OEDI data lake,751.05,True,6.6228,6.6588,0.99459,23.23,0.0,955.73753,0.78583,True,0.77687,742.48738,1.01153,0.96677,True,0.03323,False
2019-09-20,Public dataset: NREL PVDAQ (Photovoltaic Data Acquisition) via OEDI data lake,714.55,True,6.6031,6.6358,0.99507,22.72,0.0,961.61644,0.74307,True,0.77607,746.28392,0.95748,0.96677,True,0.03323,False
2019-09-21,Public dataset: NREL PVDAQ (Photovoltaic Data Acquisition) via OEDI data lake,691.975,True,6.3497,6.4459,0.98508,23.19,0.0,926.7605,0.74666,True,0.77527,718.49048,0.9631,0.97122,True,0.02878,False
2019-09-22,Public dataset: NREL PVDAQ (Photovoltaic Data Acquisition) via OEDI data lake,590.9,True,5.5351,6.349,0.87181,24.11,0.0,803.45475,0.73545,True,0.77447,622.25122,0.94962,0.9711,True,0.0289,False
2019-09-23,Public dataset: NREL PVDAQ (Photovoltaic Data Acquisition) via OEDI data lake,470.125,True,4.8084,6.0142,0.79951,25.01,0.91,688.00644,0.68331,False,0.77367,532.28866,0.88321,0.9711,True,0.0289,False
2019-09-24,Public dataset: NREL PVDAQ (Photovoltaic Data Acquisition) via OEDI data lake,685.1,True,6.2287,6.2626,0.99459,25.85,0.0,903.47645,0.75829,True,0.77287,698.26689,0.98114,0.9702,True,0.0298,False
2019-09-25,Public dataset: NREL PVDAQ (Photovoltaic Data Acquisition) via OEDI data lake,605.125,True,5.8565,6.1639,0.95013,26.75,0.0,849.90203,0.71199,True,0.77207,656.17989,0.92219,0.97035,True,0.02965,False
2019-09-26,Public dataset: NREL PVDAQ (Photovoltaic Data Acquisition) via OEDI data lake,458.4,True,4.5857,5.8673,0.78157,25.12,0.02,669.74303,0.68444,False,0.77126,516.54864,0.88743,0.97035,True,0.02965,False
2019-09-27,Public dataset: NREL PVDAQ (Photovoltaic Data Acquisition) via OEDI data lake,644.6,True,5.8682,5.8975,0.99503,25.38,0.0,860.74329,0.74889,True,0.77046,663.17045,0.972,0.9702,True,0.0298,False
2019-09-28,Public dataset: NREL PVDAQ (Photovoltaic Data Acquisition) via OEDI data lake,690.85,True,5.9172,5.9616,0.99255,24.19,0.0,875.14657,0.78941,True,0.76966,673.56629,1.02566,0.9702,True,0.0298,False
2019-09-29,Public dataset: NREL PVDAQ (Photovoltaic Data Acquisition) via OEDI data lake,697.9,True,6.1522,6.1754,0.99624,18.43,0.0,935.58803,0.74595,True,0.76886,719.33595,0.9702,0.97035,True,0.02965,False
2019-09-30,Public dataset: NREL PVDAQ (Photovoltaic Data Acquisition) via OEDI data lake,704.7,True,6.1826,6.2114,0.99536,17.57,0.0,940.69356,0.74913,True,0.76806,722.50752,0.97535,0.97035,True,0.02965,False
2019-10-01,Public dataset: NREL PVDAQ (Photovoltaic Data Acquisition) via OEDI data lake,685.875,True,6.1922,6.2155,0.99625,17.85,0.0,941.92544,0.72816,True,0.76726,722.69881,0.94905,0.97117,True,0.02883,False
2019-10-02,Public dataset: NREL PVDAQ (Photovoltaic Data Acquisition) via OEDI data lake,683.75,True,6.0178,6.0463,0.99529,19.47,0.0,919.35462,0.74373,True,0.76646,704.64443,0.97035,0.97027,True,0.02973,False
2019-10-03,Public dataset: NREL PVDAQ (Photovoltaic Data Acquisition) via OEDI data lake,669.675,True,5.9174,5.9556,0.99359,21.59,0.0,893.52813,0.74947,True,0.76565,684.1335,0.97887,0.97046,True,0.02954,False
2019-10-04,Public dataset: NREL PVDAQ (Photovoltaic Data Acquisition) via OEDI data lake,654.175,True,6.0571,6.0838,0.99561,21.56,0.0,913.93577,0.71578,True,0.76485,699.02626,0.93584,0.97035,True,0.02965,False
2019-10-05,Public dataset: NREL PVDAQ (Photovoltaic Data Acquisition) via OEDI data lake,653.5,True,5.8207,5.8565,0.99389,21.72,0.0,887.68077,0.73619,True,0.76405,678.23366,0.96353,0.97035,True,0.02965,False
2019-10-06,Public dataset: NREL PVDAQ (Photovoltaic Data Acquisition) via OEDI data lake,644.375,True,5.616,5.6666,0.99107,21.31,0.0,858.01083,0.75101,True,0.76325,654.8767,0.98396,0.97035,True,0.02965,False
2019-10-07,Public dataset: NREL PVDAQ (Photovoltaic Data Acquisition) via OEDI data lake,626.025,True,5.6184,5.6551,0.99351,22.99,0.0,854.33956,0.73276,True,0.76245,651.38993,0.96106,0.97058,True,0.02942,False
2019-10-08,Public dataset: NREL PVDAQ (Photovoltaic Data Acquisition) via OEDI data lake,619.875,True,5.4442,5.513,0.98752,23.96,0.0,823.4456,0.75278,True,0.76165,627.17497,0.98836,0.97058,True,0.02942,False
2019-10-09,Public dataset: NREL PVDAQ (Photovoltaic Data Acquisition) via OEDI data lake,596.275,True,5.7866,5.8171,0.99476,23.15,0.0,877.95272,0.67917,True,0.76085,667.98657,0.89265,0.97571,True,0.02429,False
2019-10-10,Public dataset: NREL PVDAQ (Photovoltaic Data Acquisition) via OEDI data lake,687.6,True,5.7775,5.8078,0.99478,13.86,0.0,932.10613,0.73768,True,0.76004,708.44196,0.97058,0.97571,True,0.02429,False
2019-10-11,Public dataset: NREL PVDAQ (Photovoltaic Data Acquisition) via OEDI data lake,654.1,True,5.58,5.6602,0.98583,13.48,0.0,898.6232,0.72789,True,0.75924,682.27329,0.95871,0.97571,True,0.02429,False
2019-10-12,Public dataset: NREL PVDAQ (Photovoltaic Data Acquisition) via OEDI data lake,646.925,True,5.5111,5.5582,0.99153,16.73,0.0,874.19931,0.74002,True,0.75844,663.02904,0.97571,0.97676,True,0.02324,False
2019-10-13,Public dataset: NREL PVDAQ (Photovoltaic Data Acquisition) via OEDI data lake,625.8,True,5.275,5.3585,0.98442,18.81,0.0,830.85085,0.7532,True,0.75764,629.48593,0.99414,0.97676,True,0.02324,False
2019-10-14,Public dataset: NREL PVDAQ (Photovoltaic Data Acquisition) via OEDI data lake,600.9,True,5.1542,5.201,0.991,20.87,0.0,809.30117,0.74249,True,0.75684,612.51046,0.98104,0.97571,True,0.02429,False
2019-10-15,Public dataset: NREL PVDAQ (Photovoltaic Data Acquisition) via OEDI data lake,595.05,True,5.1502,5.2121,0.98812,21.66,0.0,805.7906,0.73847,True,0.75604,609.20776,0.97676,0.97571,True,0.02429,False
2019-10-16,Public dataset: NREL PVDAQ (Photovoltaic Data Acquisition) via OEDI data lake,562.675,True,4.7909,5.1233,0.93512,22.94,0.0,740.63591,0.75972,True,0.75572,559.71118,1.0053,0.97251,True,0.02749,False
2019-10-17,Public dataset: NREL PVDAQ (Photovoltaic Data Acquisition) via OEDI data lake,508.1,True,4.7009,5.1146,0.91911,22.59,0.0,728.3758,0.69758,True,0.7554,550.21273,0.92346,0.97571,True,0.02429,False
2019-10-18,Public dataset: NREL PVDAQ (Photovoltaic Data Acquisition) via OEDI data lake,622.425,True,5.2102,5.2303,0.99616,18.79,0.0,839.41307,0.7415,True,0.75508,633.82109,0.98202,0.97571,True,0.02429,False
2019-10-19,Public dataset: NREL PVDAQ (Photovoltaic Data Acquisition) via OEDI data lake,540.05,True,4.5156,5.1653,0.87422,18.83,0.0,713.00703,0.75743,True,0.75476,538.14651,1.00354,0.97676,True,0.02324,False
2019-10-20,Public dataset: NREL PVDAQ (Photovoltaic Data Acquisition) via OEDI data lake,607.3,True,5.0803,5.119,0.99244,17.03,0.0,827.72701,0.7337,True,0.75444,624.46703,0.97251,0.97884,True,0.02116,False
2019-10-21,Public dataset: NREL PVDAQ (Photovoltaic Data Acquisition) via OEDI data lake,570.0,True,4.837,4.9606,0.97508,18.7,0.0,780.62914,0.73018,True,0.75412,588.6847,0.96826,0.97676,True,0.02324,False
2019-10-22,Public dataset: NREL PVDAQ (Photovoltaic Data Acquisition) via OEDI data lake,567.2,True,4.9246,4.9447,0.99594,20.06,0.0,794.06059,0.7143,True,0.7538,598.55925,0.94761,0.9738,True,0.0262,False
2019-10-23,Public dataset: NREL PVDAQ (Photovoltaic Data Acquisition) via OEDI data lake,558.125,True,4.7402,4.8276,0.9819,20.18,0.0,763.18596,0.73131,True,0.75348,575.04168,0.97058,0.97251,True,0.02749,False
2019-10-24,Public dataset: NREL PVDAQ (Photovoltaic Data Acquisition) via OEDI data lake,588.15,True,4.7902,4.9402,0.96964,16.18,0.0,793.79938,0.74093,True,0.75315,597.8539,0.98377,0.97058,True,0.02942,False
2019-10-25,Public dataset: NREL PVDAQ (Photovoltaic Data Acquisition) via OEDI data lake,564.7,True,4.6661,4.6829,0.99641,17.67,0.0,770.28197,0.73311,True,0.75283,579.89495,0.9738,0.97058,True,0.02942,False
2019-10-26,Public dataset: NREL PVDAQ (Photovoltaic Data Acquisition) via OEDI data lake,557.35,True,4.6606,4.6918,0.99335,20.34,0.0,756.65927,0.73659,True,0.75251,569.39698,0.97884,0.96826,True,0.03174,False
2019-10-27,Public dataset: NREL PVDAQ (Photovoltaic Data Acquisition) via OEDI data lake,590.025,True,4.5607,4.6774,0.97505,14.53,0.0,764.06552,0.77222,True,0.75219,574.72559,1.02662,0.96816,True,0.03184,False
2019-10-28,Public dataset: NREL PVDAQ (Photovoltaic Data Acquisition) via OEDI data lake,596.2,True,4.8007,4.8314,0.99365,8.58,0.0,833.50372,0.71529,True,0.75187,626.68964,0.95135,0.96816,True,0.03184,False
2019-10-29,Public dataset: NREL PVDAQ (Photovoltaic Data Acquisition) via OEDI data lake,578.75,True,4.7114,4.7455,0.99281,10.17,0.0,802.6453,0.72105,True,0.75155,603.23095,0.95942,0.96742,True,0.03258,False
2019-10-30,Public dataset: NREL PVDAQ (Photovoltaic Data Acquisition) via OEDI data lake,606.225,True,4.8036,4.8288,0.99478,4.4,0.0,853.04168,0.71066,True,0.75123,640.83332,0.94599,0.96742,True,0.03258,False
2019-10-31,Public dataset: NREL PVDAQ (Photovoltaic Data Acquisition) via OEDI data lake,577.925,True,4.5646,4.6279,0.98632,7.86,0.0,795.55233,0.72644,True,0.75091,597.39062,0.96742,0.96728,True,0.03272,False
2019-11-01,Public dataset: NREL PVDAQ (Photovoltaic Data Acquisition) via OEDI data lake,557.2,True,4.5233,4.5931,0.9848,11.34,0.0,775.77699,0.71825,True,0.75059,582.29261,0.95691,0.95942,True,0.04058,False
2019-11-02,Public dataset: NREL PVDAQ (Photovoltaic Data Acquisition) via OEDI data lake,542.925,True,4.3966,4.4462,0.98884,14.15,0.0,748.11786,0.72572,True,0.75027,561.29227,0.96728,0.95776,True,0.04224,False
2019-11-03,Public dataset: NREL PVDAQ (Photovoltaic Data Acquisition) via OEDI data lake,528.075,True,4.308,4.367,0.98649,16.62,0.0,727.29945,0.72608,True,0.74995,545.43986,0.96816,0.95691,True,0.04309,False
2019-11-04,Public dataset: NREL PVDAQ (Photovoltaic Data Acquisition) via OEDI data lake,521.9,True,4.2324,4.3075,0.98257,17.25,0.0,715.91827,0.72899,True,0.74963,536.67522,0.97247,0.95135,True,0.04865,False
2019-11-05,Public dataset: NREL PVDAQ (Photovoltaic Data Acquisition) via OEDI data lake,507.9,True,4.183,4.2264,0.98973,17.38,0.0,707.7195,0.71766,True,0.74931,530.30251,0.95776,0.95251,True,0.04749,False
2019-11-06,Public dataset: NREL PVDAQ (Photovoltaic Data Acquisition) via OEDI data lake,467.425,True,4.0416,4.2098,0.96005,18.14,0.0,680.46977,0.68692,True,0.74899,509.66603,0.91712,0.95045,True,0.04955,False
2019-11-07,Public dataset: NREL PVDAQ (Photovoltaic Data Acquisition) via OEDI data lake,496.2,True,4.1743,4.2202,0.98912,18.05,0.0,711.07356,0.69782,True,0.74867,532.36028,0.93208,0.95148,True,0.04852,False
2019-11-08,Public dataset: NREL PVDAQ (Photovoltaic Data Acquisition) via OEDI data lake,492.575,True,4.0728,4.1232,0.98778,17.88,0.0,692.53048,0.71127,True,0.74835,518.25581,0.95045,0.94942,True,0.05058,False
2019-11-09,Public dataset: NREL PVDAQ (Photovoltaic Data Acquisition) via OEDI data lake,482.85,True,4.0759,4.1261,0.98783,17.56,0.0,696.60734,0.69315,True,0.74803,521.08364,0.92663,0.94377,True,0.05623,False
2019-11-10,Public dataset: NREL PVDAQ (Photovoltaic Data Acquisition) via OEDI data lake,476.9,True,3.9653,4.0471,0.97979,17.45,0.0,679.14559,0.70221,True,0.74771,507.8042,0.93914,0.93672,True,0.06328,False
2019-11-11,Public dataset: NREL PVDAQ (Photovoltaic Data Acquisition) via OEDI data lake,473.4,True,3.9461,4.0099,0.98409,16.56,0.0,677.95057,0.69828,True,0.74739,506.69355,0.93429,0.93318,True,0.06682,False
2019-11-12,Public dataset: NREL PVDAQ (Photovoltaic Data Acquisition) via OEDI data lake,471.525,True,3.822,3.9379,0.97057,16.16,0.0,662.63699,0.71159,True,0.74707,495.03611,0.95251,0.93208,True,0.06792,False
2019-11-13,Public dataset: NREL PVDAQ (Photovoltaic Data Acquisition) via OEDI data lake,461.025,True,3.7834,3.9343,0.96165,17.36,0.0,650.97034,0.70821,True,0.74675,486.11183,0.94839,0.92935,True,0.07065,False
2019-11-14,Public dataset: NREL PVDAQ (Photovoltaic Data Acquisition) via OEDI data lake,352.9,True,2.5745,3.7392,0.68852,16.68,0.0,411.64084,0.8573,False,0.74643,307.26079,1.14854,0.93208,True,0.06792,False
2019-11-15,Public dataset: NREL PVDAQ (Photovoltaic Data Acquisition) via OEDI data lake,399.925,True,3.4114,3.7702,0.90483,18.26,0.0,581.55068,0.68769,True,0.74611,433.90022,0.9217,0.93429,True,0.06571,False
2019-11-16,Public dataset: NREL PVDAQ (Photovoltaic Data Acquisition) via OEDI data lake,448.35,True,3.7356,3.7747,0.98964,17.21,0.0,650.89038,0.68883,True,0.74525,485.07407,0.92429,0.93429,True,0.06571,False
2019-11-17,Public dataset: NREL PVDAQ (Photovoltaic Data Acquisition) via OEDI data lake,455.775,True,3.8338,3.865,0.99193,16.71,0.0,677.77413,0.67246,True,0.74438,504.52479,0.90337,0.93914,True,0.06086,False
2019-11-18,Public dataset: NREL PVDAQ (Photovoltaic Data Acquisition) via OEDI data lake,445.3,True,3.7882,3.8213,0.99134,17.4,0.0,666.88524,0.66773,True,0.74352,495.84434,0.89806,0.94238,True,0.05762,False
2019-11-19,Public dataset: NREL PVDAQ (Photovoltaic Data Acquisition) via OEDI data lake,305.2,True,2.2543,3.6931,0.61041,18.05,15.79,349.05019,0.87437,False,0.74266,259.22584,1.17735,0.94238,True,0.05762,False
2019-11-20,Public dataset: NREL PVDAQ (Photovoltaic Data Acquisition) via OEDI data lake,251.175,True,1.0241,3.5453,0.28886,12.3,19.91,153.92906,,False,0.7418,114.18435,,0.93334,True,0.06666,False
2019-11-21,Public dataset: NREL PVDAQ (Photovoltaic Data Acquisition) via OEDI data lake,143.075,True,1.9241,3.642,0.52831,8.72,3.62,305.42882,0.46844,False,0.74094,226.30335,0.63223,0.92429,True,0.07571,False
2019-11-22,Public dataset: NREL PVDAQ (Photovoltaic Data Acquisition) via OEDI data lake,467.675,True,3.2815,3.6535,0.89818,8.97,0.0,598.86287,0.78094,True,0.74007,443.20305,1.05522,0.92429,True,0.07571,False
2019-11-23,Public dataset: NREL PVDAQ (Photovoltaic Data Acquisition) via OEDI data lake,467.6,True,3.6178,3.6365,0.99486,8.5,0.0,671.23958,0.69662,True,0.73921,496.18853,0.94238,0.94238,True,0.05762,False
2019-11-24,Public dataset: NREL PVDAQ (Photovoltaic Data Acquisition) via OEDI data lake,473.15,True,3.6074,3.6434,0.99012,9.58,0.0,668.00407,0.7083,True,0.73835,493.22091,0.95931,0.95085,True,0.04915,False
2019-11-25,Public dataset: NREL PVDAQ (Photovoltaic Data Acquisition) via OEDI data lake,457.525,True,3.4092,3.629,0.93943,8.9,0.0,627.0487,0.72965,True,0.73749,462.44093,0.98937,0.97434,True,0.02566,False
2019-11-26,Public dataset: NREL PVDAQ (Photovoltaic Data Acquisition) via OEDI data lake,457.75,True,3.5815,3.6814,0.97286,4.91,0.0,678.7872,0.67436,True,0.73663,500.01227,0.91548,0.98937,True,0.01063,False
2019-11-27,Public dataset: NREL PVDAQ (Photovoltaic Data Acquisition) via OEDI data lake,314.95,True,1.1789,3.3842,0.34835,6.7,2.49,179.58764,,False,0.73576,132.1341,,0.98937,True,0.01063,False
2019-11-28,Public dataset: NREL PVDAQ (Photovoltaic Data Acquisition) via OEDI data lake,199.525,True,1.6704,3.4601,0.48276,5.81,14.22,278.18914,0.71723,False,0.7349,204.44169,0.97595,0.99008,True,0.00992,False
2019-11-29,Public dataset: NREL PVDAQ (Photovoltaic Data Acquisition) via OEDI data lake,377.5,True,1.7417,3.425,0.50853,4.21,2.69,279.96204,1.3484,False,0.73404,205.50325,1.83695,0.99079,False,0.0,False
2019-11-30,Public dataset: NREL PVDAQ (Photovoltaic Data Acquisition) via OEDI data lake,452.05,True,3.1457,3.4591,0.9094,4.15,0.0,594.94964,0.75981,True,0.73318,436.20373,1.03633,0.99008,False,0.0,False
2019-12-01,Public dataset: NREL PVDAQ (Photovoltaic Data Acquisition) via OEDI data lake,305.15,True,2.119,3.2868,0.6447,4.78,0.0,356.61635,0.85568,False,0.73232,261.15567,1.16846,0.99079,False,0.0,False
2019-12-02,Public dataset: NREL PVDAQ (Photovoltaic Data Acquisition) via OEDI data lake,374.35,True,2.8358,3.3065,0.85764,7.85,0.0,516.54896,0.72471,True,0.73145,377.83148,0.99079,0.99079,False,0.0,False
2019-12-03,Public dataset: NREL PVDAQ (Photovoltaic Data Acquisition) via OEDI data lake,260.85,True,1.9975,3.311,0.60329,8.54,0.0,326.38603,0.79921,False,0.73059,238.45479,1.09392,1.01356,False,0.0,False
2019-12-04,Public dataset: NREL PVDAQ (Photovoltaic Data Acquisition) via OEDI data lake,63.8,True,0.8599,3.1145,0.2761,8.51,12.79,130.56385,,False,0.72973,95.27625,,1.02474,False,0.0,False
2019-12-05,Public dataset: NREL PVDAQ (Photovoltaic Data Acquisition) via OEDI data lake,432.075,True,2.9462,3.3182,0.88789,9.32,0.26,543.43828,0.79508,True,0.72887,396.09428,1.09084,1.02474,False,0.0,False
2019-12-06,Public dataset: NREL PVDAQ (Photovoltaic Data Acquisition) via OEDI data lake,378.975,True,2.7874,3.2292,0.86319,10.93,0.0,502.2729,0.75452,True,0.728,365.65717,1.03642,1.01316,False,0.0,False
2019-12-07,Public dataset: NREL PVDAQ (Photovoltaic Data Acquisition) via OEDI data lake,174.475,True,1.7174,3.127,0.54922,11.16,0.16,272.156,0.64108,False,0.72714,197.8963,0.88165,1.01316,False,0.0,False
2019-12-08,Public dataset: NREL PVDAQ (Photovoltaic Data Acquisition) via OEDI data lake,270.1,True,1.8857,3.2016,0.58899,11.26,0.53,303.57285,0.88974,False,0.72628,220.47913,1.22506,1.00358,False,0.0,False
2019-12-09,Public dataset: NREL PVDAQ (Photovoltaic Data Acquisition) via OEDI data lake,419.15,True,3.2981,3.3422,0.98681,9.72,0.47,626.43443,0.6691,True,0.72542,454.42725,0.92237,0.994,False,0.0,False
2019-12-10,Public dataset: NREL PVDAQ (Photovoltaic Data Acquisition) via OEDI data lake,363.6,True,2.713,3.317,0.81791,8.56,0.0,496.18061,0.7328,False,0.72456,359.51093,1.01137,0.994,False,0.0,False
2019-12-11,Public dataset: NREL PVDAQ (Photovoltaic Data Acquisition) via OEDI data lake,377.025,True,2.8121,3.2369,0.86876,8.96,0.0,514.2045,0.73322,True,0.72369,372.12696,1.01316,0.994,False,0.0,False
2019-12-12,Public dataset: NREL PVDAQ (Photovoltaic Data Acquisition) via OEDI data lake,329.85,True,2.6038,3.1418,0.82876,9.39,0.0,470.91413,0.70045,False,0.72283,340.39199,0.96903,0.97893,True,0.02107,False
2019-12-13,Public dataset: NREL PVDAQ (Photovoltaic Data Acquisition) via OEDI data lake,393.6,True,2.9477,3.1054,0.94922,10.2,0.0,548.4651,0.71764,True,0.72197,395.97551,0.994,0.96387,True,0.03613,False
2019-12-14,Public dataset: NREL PVDAQ (Photovoltaic Data Acquisition) via OEDI data lake,349.35,True,2.3674,3.1769,0.74519,9.49,1.35,412.77927,0.84634,False,0.72111,297.65852,1.17366,0.95681,True,0.04319,False
2019-12-15,Public dataset: NREL PVDAQ (Photovoltaic Data Acquisition) via OEDI data lake,448.625,True,2.7854,3.2906,0.84647,6.11,1.0,520.98668,0.86111,False,0.72025,375.23863,1.19557,0.95681,True,0.04319,False
2019-12-16,Public dataset: NREL PVDAQ (Photovoltaic Data Acquisition) via OEDI data lake,450.975,True,3.359,3.3862,0.99197,2.54,0.0,665.21147,0.67794,True,0.72261,480.69146,0.93818,0.95681,True,0.04319,False
2019-12-17,Public dataset: NREL PVDAQ (Photovoltaic Data Acquisition) via OEDI data lake,429.775,True,3.1474,3.3583,0.9372,2.14,0.0,615.02949,0.69879,True,0.72498,445.88587,0.96387,0.96387,True,0.03613,False
2019-12-18,Public dataset: NREL PVDAQ (Photovoltaic Data Acquisition) via OEDI data lake,231.925,True,1.8168,3.2376,0.56116,3.57,0.0,300.88019,0.77082,False,0.72735,218.8456,1.05977,0.96387,True,0.03613,False
2019-12-19,Public dataset: NREL PVDAQ (Photovoltaic Data Acquisition) via OEDI data lake,429.125,True,3.1867,3.2122,0.99206,5.73,0.0,619.17716,0.69306,True,0.72972,451.82578,0.94976,0.95681,True,0.04319,False
2019-12-20,Public dataset: NREL PVDAQ (Photovoltaic Data Acquisition) via OEDI data lake,351.925,True,2.3138,3.1241,0.74063,6.17,0.0,413.02838,0.85206,False,0.73209,302.37317,1.16388,0.95681,True,0.04319,False
2019-12-21,Public dataset: NREL PVDAQ (Photovoltaic Data Acquisition) via OEDI data lake,294.675,True,1.8583,3.1934,0.58192,6.82,0.0,304.35642,0.96819,False,0.73446,223.53656,1.31824,0.95681,True,0.04319,False
2019-12-22,Public dataset: NREL PVDAQ (Photovoltaic Data Acquisition) via OEDI data lake,172.725,True,1.6008,3.1894,0.50191,6.84,0.0,256.14756,0.67432,False,0.73682,188.73591,0.91517,0.95681,True,0.04319,False
2019-12-23,Public dataset: NREL PVDAQ (Photovoltaic Data Acquisition) via OEDI data lake,92.3,True,0.642,3.0053,0.21362,9.36,2.21,97.34338,,False,0.73919,71.95558,,0.96387,True,0.03613,False
2019-12-24,Public dataset: NREL PVDAQ (Photovoltaic Data Acquisition) via OEDI data lake,220.8,True,1.5456,3.1027,0.49815,6.68,2.81,249.36538,0.88545,False,0.74156,184.91983,1.19403,0.96387,True,0.03613,False
2019-12-25,Public dataset: NREL PVDAQ (Photovoltaic Data Acquisition) via OEDI data lake,243.9,True,2.0107,3.126,0.64322,4.82,0.26,338.83739,0.71981,False,0.74393,252.07135,0.96758,0.96345,True,0.03655,False
2019-12-26,Public dataset: NREL PVDAQ (Photovoltaic Data Acquisition) via OEDI data lake,54.9,True,0.7378,3.1351,0.23534,4.23,6.3,114.77216,,False,0.7463,85.6543,,0.96345,True,0.03655,False
2019-12-27,Public dataset: NREL PVDAQ (Photovoltaic Data Acquisition) via OEDI data lake,360.725,True,2.6878,3.2218,0.83425,4.65,0.56,502.27492,0.71818,False,0.74867,376.03663,0.95928,0.96387,True,0.03613,False
2019-12-28,Public dataset: NREL PVDAQ (Photovoltaic Data Acquisition) via OEDI data lake,465.825,True,3.2362,3.3106,0.97753,2.37,0.08,635.86846,0.73258,True,0.75104,477.55969,0.97543,0.96387,True,0.03613,False
2019-12-29,Public dataset: NREL PVDAQ (Photovoltaic Data Acquisition) via OEDI data lake,321.425,True,1.909,3.211,0.59452,3.34,0.0,324.15444,0.99158,False,0.7534,244.21917,1.31613,0.96057,True,0.03943,False
2019-12-30,Public dataset: NREL PVDAQ (Photovoltaic Data Acquisition) via OEDI data lake,435.45,True,3.0833,3.1985,0.96398,4.1,0.0,594.22053,0.73281,True,0.75577,449.09533,0.96962,0.96057,True,0.03943,False
2019-12-31,Public dataset: NREL PVDAQ (Photovoltaic Data Acquisition) via OEDI data lake,445.3,True,3.161,3.3226,0.95136,4.86,0.0,613.56842,0.72575,True,0.75814,465.1711,0.95728,0.96057,True,0.03943,False
