date,data_label,energy_kwh,valid,ghi,clear_ghi,clearness,t2m_c,precip_mm,model_kwh,pi,clear,reference,expected_kwh,ratio,smooth_ratio,flagged,loss_fraction,outage
2016-01-01,Public dataset: NREL PVDAQ (Photovoltaic Data Acquisition) via OEDI data lake,144.0,True,3.2486,3.3881,0.95883,1.37,0.0,164.90791,0.87321,True,0.87488,144.27495,0.99809,0.9867,False,0.0,False
2016-01-02,Public dataset: NREL PVDAQ (Photovoltaic Data Acquisition) via OEDI data lake,93.0,True,2.1775,3.2285,0.67446,4.58,0.0,99.15025,0.93797,False,0.87705,86.95944,1.06946,0.98088,False,0.0,False
2016-01-03,Public dataset: NREL PVDAQ (Photovoltaic Data Acquisition) via OEDI data lake,68.0,True,1.5883,3.2568,0.48769,7.2,0.01,67.3218,1.01007,False,0.87921,59.19015,1.14884,0.97506,False,0.0,False
2016-01-04,Public dataset: NREL PVDAQ (Photovoltaic Data Acquisition) via OEDI data lake,39.0,True,0.821,3.0734,0.26713,8.02,0.46,34.27548,,False,0.88138,30.20964,,0.9924,False,0.0,False
2016-01-05,Public dataset: NREL PVDAQ (Photovoltaic Data Acquisition) via OEDI data lake,29.0,True,0.967,3.2124,0.30102,7.86,15.0,40.3073,,False,0.88354,35.61322,,0.99809,False,0.0,False
2016-01-06,Public dataset: NREL PVDAQ (Photovoltaic Data Acquisition) via OEDI data lake,105.0,True,2.2056,3.2803,0.67238,6.82,4.54,99.12597,1.05926,False,0.88571,87.79664,1.19595,0.99809,False,0.0,False
2016-01-07,Public dataset: NREL PVDAQ (Photovoltaic Data Acquisition) via OEDI data lake,104.0,True,1.9999,3.3122,0.6038,5.56,2.39,87.98869,1.18197,False,0.88787,78.12277,1.33124,0.9924,False,0.0,False
2016-01-08,Public dataset: NREL PVDAQ (Photovoltaic Data Acquisition) via OEDI data lake,131.0,True,2.994,3.3994,0.88074,5.61,0.02,145.63463,0.89951,True,0.89004,129.62035,1.01064,0.9867,False,0.0,False
2016-01-09,Public dataset: NREL PVDAQ (Photovoltaic Data Acquisition) via OEDI data lake,139.0,True,3.229,3.3806,0.95516,5.53,0.0,157.89376,0.88034,True,0.8922,140.87331,0.9867,0.97294,False,0.0,False
2016-01-10,Public dataset: NREL PVDAQ (Photovoltaic Data Acquisition) via OEDI data lake,102.0,True,2.8198,3.3665,0.83761,4.9,0.0,136.14927,0.74918,False,0.89437,121.76758,0.83766,0.97506,False,0.0,False
2016-01-11,Public dataset: NREL PVDAQ (Photovoltaic Data Acquisition) via OEDI data lake,150.0,True,3.5294,3.5746,0.98736,3.06,0.0,175.37126,0.85533,True,0.89653,157.22619,0.95404,0.96712,False,0.0,False
2016-01-12,Public dataset: NREL PVDAQ (Photovoltaic Data Acquisition) via OEDI data lake,150.0,True,3.3341,3.5647,0.93531,3.32,0.0,164.4055,0.91238,True,0.8987,147.75098,1.01522,0.96712,False,0.0,False
2016-01-13,Public dataset: NREL PVDAQ (Photovoltaic Data Acquisition) via OEDI data lake,93.0,True,1.8667,3.5076,0.53219,3.77,0.0,80.40983,1.15657,False,0.90086,72.4383,1.28385,0.97506,False,0.0,False
2016-01-14,Public dataset: NREL PVDAQ (Photovoltaic Data Acquisition) via OEDI data lake,126.0,True,3.0444,3.5647,0.85404,6.55,0.0,145.46979,0.86616,True,0.90303,131.36341,0.95917,0.97506,False,0.0,False
2016-01-15,Public dataset: NREL PVDAQ (Photovoltaic Data Acquisition) via OEDI data lake,131.0,True,3.3965,3.5755,0.94994,7.4,0.04,164.16337,0.79799,True,0.90519,148.59969,0.88156,0.97506,False,0.0,False
2016-01-16,Public dataset: NREL PVDAQ (Photovoltaic Data Acquisition) via OEDI data lake,72.0,True,1.8305,3.4726,0.52713,6.5,0.0,79.14696,0.9097,False,0.90446,71.58503,1.0058,0.96712,False,0.0,False
2016-01-17,Public dataset: NREL PVDAQ (Photovoltaic Data Acquisition) via OEDI data lake,127.0,True,3.1056,3.5916,0.86468,7.51,0.0,144.12463,0.88118,True,0.90372,130.24834,0.97506,0.96712,False,0.0,False
2016-01-18,Public dataset: NREL PVDAQ (Photovoltaic Data Acquisition) via OEDI data lake,122.0,True,3.2153,3.523,0.91266,10.26,0.0,151.74152,0.804,True,0.90298,137.02006,0.89038,0.97506,False,0.0,False
2016-01-19,Public dataset: NREL PVDAQ (Photovoltaic Data Acquisition) via OEDI data lake,26.0,True,1.0694,3.493,0.30616,7.48,1.05,44.52984,,False,0.90225,40.17689,,0.98855,False,0.0,False
2016-01-20,Public dataset: NREL PVDAQ (Photovoltaic Data Acquisition) via OEDI data lake,147.0,True,3.4498,3.667,0.94077,9.57,0.23,164.94845,0.89119,True,0.90151,148.70261,0.98855,0.98855,False,0.0,False
2016-01-21,Public dataset: NREL PVDAQ (Photovoltaic Data Acquisition) via OEDI data lake,135.0,True,2.8992,3.7234,0.77864,7.49,0.0,132.96673,1.01529,False,0.90077,119.77281,1.12713,0.98949,False,0.0,False
2016-01-22,Public dataset: NREL PVDAQ (Photovoltaic Data Acquisition) via OEDI data lake,117.0,True,2.5452,3.7531,0.67816,8.19,0.0,112.78689,1.03735,False,0.90004,101.51225,1.15257,0.99042,False,0.0,False
2016-01-23,Public dataset: NREL PVDAQ (Photovoltaic Data Acquisition) via OEDI data lake,67.0,True,2.1583,3.6504,0.59125,8.68,0.1,92.96282,0.72072,False,0.8993,83.60137,0.80142,0.99051,False,0.0,False
2016-01-24,Public dataset: NREL PVDAQ (Photovoltaic Data Acquisition) via OEDI data lake,157.0,True,3.721,3.8933,0.95574,8.78,0.0,173.48565,0.90497,True,0.89856,155.88764,1.00714,0.99051,False,0.0,False
2016-01-25,Public dataset: NREL PVDAQ (Photovoltaic Data Acquisition) via OEDI data lake,160.0,True,3.7457,3.942,0.9502,6.46,0.01,179.65392,0.8906,True,0.89783,161.29783,0.99195,0.99059,False,0.0,False
2016-01-26,Public dataset: NREL PVDAQ (Photovoltaic Data Acquisition) via OEDI data lake,166.0,True,3.8786,3.9799,0.97455,5.66,0.0,186.80016,0.88865,True,0.89709,167.57626,0.99059,0.99195,False,0.0,False
2016-01-27,Public dataset: NREL PVDAQ (Photovoltaic Data Acquisition) via OEDI data lake,159.0,True,3.7344,3.9857,0.93695,7.44,0.0,174.61774,0.91056,True,0.89635,156.51888,1.01585,0.99954,False,0.0,False
2016-01-28,Public dataset: NREL PVDAQ (Photovoltaic Data Acquisition) via OEDI data lake,161.0,True,3.883,3.9912,0.97289,10.12,0.0,181.50312,0.88704,True,0.89561,162.55685,0.99042,1.00176,False,0.0,False
2016-01-29,Public dataset: NREL PVDAQ (Photovoltaic Data Acquisition) via OEDI data lake,131.0,True,3.222,3.9439,0.81696,11.15,0.0,145.00383,0.90342,False,0.89488,129.76071,1.00955,0.99639,False,0.0,False
2016-01-30,Public dataset: NREL PVDAQ (Photovoltaic Data Acquisition) via OEDI data lake,136.0,True,3.3499,3.9696,0.84389,11.98,0.0,149.13645,0.91192,False,0.89414,133.349,1.01988,1.00176,False,0.0,False
2016-01-31,Public dataset: NREL PVDAQ (Photovoltaic Data Acquisition) via OEDI data lake,74.0,True,1.369,3.9893,0.34317,9.86,3.21,55.84437,,False,0.8934,49.89158,,1.00714,False,0.0,False
2016-02-01,Public dataset: NREL PVDAQ (Photovoltaic Data Acquisition) via OEDI data lake,155.0,True,2.8793,4.2833,0.67222,4.15,2.62,134.53004,1.15216,False,0.89267,120.09055,1.29069,1.00388,False,0.0,False
2016-02-02,Public dataset: NREL PVDAQ (Photovoltaic Data Acquisition) via OEDI data lake,178.0,True,3.9478,4.3296,0.91182,1.7,0.0,190.3293,0.93522,True,0.89193,169.76047,1.04854,1.01365,False,0.0,False
2016-02-03,Public dataset: NREL PVDAQ (Photovoltaic Data Acquisition) via OEDI data lake,182.0,True,4.1405,4.3435,0.95326,2.48,0.0,198.58148,0.9165,True,0.89119,176.97452,1.0284,1.01365,False,0.0,False
2016-02-04,Public dataset: NREL PVDAQ (Photovoltaic Data Acquisition) via OEDI data lake,172.0,True,4.1249,4.3106,0.95692,5.08,0.0,193.85876,0.88724,True,0.89046,172.62281,0.99639,1.00388,False,0.0,False
2016-02-05,Public dataset: NREL PVDAQ (Photovoltaic Data Acquisition) via OEDI data lake,177.0,True,4.3402,4.397,0.98708,6.38,0.0,202.58068,0.87373,True,0.88972,180.24002,0.98202,1.00388,False,0.0,False
2016-02-06,Public dataset: NREL PVDAQ (Photovoltaic Data Acquisition) via OEDI data lake,176.0,True,4.2113,4.3174,0.97543,7.16,0.0,195.31261,0.90112,True,0.88898,173.62956,1.01365,1.00013,False,0.0,False
2016-02-07,Public dataset: NREL PVDAQ (Photovoltaic Data Acquisition) via OEDI data lake,177.0,True,4.295,4.3476,0.9879,10.08,0.0,195.89113,0.90356,True,0.88825,173.9995,1.01724,1.00013,False,0.0,False
2016-02-08,Public dataset: NREL PVDAQ (Photovoltaic Data Acquisition) via OEDI data lake,178.0,True,4.4071,4.4815,0.9834,11.97,0.0,199.78702,0.89095,True,0.88751,177.3128,1.00388,0.99639,False,0.0,False
2016-02-09,Public dataset: NREL PVDAQ (Photovoltaic Data Acquisition) via OEDI data lake,178.0,True,4.3826,4.476,0.97913,12.58,0.0,197.24022,0.90245,True,0.88677,174.90715,1.01768,0.98921,True,0.01079,False
2016-02-10,Public dataset: NREL PVDAQ (Photovoltaic Data Acquisition) via OEDI data lake,91.0,True,4.4654,4.5622,0.97878,13.35,0.0,199.97797,0.45505,True,0.88604,177.18756,0.51358,0.98202,True,0.01798,False
2016-02-11,Public dataset: NREL PVDAQ (Photovoltaic Data Acquisition) via OEDI data lake,96.0,True,4.2797,4.5931,0.93177,14.12,0.0,188.68211,0.50879,True,0.8853,167.03999,0.57471,0.78504,True,0.21496,False
2016-02-12,Public dataset: NREL PVDAQ (Photovoltaic Data Acquisition) via OEDI data lake,96.0,True,4.3795,4.6694,0.93791,14.39,0.0,190.71747,0.50336,True,0.88456,168.70135,0.56905,0.58139,True,0.41861,False
2016-02-13,Public dataset: NREL PVDAQ (Photovoltaic Data Acquisition) via OEDI data lake,95.0,True,4.1402,4.6121,0.89768,14.27,0.0,182.78272,0.51974,True,0.88382,161.54789,0.58806,0.57258,True,0.42742,False
2016-02-14,Public dataset: NREL PVDAQ (Photovoltaic Data Acquisition) via OEDI data lake,66.0,True,3.1339,4.7554,0.65902,14.42,0.0,128.99121,0.51166,False,0.88309,113.91057,0.5794,0.56975,True,0.43025,False
2016-02-15,Public dataset: NREL PVDAQ (Photovoltaic Data Acquisition) via OEDI data lake,96.0,True,4.4225,4.7309,0.93481,15.39,0.0,190.72986,0.50333,True,0.88235,168.29069,0.57044,0.5606,True,0.4394,False
2016-02-16,Public dataset: NREL PVDAQ (Photovoltaic Data Acquisition) via OEDI data lake,100.0,True,4.7194,4.7825,0.98681,16.01,0.0,205.36457,0.48694,True,0.88189,181.10873,0.55215,0.5606,True,0.4394,False
2016-02-17,Public dataset: NREL PVDAQ (Photovoltaic Data Acquisition) via OEDI data lake,93.0,True,3.5515,4.8595,0.73084,17.15,1.86,145.03272,0.64123,False,0.88143,127.83572,0.7275,0.55122,True,0.44878,False
2016-02-18,Public dataset: NREL PVDAQ (Photovoltaic Data Acquisition) via OEDI data lake,89.0,True,4.0574,4.9495,0.81976,13.74,0.57,181.13948,0.49133,False,0.88096,159.57748,0.55772,0.55122,True,0.44878,False
2016-02-19,Public dataset: NREL PVDAQ (Photovoltaic Data Acquisition) via OEDI data lake,102.0,True,4.979,5.0482,0.98629,14.0,0.0,216.26951,0.47163,True,0.8805,190.42585,0.53564,0.55029,True,0.44971,False
2016-02-20,Public dataset: NREL PVDAQ (Photovoltaic Data Acquisition) via OEDI data lake,100.0,True,4.9517,5.0618,0.97825,14.09,0.0,213.85021,0.46762,True,0.88004,188.19683,0.53136,0.55029,True,0.44971,False
2016-02-21,Public dataset: NREL PVDAQ (Photovoltaic Data Acquisition) via OEDI data lake,103.0,True,4.9685,5.0273,0.9883,15.16,0.0,212.80041,0.48402,True,0.87958,187.17463,0.55029,0.55029,True,0.44971,False
2016-02-22,Public dataset: NREL PVDAQ (Photovoltaic Data Acquisition) via OEDI data lake,105.0,True,5.213,5.2538,0.99223,13.36,0.0,224.89408,0.46689,True,0.87912,197.70803,0.53109,0.55122,True,0.44878,False
2016-02-23,Public dataset: NREL PVDAQ (Photovoltaic Data Acquisition) via OEDI data lake,112.0,True,4.9642,5.3292,0.93151,9.62,0.0,217.75714,0.51433,True,0.87865,191.3332,0.58537,0.55029,True,0.44971,False
2016-02-24,Public dataset: NREL PVDAQ (Photovoltaic Data Acquisition) via OEDI data lake,107.0,True,5.1936,5.262,0.987,10.94,0.0,225.26696,0.47499,True,0.87819,197.82763,0.54087,0.55029,True,0.44971,False
2016-02-25,Public dataset: NREL PVDAQ (Photovoltaic Data Acquisition) via OEDI data lake,106.0,True,5.19,5.2198,0.99429,14.68,0.0,221.53197,0.47849,True,0.87773,194.44522,0.54514,0.55029,True,0.44971,False
2016-02-26,Public dataset: NREL PVDAQ (Photovoltaic Data Acquisition) via OEDI data lake,,False,5.0225,5.148,0.97562,16.74,0.0,209.04985,,False,0.87727,183.39269,,0.56783,True,0.43217,False
2016-02-27,Public dataset: NREL PVDAQ (Photovoltaic Data Acquisition) via OEDI data lake,189.0,True,5.1756,5.4079,0.95704,18.6,0.0,216.24667,0.874,True,0.87681,189.60629,0.9968,0.58537,True,0.41463,False
2016-02-28,Public dataset: NREL PVDAQ (Photovoltaic Data Acquisition) via OEDI data lake,168.0,True,4.8439,5.3762,0.90099,17.54,0.0,199.09818,0.8438,True,0.87634,174.4784,0.96287,0.77412,True,0.22588,False
2016-02-29,Public dataset: NREL PVDAQ (Photovoltaic Data Acquisition) via OEDI data lake,198.0,True,5.3798,5.436,0.98966,19.11,0.0,223.0449,0.88771,True,0.87588,195.36087,1.01351,0.96287,True,0.03713,False
2016-03-01,Public dataset: NREL PVDAQ (Photovoltaic Data Acquisition) via OEDI data lake,167.0,True,4.5578,5.5111,0.82702,18.59,0.0,189.32504,0.88208,False,0.87542,165.73878,1.00761,0.96351,True,0.03649,False
2016-03-02,Public dataset: NREL PVDAQ (Photovoltaic Data Acquisition) via OEDI data lake,191.0,True,5.2764,5.7329,0.92037,18.79,0.0,217.71093,0.87731,True,0.87496,190.48773,1.00269,0.9968,False,0.0,False
2016-03-03,Public dataset: NREL PVDAQ (Photovoltaic Data Acquisition) via OEDI data lake,173.0,True,4.1321,5.658,0.73031,19.42,0.0,167.47364,1.033,False,0.8745,146.45487,1.18125,1.00269,False,0.0,False
2016-03-04,Public dataset: NREL PVDAQ (Photovoltaic Data Acquisition) via OEDI data lake,176.0,True,5.1617,5.5817,0.92475,19.16,0.0,208.99213,0.84214,True,0.87403,182.666,0.96351,1.0081,False,0.0,False
2016-03-05,Public dataset: NREL PVDAQ (Photovoltaic Data Acquisition) via OEDI data lake,137.0,True,3.7277,5.5661,0.66971,17.36,0.07,149.83241,0.91435,False,0.87357,130.88921,1.04669,1.01351,False,0.0,False
2016-03-06,Public dataset: NREL PVDAQ (Photovoltaic Data Acquisition) via OEDI data lake,166.0,True,3.7385,5.7751,0.64735,13.62,1.29,156.42924,1.06118,False,0.87311,136.57972,1.21541,1.01351,False,0.0,False
2016-03-07,Public dataset: NREL PVDAQ (Photovoltaic Data Acquisition) via OEDI data lake,149.0,True,3.6163,5.8013,0.62336,10.51,0.07,147.97599,1.00692,False,0.87265,129.13074,1.15387,1.01351,False,0.0,False
2016-03-08,Public dataset: NREL PVDAQ (Photovoltaic Data Acquisition) via OEDI data lake,213.0,True,5.8051,6.0055,0.96663,12.81,0.0,239.74934,0.88843,True,0.87218,209.10564,1.01862,1.01862,False,0.0,False
2016-03-09,Public dataset: NREL PVDAQ (Photovoltaic Data Acquisition) via OEDI data lake,202.0,True,5.4914,5.9386,0.9247,16.27,0.0,220.75779,0.91503,True,0.87172,192.43949,1.04968,1.02196,False,0.0,False
2016-03-10,Public dataset: NREL PVDAQ (Photovoltaic Data Acquisition) via OEDI data lake,216.0,True,5.9726,6.0391,0.98899,18.61,0.0,240.59477,0.89778,True,0.87126,209.62065,1.03043,1.02742,False,0.0,False
2016-03-11,Public dataset: NREL PVDAQ (Photovoltaic Data Acquisition) via OEDI data lake,156.0,True,4.0092,5.8474,0.68564,17.01,0.78,163.48137,0.95424,False,0.8708,142.35927,1.09582,1.02529,False,0.0,False
2016-03-12,Public dataset: NREL PVDAQ (Photovoltaic Data Acquisition) via OEDI data lake,209.0,True,5.7341,6.1687,0.92955,12.7,0.21,232.53613,0.89879,True,0.87034,202.38456,1.03269,1.02954,False,0.0,False
2016-03-13,Public dataset: NREL PVDAQ (Photovoltaic Data Acquisition) via OEDI data lake,177.0,True,5.4086,6.0348,0.89624,13.76,0.0,221.90344,0.79764,True,0.86987,193.028,0.91697,1.02742,False,0.0,False
2016-03-14,Public dataset: NREL PVDAQ (Photovoltaic Data Acquisition) via OEDI data lake,197.0,True,5.5018,6.3115,0.87171,15.1,0.0,225.50477,0.8736,True,0.86941,196.05649,1.00481,1.02742,False,0.0,False
2016-03-15,Public dataset: NREL PVDAQ (Photovoltaic Data Acquisition) via OEDI data lake,220.0,True,6.0665,6.379,0.95101,16.01,0.0,246.8377,0.89127,True,0.86929,214.57274,1.02529,1.02954,False,0.0,False
2016-03-16,Public dataset: NREL PVDAQ (Photovoltaic Data Acquisition) via OEDI data lake,228.0,True,6.288,6.4226,0.97904,16.74,0.0,253.14945,0.90065,True,0.86916,220.02783,1.03623,1.02954,False,0.0,False
2016-03-17,Public dataset: NREL PVDAQ (Photovoltaic Data Acquisition) via OEDI data lake,224.0,True,6.3077,6.3552,0.99253,18.53,0.0,250.36046,0.89471,True,0.86904,217.57245,1.02954,1.02529,False,0.0,False
2016-03-18,Public dataset: NREL PVDAQ (Photovoltaic Data Acquisition) via OEDI data lake,227.0,True,6.4476,6.5033,0.99144,19.76,0.0,255.12213,0.88977,True,0.86891,221.67864,1.024,1.02529,False,0.0,False
2016-03-19,Public dataset: NREL PVDAQ (Photovoltaic Data Acquisition) via OEDI data lake,210.0,True,5.8654,6.4212,0.91344,20.07,0.0,229.17926,0.91631,True,0.86879,199.10792,1.0547,1.02742,False,0.0,False
2016-03-20,Public dataset: NREL PVDAQ (Photovoltaic Data Acquisition) via OEDI data lake,200.0,True,5.8829,6.5522,0.89785,22.43,0.0,224.9848,0.88895,True,0.86866,195.43571,1.02335,1.02529,False,0.0,False
2016-03-21,Public dataset: NREL PVDAQ (Photovoltaic Data Acquisition) via OEDI data lake,149.0,True,4.3471,6.6929,0.64951,19.99,0.0,166.05958,0.89727,False,0.86854,144.22887,1.03308,1.02742,False,0.0,False
2016-03-22,Public dataset: NREL PVDAQ (Photovoltaic Data Acquisition) via OEDI data lake,242.0,True,6.4318,6.9821,0.92118,14.12,0.0,263.26941,0.91921,True,0.86841,228.62629,1.0585,1.02954,False,0.0,False
2016-03-23,Public dataset: NREL PVDAQ (Photovoltaic Data Acquisition) via OEDI data lake,248.0,True,6.9118,6.9626,0.9927,13.08,0.0,279.73181,0.88656,True,0.86829,242.88747,1.02105,1.03289,False,0.0,False
2016-03-24,Public dataset: NREL PVDAQ (Photovoltaic Data Acquisition) via OEDI data lake,225.0,True,6.5628,6.7795,0.96804,15.79,0.0,259.74698,0.86623,True,0.86816,225.50244,0.99777,1.02946,False,0.0,False
2016-03-25,Public dataset: NREL PVDAQ (Photovoltaic Data Acquisition) via OEDI data lake,238.0,True,6.672,6.8011,0.98102,18.25,0.0,261.50897,0.9101,True,0.86804,226.99945,1.04846,1.02669,False,0.0,False
2016-03-26,Public dataset: NREL PVDAQ (Photovoltaic Data Acquisition) via OEDI data lake,257.0,True,7.0082,7.0394,0.99557,14.34,0.0,281.0163,0.91454,True,0.86791,243.89741,1.05372,1.02636,False,0.0,False
2016-03-27,Public dataset: NREL PVDAQ (Photovoltaic Data Acquisition) via OEDI data lake,171.0,True,5.0678,6.8011,0.74514,15.35,0.0,202.7971,0.84321,False,0.86779,175.98469,0.97168,1.02636,False,0.0,False
2016-03-28,Public dataset: NREL PVDAQ (Photovoltaic Data Acquisition) via OEDI data lake,139.0,True,5.4142,6.8369,0.79191,15.08,0.02,211.90996,0.65594,False,0.86766,183.86622,0.75598,1.03501,False,0.0,False
2016-03-29,Public dataset: NREL PVDAQ (Photovoltaic Data Acquisition) via OEDI data lake,213.0,True,4.919,7.1652,0.68651,10.53,0.01,197.92188,1.07618,False,0.86754,171.70456,1.2405,1.02939,False,0.0,False
2016-03-30,Public dataset: NREL PVDAQ (Photovoltaic Data Acquisition) via OEDI data lake,194.0,True,5.2126,7.1131,0.73282,11.39,0.02,206.44182,0.93973,False,0.86741,179.07013,1.08337,1.02938,False,0.0,False
2016-03-31,Public dataset: NREL PVDAQ (Photovoltaic Data Acquisition) via OEDI data lake,243.0,True,6.9506,7.1383,0.97371,14.27,0.0,272.18871,0.89276,True,0.86729,236.06575,1.02937,1.02939,False,0.0,False
2016-04-01,Public dataset: NREL PVDAQ (Photovoltaic Data Acquisition) via OEDI data lake,241.0,True,7.0846,7.2391,0.97866,17.34,0.0,276.48518,0.87166,True,0.86716,239.75747,1.00518,1.03501,False,0.0,False
2016-04-02,Public dataset: NREL PVDAQ (Photovoltaic Data Acquisition) via OEDI data lake,244.0,True,7.1621,7.205,0.99405,18.85,0.0,276.2133,0.88338,True,0.86704,239.48719,1.01884,1.02939,False,0.0,False
2016-04-03,Public dataset: NREL PVDAQ (Photovoltaic Data Acquisition) via OEDI data lake,241.0,True,7.039,7.0999,0.99142,21.67,0.0,267.14153,0.90214,True,0.86691,231.58823,1.04064,1.02938,False,0.0,False
2016-04-04,Public dataset: NREL PVDAQ (Photovoltaic Data Acquisition) via OEDI data lake,237.0,True,6.3962,7.0697,0.90473,22.76,0.0,246.86754,0.96003,True,0.86679,213.98161,1.10757,1.02938,False,0.0,False
2016-04-05,Public dataset: NREL PVDAQ (Photovoltaic Data Acquisition) via OEDI data lake,241.0,True,7.1503,7.3522,0.97254,22.44,0.0,270.13912,0.89213,True,0.86666,234.11936,1.02939,1.02939,False,0.0,False
2016-04-06,Public dataset: NREL PVDAQ (Photovoltaic Data Acquisition) via OEDI data lake,244.0,True,6.3458,7.5046,0.84559,21.47,0.0,243.05345,1.00389,False,0.86654,210.61486,1.15851,1.03501,False,0.0,False
2016-04-07,Public dataset: NREL PVDAQ (Photovoltaic Data Acquisition) via OEDI data lake,164.0,True,5.2397,7.369,0.71105,21.5,0.0,199.07517,0.82381,False,0.86641,172.48116,0.95083,1.02939,False,0.0,False
2016-04-08,Public dataset: NREL PVDAQ (Photovoltaic Data Acquisition) via OEDI data lake,112.0,True,2.8843,6.9118,0.4173,17.14,5.62,114.11091,0.9815,False,0.86629,98.85283,1.133,1.03501,False,0.0,False
2016-04-09,Public dataset: NREL PVDAQ (Photovoltaic Data Acquisition) via OEDI data lake,86.0,True,4.3394,7.1887,0.60364,15.24,16.16,170.19055,0.50532,False,0.86616,147.41264,0.5834,1.03679,False,0.0,False
2016-04-10,Public dataset: NREL PVDAQ (Photovoltaic Data Acquisition) via OEDI data lake,143.0,True,4.536,7.1873,0.63111,13.19,4.16,178.70396,0.80021,False,0.86604,154.7643,0.92399,1.03679,False,0.0,False
2016-04-11,Public dataset: NREL PVDAQ (Photovoltaic Data Acquisition) via OEDI data lake,218.0,True,4.5214,7.2821,0.62089,15.14,0.78,178.21019,1.22327,False,0.86591,154.31439,1.4127,1.03116,False,0.0,False
2016-04-12,Public dataset: NREL PVDAQ (Photovoltaic Data Acquisition) via OEDI data lake,248.0,True,6.8911,7.428,0.92772,18.42,0.0,262.03025,0.94646,True,0.86579,226.86247,1.09317,1.02378,False,0.0,False
2016-04-13,Public dataset: NREL PVDAQ (Photovoltaic Data Acquisition) via OEDI data lake,241.0,True,6.732,7.5266,0.89443,20.06,0.0,254.40202,0.94732,True,0.86566,220.22624,1.09433,1.01887,False,0.0,False
2016-04-14,Public dataset: NREL PVDAQ (Photovoltaic Data Acquisition) via OEDI data lake,222.0,True,6.9912,7.8106,0.89509,19.19,0.0,261.14692,0.8501,True,0.86554,226.03242,0.98216,1.01818,False,0.0,False
2016-04-15,Public dataset: NREL PVDAQ (Photovoltaic Data Acquisition) via OEDI data lake,162.0,True,6.5047,7.9944,0.81366,14.96,0.0,247.44943,0.65468,False,0.86594,214.27534,0.75604,1.01887,False,0.0,False
2016-04-16,Public dataset: NREL PVDAQ (Photovoltaic Data Acquisition) via OEDI data lake,274.0,True,8.0453,8.0714,0.99677,15.74,0.0,306.19213,0.89486,True,0.86633,265.26478,1.03293,1.01956,False,0.0,False
2016-04-17,Public dataset: NREL PVDAQ (Photovoltaic Data Acquisition) via OEDI data lake,268.0,True,8.0537,8.1103,0.99302,17.55,0.0,303.68627,0.88249,True,0.86673,263.2149,1.01818,1.01956,False,0.0,False
2016-04-18,Public dataset: NREL PVDAQ (Photovoltaic Data Acquisition) via OEDI data lake,262.0,True,8.0177,8.0638,0.99428,18.08,0.0,300.35434,0.8723,True,0.86713,260.4467,1.00596,1.01956,False,0.0,False
2016-04-19,Public dataset: NREL PVDAQ (Photovoltaic Data Acquisition) via OEDI data lake,244.0,True,7.6349,7.8821,0.96864,20.89,0.0,282.17453,0.86471,True,0.86753,244.79487,0.99675,1.01887,False,0.0,False
2016-04-20,Public dataset: NREL PVDAQ (Photovoltaic Data Acquisition) via OEDI data lake,251.0,True,7.769,7.8845,0.98535,22.84,0.0,283.64595,0.88491,True,0.86793,246.18442,1.01956,1.01818,False,0.0,False
2016-04-21,Public dataset: NREL PVDAQ (Photovoltaic Data Acquisition) via OEDI data lake,226.0,True,7.1515,7.9445,0.90018,23.47,0.0,259.8656,0.86968,True,0.86833,225.64834,1.00156,1.01673,False,0.0,False
2016-04-22,Public dataset: NREL PVDAQ (Photovoltaic Data Acquisition) via OEDI data lake,265.0,True,7.5478,8.0969,0.93218,23.3,0.0,272.97601,0.97078,True,0.86873,237.14125,1.11748,1.01818,False,0.0,False
2016-04-23,Public dataset: NREL PVDAQ (Photovoltaic Data Acquisition) via OEDI data lake,280.0,True,8.2543,8.3234,0.9917,17.6,0.0,308.87942,0.9065,True,0.86912,268.45456,1.04301,1.01818,False,0.0,False
2016-04-24,Public dataset: NREL PVDAQ (Photovoltaic Data Acquisition) via OEDI data lake,190.0,True,5.3258,7.8096,0.68196,18.99,0.0,195.76102,0.97057,False,0.86952,170.21865,1.11621,1.01818,False,0.0,False
2016-04-25,Public dataset: NREL PVDAQ (Photovoltaic Data Acquisition) via OEDI data lake,86.0,True,3.3874,8.0638,0.42007,13.3,0.99,134.85555,0.63772,False,0.86992,117.3137,0.73308,1.01742,False,0.0,False
2016-04-26,Public dataset: NREL PVDAQ (Photovoltaic Data Acquisition) via OEDI data lake,258.0,True,7.8425,8.2337,0.95249,16.68,0.0,291.98145,0.88362,True,0.87032,254.11722,1.01528,1.01742,False,0.0,False
2016-04-27,Public dataset: NREL PVDAQ (Photovoltaic Data Acquisition) via OEDI data lake,212.0,True,4.7729,7.8653,0.60683,17.2,1.95,184.16719,1.15113,False,0.87072,160.35773,1.32204,1.01834,False,0.0,False
2016-04-28,Public dataset: NREL PVDAQ (Photovoltaic Data Acquisition) via OEDI data lake,170.0,True,4.0301,7.9627,0.50612,14.76,5.15,157.08278,1.08223,False,0.87112,136.83745,1.24235,1.01711,False,0.0,False
2016-04-29,Public dataset: NREL PVDAQ (Photovoltaic Data Acquisition) via OEDI data lake,231.0,True,6.6665,8.0119,0.83207,17.56,1.5,245.32724,0.9416,False,0.87152,213.80645,1.08042,1.03006,False,0.0,False
2016-04-30,Public dataset: NREL PVDAQ (Photovoltaic Data Acquisition) via OEDI data lake,104.0,True,3.5522,7.9541,0.44659,13.63,8.82,143.29729,0.72576,False,0.87191,124.94289,0.83238,1.01711,False,0.0,False
2016-05-01,Public dataset: NREL PVDAQ (Photovoltaic Data Acquisition) via OEDI data lake,258.0,True,7.1124,8.3088,0.85601,18.3,0.35,262.08375,0.98442,True,0.87231,228.6189,1.12852,1.0162,False,0.0,False
2016-05-02,Public dataset: NREL PVDAQ (Photovoltaic Data Acquisition) via OEDI data lake,268.0,True,6.9389,8.1816,0.84811,19.79,0.02,258.34142,1.03739,False,0.87271,225.45737,1.18869,1.01711,False,0.0,False
2016-05-03,Public dataset: NREL PVDAQ (Photovoltaic Data Acquisition) via OEDI data lake,263.0,True,8.2267,8.3136,0.98955,21.07,0.0,298.6911,0.88051,True,0.87311,260.79001,1.00847,1.0162,False,0.0,False
2016-05-04,Public dataset: NREL PVDAQ (Photovoltaic Data Acquisition) via OEDI data lake,246.0,True,7.7225,8.341,0.92585,23.59,0.0,276.88496,0.88846,True,0.87351,241.86122,1.01711,1.01531,False,0.0,False
2016-05-05,Public dataset: NREL PVDAQ (Photovoltaic Data Acquisition) via OEDI data lake,239.0,True,6.3564,8.2162,0.77364,22.35,0.0,233.2822,1.02451,False,0.87391,203.86683,1.17233,1.01352,False,0.0,False
2016-05-06,Public dataset: NREL PVDAQ (Photovoltaic Data Acquisition) via OEDI data lake,79.0,True,4.6495,8.1336,0.57164,17.4,1.38,177.79879,0.44432,False,0.87431,155.45038,0.5082,1.01319,False,0.0,False
2016-05-07,Public dataset: NREL PVDAQ (Photovoltaic Data Acquisition) via OEDI data lake,180.0,True,4.9526,7.999,0.61915,15.62,3.14,190.44566,0.94515,False,0.8747,166.58349,1.08054,1.01352,False,0.0,False
2016-05-08,Public dataset: NREL PVDAQ (Photovoltaic Data Acquisition) via OEDI data lake,227.0,True,6.3053,8.1665,0.77209,17.29,0.08,235.72187,0.963,False,0.8751,206.2807,1.10044,1.01319,False,0.0,False
2016-05-09,Public dataset: NREL PVDAQ (Photovoltaic Data Acquisition) via OEDI data lake,271.0,True,8.431,8.5219,0.98933,21.65,0.0,302.67589,0.89535,True,0.8755,264.99293,1.02267,1.01319,False,0.0,False
2016-05-10,Public dataset: NREL PVDAQ (Photovoltaic Data Acquisition) via OEDI data lake,260.0,True,8.149,8.5421,0.95398,23.32,0.0,292.87892,0.88774,True,0.8759,256.5324,1.01352,1.01319,False,0.0,False
2016-05-11,Public dataset: NREL PVDAQ (Photovoltaic Data Acquisition) via OEDI data lake,274.0,True,8.617,8.6508,0.99609,23.05,0.0,308.71081,0.88756,True,0.8763,270.52257,1.01285,1.01531,False,0.0,False
2016-05-12,Public dataset: NREL PVDAQ (Photovoltaic Data Acquisition) via OEDI data lake,268.0,True,8.6309,8.6628,0.99632,24.95,0.0,304.10629,0.88127,True,0.8767,266.60883,1.00522,1.01546,False,0.0,False
2016-05-13,Public dataset: NREL PVDAQ (Photovoltaic Data Acquisition) via OEDI data lake,248.0,True,8.2044,8.3993,0.9768,27.7,0.0,284.52736,0.87162,True,0.87709,249.55745,0.99376,1.01546,False,0.0,False
2016-05-14,Public dataset: NREL PVDAQ (Photovoltaic Data Acquisition) via OEDI data lake,261.0,True,8.1624,8.7494,0.93291,27.57,0.0,283.07851,0.92201,True,0.87749,248.39949,1.05073,1.01739,False,0.0,False
2016-05-15,Public dataset: NREL PVDAQ (Photovoltaic Data Acquisition) via OEDI data lake,264.0,True,8.4218,8.7926,0.95783,24.78,0.0,298.43062,0.88463,True,0.87733,261.82267,1.00832,1.01546,False,0.0,False
2016-05-16,Public dataset: NREL PVDAQ (Photovoltaic Data Acquisition) via OEDI data lake,270.0,True,8.167,8.7408,0.93435,24.12,0.0,290.12869,0.93062,True,0.87717,254.49227,1.06094,1.01352,False,0.0,False
2016-05-17,Public dataset: NREL PVDAQ (Photovoltaic Data Acquisition) via OEDI data lake,124.0,True,4.9255,8.5022,0.57932,19.55,1.83,192.6262,0.64373,False,0.87701,168.93487,0.73401,1.01352,False,0.0,False
2016-05-18,Public dataset: NREL PVDAQ (Photovoltaic Data Acquisition) via OEDI data lake,267.0,True,7.8564,8.5939,0.91418,23.12,0.02,280.45225,0.95203,True,0.87685,245.91381,1.08575,1.01512,False,0.0,False
2016-05-19,Public dataset: NREL PVDAQ (Photovoltaic Data Acquisition) via OEDI data lake,261.0,True,8.388,8.6522,0.96946,26.59,0.0,292.6223,0.89193,True,0.87669,256.53783,1.01739,1.02357,False,0.0,False
2016-05-20,Public dataset: NREL PVDAQ (Photovoltaic Data Acquisition) via OEDI data lake,198.0,True,4.847,8.9078,0.54413,23.03,0.0,180.52833,1.09678,False,0.87652,158.23748,1.25128,1.03024,False,0.0,False
2016-05-21,Public dataset: NREL PVDAQ (Photovoltaic Data Acquisition) via OEDI data lake,295.0,True,9.0914,9.137,0.99501,18.98,0.0,326.89258,0.90244,True,0.87636,286.47652,1.02975,1.03073,False,0.0,False
2016-05-22,Public dataset: NREL PVDAQ (Photovoltaic Data Acquisition) via OEDI data lake,279.0,True,8.9122,8.9868,0.9917,19.54,0.0,319.77485,0.87249,True,0.8762,280.18718,0.99576,1.03073,False,0.0,False
2016-05-23,Public dataset: NREL PVDAQ (Photovoltaic Data Acquisition) via OEDI data lake,266.0,True,8.5586,8.6676,0.98742,21.25,0.0,303.4629,0.87655,True,0.87604,265.84562,1.00058,1.03073,False,0.0,False
2016-05-24,Public dataset: NREL PVDAQ (Photovoltaic Data Acquisition) via OEDI data lake,283.0,True,7.3596,8.6222,0.85356,19.89,0.0,264.90624,1.0683,True,0.87588,232.02566,1.21969,1.02975,False,0.0,False
2016-05-25,Public dataset: NREL PVDAQ (Photovoltaic Data Acquisition) via OEDI data lake,240.0,True,7.3517,8.7271,0.8424,20.77,0.0,262.74339,0.91344,False,0.87572,230.08884,1.04308,1.02357,False,0.0,False
2016-05-26,Public dataset: NREL PVDAQ (Photovoltaic Data Acquisition) via OEDI data lake,276.0,True,7.7496,8.6969,0.89108,22.21,0.07,277.09698,0.99604,True,0.87556,242.61378,1.13761,1.01413,False,0.0,False
2016-05-27,Public dataset: NREL PVDAQ (Photovoltaic Data Acquisition) via OEDI data lake,263.0,True,8.2711,8.8075,0.9391,25.1,0.01,291.47884,0.9023,True,0.87539,255.15882,1.03073,1.00572,False,0.0,False
2016-05-28,Public dataset: NREL PVDAQ (Photovoltaic Data Acquisition) via OEDI data lake,235.0,True,7.2305,8.5543,0.84525,26.12,0.0,253.25117,0.92793,False,0.87523,221.65366,1.06021,1.00997,False,0.0,False
2016-05-29,Public dataset: NREL PVDAQ (Photovoltaic Data Acquisition) via OEDI data lake,268.0,True,8.1096,8.6083,0.94207,26.13,0.0,282.5013,0.94867,True,0.87507,247.20871,1.0841,1.00785,False,0.0,False
2016-05-30,Public dataset: NREL PVDAQ (Photovoltaic Data Acquisition) via OEDI data lake,240.0,True,7.9843,8.677,0.92017,27.58,0.0,274.82106,0.8733,True,0.87491,240.44357,0.99816,1.00785,False,0.0,False
2016-05-31,Public dataset: NREL PVDAQ (Photovoltaic Data Acquisition) via OEDI data lake,261.0,True,8.5812,8.7254,0.98347,29.99,0.0,295.1667,0.88425,True,0.87475,258.1965,1.01086,1.00785,False,0.0,False
2016-06-01,Public dataset: NREL PVDAQ (Photovoltaic Data Acquisition) via OEDI data lake,264.0,True,8.8814,8.9453,0.99286,30.11,0.0,302.40914,0.87299,True,0.87459,264.48298,0.99817,1.00785,False,0.0,False
2016-06-02,Public dataset: NREL PVDAQ (Photovoltaic Data Acquisition) via OEDI data lake,259.0,True,8.7986,8.8466,0.99457,32.06,0.0,296.19261,0.87443,True,0.87443,258.99825,1.00001,1.00785,False,0.0,False
2016-06-03,Public dataset: NREL PVDAQ (Photovoltaic Data Acquisition) via OEDI data lake,256.0,True,8.885,8.9287,0.99511,33.65,0.0,297.30535,0.86107,True,0.87426,259.92324,0.98491,1.00584,False,0.0,False
2016-06-04,Public dataset: NREL PVDAQ (Photovoltaic Data Acquisition) via OEDI data lake,257.0,True,8.7168,8.7564,0.99548,34.75,0.0,291.11387,0.88282,True,0.8741,254.46325,1.00997,1.00383,False,0.0,False
2016-06-05,Public dataset: NREL PVDAQ (Photovoltaic Data Acquisition) via OEDI data lake,261.0,True,8.9345,8.9827,0.99463,33.84,0.0,296.32159,0.8808,True,0.87394,258.96748,1.00785,1.00584,False,0.0,False
2016-06-06,Public dataset: NREL PVDAQ (Photovoltaic Data Acquisition) via OEDI data lake,261.0,True,9.1068,9.3084,0.97834,32.42,0.0,301.85863,0.86464,True,0.87378,263.75778,0.98954,1.00584,False,0.0,False
2016-06-07,Public dataset: NREL PVDAQ (Photovoltaic Data Acquisition) via OEDI data lake,254.0,True,8.6431,8.8078,0.9813,33.16,0.0,289.63613,0.87696,True,0.87362,253.03124,1.00383,1.00891,False,0.0,False
2016-06-08,Public dataset: NREL PVDAQ (Photovoltaic Data Acquisition) via OEDI data lake,238.0,True,7.8886,8.7175,0.90492,33.84,0.0,264.14906,0.90101,True,0.87346,230.72263,1.03154,1.00891,False,0.0,False
2016-06-09,Public dataset: NREL PVDAQ (Photovoltaic Data Acquisition) via OEDI data lake,218.0,True,7.5331,9.2189,0.81714,33.07,0.0,256.89148,0.84861,False,0.87329,224.34197,0.97173,1.01405,False,0.0,False
2016-06-10,Public dataset: NREL PVDAQ (Photovoltaic Data Acquisition) via OEDI data lake,250.0,True,7.4532,8.8337,0.84372,31.39,0.16,256.87771,0.97323,False,0.87313,224.28847,1.11464,1.02453,False,0.0,False
2016-06-11,Public dataset: NREL PVDAQ (Photovoltaic Data Acquisition) via OEDI data lake,247.0,True,6.882,8.4108,0.81823,29.19,0.72,240.69541,1.02619,False,0.87297,210.12029,1.17552,1.02453,False,0.0,False
2016-06-12,Public dataset: NREL PVDAQ (Photovoltaic Data Acquisition) via OEDI data lake,265.0,True,7.7914,8.7502,0.89043,27.78,0.0,269.8343,0.98208,True,0.87281,235.51414,1.1252,1.02826,False,0.0,False
2016-06-13,Public dataset: NREL PVDAQ (Photovoltaic Data Acquisition) via OEDI data lake,268.0,True,8.2927,8.833,0.93883,28.18,0.0,287.21956,0.93308,True,0.87265,250.6418,1.06926,1.02826,False,0.0,False
2016-06-14,Public dataset: NREL PVDAQ (Photovoltaic Data Acquisition) via OEDI data lake,274.0,True,9.0415,9.0739,0.99643,28.75,0.0,308.44933,0.88831,True,0.87249,269.11812,1.01814,1.02826,False,0.0,False
2016-06-15,Public dataset: NREL PVDAQ (Photovoltaic Data Acquisition) via OEDI data lake,282.0,True,9.1339,9.2196,0.9907,26.9,0.0,313.4254,0.89974,True,0.87274,273.54,1.03093,1.02826,False,0.0,False
2016-06-16,Public dataset: NREL PVDAQ (Photovoltaic Data Acquisition) via OEDI data lake,284.0,True,9.157,9.2849,0.98622,26.28,0.0,314.994,0.9016,True,0.873,274.98972,1.03277,1.02187,False,0.0,False
2016-06-17,Public dataset: NREL PVDAQ (Photovoltaic Data Acquisition) via OEDI data lake,278.0,True,8.8889,9.1454,0.97195,28.81,0.0,302.26718,0.91972,True,0.87326,263.95667,1.0532,1.01814,False,0.0,False
2016-06-18,Public dataset: NREL PVDAQ (Photovoltaic Data Acquisition) via OEDI data lake,213.0,True,7.9918,9.1675,0.87175,30.47,0.0,271.32834,0.78503,True,0.87351,237.00867,0.8987,1.00386,False,0.0,False
2016-06-19,Public dataset: NREL PVDAQ (Photovoltaic Data Acquisition) via OEDI data lake,260.0,True,8.7516,8.8584,0.98794,34.65,0.0,290.13575,0.89613,True,0.87377,253.51153,1.02559,0.98958,False,0.0,False
2016-06-20,Public dataset: NREL PVDAQ (Photovoltaic Data Acquisition) via OEDI data lake,251.0,True,8.9364,8.975,0.9957,36.94,0.0,292.15229,0.85914,True,0.87402,255.34839,0.98297,0.98958,False,0.0,False
2016-06-21,Public dataset: NREL PVDAQ (Photovoltaic Data Acquisition) via OEDI data lake,196.0,True,8.1708,9.0314,0.90471,36.43,0.0,269.09716,0.72836,True,0.87428,235.26659,0.8331,0.98731,False,0.0,False
2016-06-22,Public dataset: NREL PVDAQ (Photovoltaic Data Acquisition) via OEDI data lake,255.0,True,8.8906,8.9657,0.99162,34.91,0.0,294.6517,0.86543,True,0.87454,257.68396,0.98958,0.98731,False,0.0,False
2016-06-23,Public dataset: NREL PVDAQ (Photovoltaic Data Acquisition) via OEDI data lake,257.0,True,8.9892,9.0307,0.9954,34.12,0.0,298.24462,0.86171,True,0.87479,260.90253,0.98504,0.98504,False,0.0,False
2016-06-24,Public dataset: NREL PVDAQ (Photovoltaic Data Acquisition) via OEDI data lake,253.0,True,9.4241,9.4582,0.99639,33.26,0.0,311.33992,0.81262,True,0.87505,272.43801,0.92865,0.98297,False,0.0,False
2016-06-25,Public dataset: NREL PVDAQ (Photovoltaic Data Acquisition) via OEDI data lake,256.0,True,8.9438,9.0662,0.9865,33.38,0.0,297.75664,0.85976,True,0.87531,260.62828,0.98224,0.98297,False,0.0,False
2016-06-26,Public dataset: NREL PVDAQ (Photovoltaic Data Acquisition) via OEDI data lake,250.0,True,8.8085,8.8435,0.99604,35.65,0.0,291.86902,0.85655,True,0.87556,255.5496,0.97828,0.98504,False,0.0,False
2016-06-27,Public dataset: NREL PVDAQ (Photovoltaic Data Acquisition) via OEDI data lake,232.0,True,8.0112,8.6057,0.93092,36.31,0.0,264.11643,0.8784,True,0.87582,231.31816,1.00295,0.98504,False,0.0,False
2016-06-28,Public dataset: NREL PVDAQ (Photovoltaic Data Acquisition) via OEDI data lake,211.0,True,5.4413,8.1377,0.66865,36.91,0.24,190.85837,1.10553,False,0.87608,167.20627,1.26191,0.98958,False,0.0,False
2016-06-29,Public dataset: NREL PVDAQ (Photovoltaic Data Acquisition) via OEDI data lake,240.0,True,7.7796,8.6354,0.9009,36.23,1.1,259.91611,0.92337,True,0.87633,227.77266,1.05368,1.00295,False,0.0,False
2016-06-30,Public dataset: NREL PVDAQ (Photovoltaic Data Acquisition) via OEDI data lake,154.0,True,5.3196,8.2817,0.64233,33.55,0.4,179.21822,0.85929,False,0.87659,157.10048,0.98026,1.00295,False,0.0,False
2016-07-01,Public dataset: NREL PVDAQ (Photovoltaic Data Acquisition) via OEDI data lake,225.0,True,7.5797,8.1137,0.93419,29.08,9.09,269.35959,0.83531,True,0.87684,236.18634,0.95264,1.00327,False,0.0,False
2016-07-02,Public dataset: NREL PVDAQ (Photovoltaic Data Acquisition) via OEDI data lake,253.0,True,8.2181,8.3357,0.98589,29.24,3.01,286.56698,0.88287,True,0.8771,251.34797,1.00657,1.00409,False,0.0,False
2016-07-03,Public dataset: NREL PVDAQ (Photovoltaic Data Acquisition) via OEDI data lake,256.0,True,8.2584,8.622,0.95783,32.21,0.0,280.78239,0.91174,True,0.87736,246.34626,1.03919,1.00657,False,0.0,False
2016-07-04,Public dataset: NREL PVDAQ (Photovoltaic Data Acquisition) via OEDI data lake,266.0,True,8.9899,9.0818,0.98988,32.7,0.0,301.85994,0.8812,True,0.87761,264.91615,1.00409,1.00657,False,0.0,False
2016-07-05,Public dataset: NREL PVDAQ (Photovoltaic Data Acquisition) via OEDI data lake,276.0,True,9.2426,9.2734,0.99668,31.99,0.0,307.46948,0.89765,True,0.87787,269.91795,1.02253,1.00657,False,0.0,False
2016-07-06,Public dataset: NREL PVDAQ (Photovoltaic Data Acquisition) via OEDI data lake,276.0,True,9.0926,9.2112,0.98712,31.63,0.0,305.22575,0.90425,True,0.87813,268.02648,1.02975,1.00533,False,0.0,False
2016-07-07,Public dataset: NREL PVDAQ (Photovoltaic Data Acquisition) via OEDI data lake,268.0,True,9.0722,9.1008,0.99686,31.29,0.0,304.79964,0.87927,True,0.87838,267.73041,1.00101,1.00368,False,0.0,False
2016-07-08,Public dataset: NREL PVDAQ (Photovoltaic Data Acquisition) via OEDI data lake,262.0,True,8.8699,8.9863,0.98705,32.28,0.0,297.21636,0.88151,True,0.87864,261.14557,1.00327,1.00409,False,0.0,False
2016-07-09,Public dataset: NREL PVDAQ (Photovoltaic Data Acquisition) via OEDI data lake,233.0,True,7.7292,9.0053,0.85829,32.31,0.0,260.65818,0.89389,True,0.87889,229.09096,1.01706,1.00657,False,0.0,False
2016-07-10,Public dataset: NREL PVDAQ (Photovoltaic Data Acquisition) via OEDI data lake,275.0,True,9.0473,9.0794,0.99646,30.61,0.0,306.85125,0.8962,True,0.87915,269.76842,1.01939,1.01706,False,0.0,False
2016-07-11,Public dataset: NREL PVDAQ (Photovoltaic Data Acquisition) via OEDI data lake,266.0,True,9.0799,9.2172,0.9851,30.05,0.0,310.1006,0.85779,True,0.87941,272.70456,0.97541,1.00511,False,0.0,False
2016-07-12,Public dataset: NREL PVDAQ (Photovoltaic Data Acquisition) via OEDI data lake,267.0,True,9.0994,9.1193,0.99782,32.07,0.0,304.12323,0.87793,True,0.87966,267.52596,0.99803,1.00711,False,0.0,False
2016-07-13,Public dataset: NREL PVDAQ (Photovoltaic Data Acquisition) via OEDI data lake,260.0,True,8.8898,8.923,0.99628,32.68,0.0,297.45007,0.8741,True,0.87992,261.73205,0.99338,1.00711,False,0.0,False
2016-07-14,Public dataset: NREL PVDAQ (Photovoltaic Data Acquisition) via OEDI data lake,255.0,True,8.7209,8.7497,0.99671,34.0,0.0,290.39833,0.8781,True,0.88018,255.60152,0.99765,1.00511,False,0.0,False
2016-07-15,Public dataset: NREL PVDAQ (Photovoltaic Data Acquisition) via OEDI data lake,264.0,True,8.785,8.8298,0.99493,34.81,0.0,291.18788,0.90663,True,0.88018,256.29846,1.03005,1.00511,False,0.0,False
2016-07-16,Public dataset: NREL PVDAQ (Photovoltaic Data Acquisition) via OEDI data lake,275.0,True,8.976,9.0384,0.9931,33.98,0.0,298.94232,0.91991,True,0.88019,263.12583,1.04513,1.00511,False,0.0,False
2016-07-17,Public dataset: NREL PVDAQ (Photovoltaic Data Acquisition) via OEDI data lake,266.0,True,8.903,8.9371,0.99618,33.98,0.0,296.14512,0.89821,True,0.8802,260.6658,1.02046,0.99803,False,0.0,False
2016-07-18,Public dataset: NREL PVDAQ (Photovoltaic Data Acquisition) via OEDI data lake,258.0,True,8.6638,8.6942,0.9965,33.73,0.0,291.62493,0.8847,True,0.8802,256.68915,1.00511,0.99765,False,0.0,False
2016-07-19,Public dataset: NREL PVDAQ (Photovoltaic Data Acquisition) via OEDI data lake,256.0,True,8.6095,8.6604,0.99412,34.19,0.0,288.78549,0.88647,True,0.88021,254.19185,1.00711,0.99803,False,0.0,False
2016-07-20,Public dataset: NREL PVDAQ (Photovoltaic Data Acquisition) via OEDI data lake,255.0,True,8.6124,8.6621,0.99426,34.88,0.0,287.48222,0.88701,True,0.88022,253.04667,1.00772,1.00511,False,0.0,False
2016-07-21,Public dataset: NREL PVDAQ (Photovoltaic Data Acquisition) via OEDI data lake,243.0,True,8.3054,8.5025,0.97682,35.54,0.0,278.41,0.87281,True,0.88022,245.06305,0.99158,1.00611,False,0.0,False
2016-07-22,Public dataset: NREL PVDAQ (Photovoltaic Data Acquisition) via OEDI data lake,247.0,True,8.4974,8.5898,0.98924,36.83,0.0,282.6758,0.87379,True,0.88023,248.81985,0.99269,1.00711,False,0.0,False
2016-07-23,Public dataset: NREL PVDAQ (Photovoltaic Data Acquisition) via OEDI data lake,246.0,True,8.6071,8.6304,0.9973,36.77,0.0,284.52598,0.8646,True,0.88024,250.45039,0.98223,1.00511,False,0.0,False
2016-07-24,Public dataset: NREL PVDAQ (Photovoltaic Data Acquisition) via OEDI data lake,240.0,True,8.4842,8.5214,0.99563,35.96,0.0,283.18462,0.8475,True,0.88024,249.27162,0.96281,0.99269,False,0.0,False
2016-07-25,Public dataset: NREL PVDAQ (Photovoltaic Data Acquisition) via OEDI data lake,221.0,True,8.2322,8.3669,0.9839,35.58,0.0,276.15311,0.80028,True,0.88025,243.08407,0.90915,0.99269,False,0.0,False
2016-07-26,Public dataset: NREL PVDAQ (Photovoltaic Data Acquisition) via OEDI data lake,237.0,True,7.854,8.1588,0.96264,36.65,0.0,264.29873,0.89671,True,0.88026,232.65106,1.01869,0.99269,False,0.0,False
2016-07-27,Public dataset: NREL PVDAQ (Photovoltaic Data Acquisition) via OEDI data lake,235.0,True,7.5247,8.1439,0.92397,37.94,0.0,251.10941,0.93585,True,0.88026,221.04277,1.06314,0.99269,False,0.0,False
2016-07-28,Public dataset: NREL PVDAQ (Photovoltaic Data Acquisition) via OEDI data lake,215.0,True,6.5436,7.907,0.82757,38.57,0.62,219.22789,0.98071,False,0.88027,192.98009,1.1141,0.99213,False,0.0,False
2016-07-29,Public dataset: NREL PVDAQ (Photovoltaic Data Acquisition) via OEDI data lake,165.0,True,5.796,7.6534,0.75731,37.19,0.92,201.63556,0.81831,False,0.88028,177.49545,0.9296,0.98746,False,0.0,False
2016-07-30,Public dataset: NREL PVDAQ (Photovoltaic Data Acquisition) via OEDI data lake,184.0,True,6.894,7.4892,0.92053,35.5,0.0,235.51013,0.78128,True,0.88029,207.31612,0.88753,0.98281,False,0.0,False
2016-07-31,Public dataset: NREL PVDAQ (Photovoltaic Data Acquisition) via OEDI data lake,207.0,True,6.9751,7.6558,0.91109,34.55,2.06,241.85409,0.85589,True,0.88029,212.90227,0.97228,0.99626,False,0.0,False
2016-08-01,Public dataset: NREL PVDAQ (Photovoltaic Data Acquisition) via OEDI data lake,225.0,True,7.0992,7.6543,0.92748,33.65,0.37,244.82936,0.91901,True,0.8803,215.52306,1.04397,1.00792,False,0.0,False
2016-08-02,Public dataset: NREL PVDAQ (Photovoltaic Data Acquisition) via OEDI data lake,238.0,True,6.8256,7.6757,0.88925,33.79,0.37,236.90613,1.00462,True,0.88031,208.54987,1.14121,1.01391,False,0.0,False
2016-08-03,Public dataset: NREL PVDAQ (Photovoltaic Data Acquisition) via OEDI data lake,234.0,True,6.8743,7.6963,0.8932,33.29,3.37,239.28158,0.97793,True,0.88031,210.64264,1.11089,1.00792,False,0.0,False
2016-08-04,Public dataset: NREL PVDAQ (Photovoltaic Data Acquisition) via OEDI data lake,75.0,True,4.4952,7.5734,0.59355,28.59,3.66,163.14176,0.45972,False,0.88032,143.6169,0.52222,1.00245,False,0.0,False
2016-08-05,Public dataset: NREL PVDAQ (Photovoltaic Data Acquisition) via OEDI data lake,231.0,True,7.7676,8.011,0.96962,31.61,0.05,272.23761,0.84852,True,0.88033,239.658,0.96387,0.9982,False,0.0,False
2016-08-06,Public dataset: NREL PVDAQ (Photovoltaic Data Acquisition) via OEDI data lake,234.0,True,7.8283,8.1742,0.95768,32.82,0.02,270.29743,0.86571,True,0.88033,237.95186,0.98339,0.99742,False,0.0,False
2016-08-07,Public dataset: NREL PVDAQ (Photovoltaic Data Acquisition) via OEDI data lake,252.0,True,8.2618,8.2918,0.99638,33.03,0.0,283.66287,0.88838,True,0.88034,249.71985,1.00913,0.99755,False,0.0,False
2016-08-08,Public dataset: NREL PVDAQ (Photovoltaic Data Acquisition) via OEDI data lake,253.0,True,8.335,8.3688,0.99596,32.87,0.0,285.47347,0.88625,True,0.88035,251.31575,1.0067,1.00245,False,0.0,False
2016-08-09,Public dataset: NREL PVDAQ (Photovoltaic Data Acquisition) via OEDI data lake,261.0,True,8.3671,8.4026,0.99578,30.95,0.0,289.27104,0.90227,True,0.88035,254.66091,1.02489,0.99913,False,0.0,False
2016-08-10,Public dataset: NREL PVDAQ (Photovoltaic Data Acquisition) via OEDI data lake,249.0,True,8.1202,8.171,0.99378,30.38,0.01,283.34804,0.87878,True,0.88036,249.44852,0.9982,0.99755,False,0.0,False
2016-08-11,Public dataset: NREL PVDAQ (Photovoltaic Data Acquisition) via OEDI data lake,247.0,True,8.0767,8.1382,0.99244,31.32,0.0,281.76563,0.87662,True,0.88037,248.05737,0.99574,0.99755,False,0.0,False
2016-08-12,Public dataset: NREL PVDAQ (Photovoltaic Data Acquisition) via OEDI data lake,241.0,True,7.9418,7.9886,0.99414,33.23,0.0,275.42292,0.87502,True,0.88037,242.47534,0.99392,0.99755,False,0.0,False
2016-08-13,Public dataset: NREL PVDAQ (Photovoltaic Data Acquisition) via OEDI data lake,240.0,True,7.9109,7.9694,0.99266,34.51,0.0,273.52848,0.87742,True,0.88038,240.8094,0.99664,0.99913,False,0.0,False
2016-08-14,Public dataset: NREL PVDAQ (Photovoltaic Data Acquisition) via OEDI data lake,234.0,True,7.7604,7.8746,0.9855,35.16,0.0,266.6214,0.87765,True,0.88039,234.73036,0.99689,0.99913,False,0.0,False
2016-08-15,Public dataset: NREL PVDAQ (Photovoltaic Data Acquisition) via OEDI data lake,250.0,True,7.9802,8.0388,0.99271,34.66,0.0,274.4379,0.91095,True,0.88,241.50527,1.03517,0.99913,False,0.0,False
2016-08-16,Public dataset: NREL PVDAQ (Photovoltaic Data Acquisition) via OEDI data lake,248.0,True,8.2111,8.232,0.99746,34.08,0.0,281.92593,0.87966,True,0.87961,247.98517,1.00006,0.99913,False,0.0,False
2016-08-17,Public dataset: NREL PVDAQ (Photovoltaic Data Acquisition) via OEDI data lake,220.0,True,7.812,7.8936,0.98966,33.68,0.0,271.23309,0.81111,True,0.87922,238.47423,0.92253,0.99755,False,0.0,False
2016-08-18,Public dataset: NREL PVDAQ (Photovoltaic Data Acquisition) via OEDI data lake,209.0,True,6.7476,7.6985,0.87648,32.95,0.0,234.57023,0.89099,True,0.87883,206.14826,1.01383,0.99847,False,0.0,False
2016-08-19,Public dataset: NREL PVDAQ (Photovoltaic Data Acquisition) via OEDI data lake,198.0,True,5.4,7.2799,0.74177,30.73,0.26,198.80211,0.99597,False,0.87845,174.63677,1.13378,1.00006,False,0.0,False
2016-08-20,Public dataset: NREL PVDAQ (Photovoltaic Data Acquisition) via OEDI data lake,230.0,True,7.0495,7.3596,0.95786,32.64,0.0,250.55264,0.91797,True,0.87806,219.99941,1.04546,1.00006,False,0.0,False
2016-08-21,Public dataset: NREL PVDAQ (Photovoltaic Data Acquisition) via OEDI data lake,190.0,True,6.1814,7.1642,0.86282,30.46,0.2,226.62637,0.83838,True,0.87767,198.90272,0.95524,1.01383,False,0.0,False
2016-08-22,Public dataset: NREL PVDAQ (Photovoltaic Data Acquisition) via OEDI data lake,206.0,True,6.0029,6.9614,0.86231,26.94,3.46,224.38428,0.91807,True,0.87728,196.84771,1.04649,1.02753,False,0.0,False
2016-08-23,Public dataset: NREL PVDAQ (Photovoltaic Data Acquisition) via OEDI data lake,223.0,True,6.737,7.1405,0.94349,27.21,2.68,246.05031,0.90632,True,0.87689,215.75926,1.03356,1.02753,False,0.0,False
2016-08-24,Public dataset: NREL PVDAQ (Photovoltaic Data Acquisition) via OEDI data lake,221.0,True,7.1501,7.343,0.97373,30.25,0.0,256.23616,0.86249,True,0.8765,224.59156,0.98401,1.02753,False,0.0,False
2016-08-25,Public dataset: NREL PVDAQ (Photovoltaic Data Acquisition) via OEDI data lake,230.0,True,7.05,7.3361,0.961,30.91,0.01,253.36299,0.90779,True,0.87611,221.97477,1.03615,1.02753,False,0.0,False
2016-08-26,Public dataset: NREL PVDAQ (Photovoltaic Data Acquisition) via OEDI data lake,200.0,True,5.7106,7.0954,0.80483,29.88,0.72,203.50344,0.98278,False,0.87573,178.21305,1.12225,1.02753,False,0.0,False
2016-08-27,Public dataset: NREL PVDAQ (Photovoltaic Data Acquisition) via OEDI data lake,189.0,True,6.2822,6.9254,0.90712,24.41,5.9,236.31397,0.79978,True,0.87534,206.85422,0.91369,1.03042,False,0.0,False
2016-08-28,Public dataset: NREL PVDAQ (Photovoltaic Data Acquisition) via OEDI data lake,230.0,True,6.9595,7.056,0.98632,27.55,0.0,255.82868,0.89904,True,0.87495,223.83673,1.02753,1.02331,False,0.0,False
2016-08-29,Public dataset: NREL PVDAQ (Photovoltaic Data Acquisition) via OEDI data lake,227.0,True,6.7694,7.1604,0.94539,31.49,0.0,244.1308,0.92983,True,0.87456,213.50683,1.0632,1.02331,False,0.0,False
2016-08-30,Public dataset: NREL PVDAQ (Photovoltaic Data Acquisition) via OEDI data lake,227.0,True,6.9036,7.3207,0.94302,32.85,0.0,247.56619,0.91693,True,0.87417,216.41508,1.04891,1.00155,False,0.0,False
2016-08-31,Public dataset: NREL PVDAQ (Photovoltaic Data Acquisition) via OEDI data lake,178.0,True,6.156,7.1477,0.86126,33.01,0.0,219.87234,0.80956,True,0.87378,192.12049,0.9265,0.9748,True,0.0252,False
2016-09-01,Public dataset: NREL PVDAQ (Photovoltaic Data Acquisition) via OEDI data lake,175.0,True,6.4466,7.2367,0.89082,32.8,0.72,230.91445,0.75786,True,0.87339,201.67915,0.86771,0.94605,True,0.05395,False
2016-09-02,Public dataset: NREL PVDAQ (Photovoltaic Data Acquisition) via OEDI data lake,221.0,True,7.242,7.3366,0.98711,31.18,0.01,262.16771,0.84297,True,0.873,228.87365,0.9656,0.92009,True,0.07991,False
2016-09-03,Public dataset: NREL PVDAQ (Photovoltaic Data Acquisition) via OEDI data lake,242.0,True,7.4038,7.4393,0.99523,29.41,0.01,268.38937,0.90168,True,0.87262,234.20089,1.0333,0.91369,True,0.08631,False
2016-09-04,Public dataset: NREL PVDAQ (Photovoltaic Data Acquisition) via OEDI data lake,241.0,True,7.3044,7.3272,0.99689,25.87,0.0,271.13027,0.88887,True,0.87223,236.48729,1.01908,0.86771,True,0.13229,False
2016-09-05,Public dataset: NREL PVDAQ (Photovoltaic Data Acquisition) via OEDI data lake,127.0,True,7.0627,7.2473,0.97453,26.62,0.0,262.25428,0.48426,True,0.87184,228.64349,0.55545,0.58499,True,0.41501,False
2016-09-06,Public dataset: NREL PVDAQ (Photovoltaic Data Acquisition) via OEDI data lake,127.0,True,7.2094,7.2365,0.99626,27.49,0.0,266.31225,0.47688,True,0.87145,232.07789,0.54723,0.58499,True,0.41501,False
2016-09-07,Public dataset: NREL PVDAQ (Photovoltaic Data Acquisition) via OEDI data lake,123.0,True,6.9962,7.0258,0.99579,29.07,0.0,257.76256,0.47718,True,0.87106,224.52709,0.54782,0.57102,True,0.42898,False
2016-09-08,Public dataset: NREL PVDAQ (Photovoltaic Data Acquisition) via OEDI data lake,120.0,True,6.8539,6.8851,0.99547,29.36,0.0,252.43739,0.47537,True,0.87067,219.79044,0.54597,0.55914,True,0.44086,False
2016-09-09,Public dataset: NREL PVDAQ (Photovoltaic Data Acquisition) via OEDI data lake,119.0,True,6.7793,6.8074,0.99587,30.49,0.0,249.5667,0.47683,True,0.87028,217.19403,0.5479,0.55545,True,0.44455,False
2016-09-10,Public dataset: NREL PVDAQ (Photovoltaic Data Acquisition) via OEDI data lake,115.0,True,6.3931,6.6542,0.96076,29.9,0.0,236.4359,0.48639,True,0.8699,205.67461,0.55914,0.55473,True,0.44527,False
2016-09-11,Public dataset: NREL PVDAQ (Photovoltaic Data Acquisition) via OEDI data lake,126.0,True,6.7219,6.7454,0.99652,30.18,0.0,247.71143,0.50866,True,0.86951,215.38688,0.58499,0.55277,True,0.44723,False
2016-09-12,Public dataset: NREL PVDAQ (Photovoltaic Data Acquisition) via OEDI data lake,124.0,True,6.691,6.7457,0.99189,27.93,0.0,249.85636,0.49629,True,0.86912,217.15482,0.57102,0.54923,True,0.45077,False
2016-09-13,Public dataset: NREL PVDAQ (Photovoltaic Data Acquisition) via OEDI data lake,128.0,True,6.3708,6.7414,0.94503,23.46,0.0,245.50878,0.52137,True,0.86873,213.28086,0.60015,0.54813,True,0.45187,False
2016-09-14,Public dataset: NREL PVDAQ (Photovoltaic Data Acquisition) via OEDI data lake,123.0,True,6.8278,6.8736,0.99334,22.98,0.0,261.5418,0.47029,True,0.86834,227.10758,0.54159,0.54868,True,0.45132,False
2016-09-15,Public dataset: NREL PVDAQ (Photovoltaic Data Acquisition) via OEDI data lake,123.0,True,6.6914,6.7231,0.99528,24.73,0.0,255.42269,0.48155,True,0.8681,221.73137,0.55473,0.551,True,0.449,False
2016-09-16,Public dataset: NREL PVDAQ (Photovoltaic Data Acquisition) via OEDI data lake,120.0,True,6.6343,6.6634,0.99563,25.61,0.0,252.262,0.4757,True,0.86785,218.92563,0.54813,0.55118,True,0.44882,False
2016-09-17,Public dataset: NREL PVDAQ (Photovoltaic Data Acquisition) via OEDI data lake,119.0,True,6.599,6.6262,0.9959,26.99,0.0,249.72997,0.47651,True,0.8676,216.66686,0.54923,0.55118,True,0.44882,False
2016-09-18,Public dataset: NREL PVDAQ (Photovoltaic Data Acquisition) via OEDI data lake,119.0,True,6.6168,6.6422,0.99618,29.13,0.0,248.20126,0.47945,True,0.86736,215.27959,0.55277,0.55118,True,0.44882,False
2016-09-19,Public dataset: NREL PVDAQ (Photovoltaic Data Acquisition) via OEDI data lake,99.0,True,5.8306,6.3919,0.91219,29.62,0.0,214.00327,0.46261,True,0.86711,185.56509,0.53351,0.55118,True,0.44882,False
2016-09-20,Public dataset: NREL PVDAQ (Photovoltaic Data Acquisition) via OEDI data lake,42.0,True,5.1266,5.9705,0.85866,24.21,0.41,197.85517,0.21228,True,0.86687,171.51426,0.24488,0.54941,True,0.45059,False
2016-09-21,Public dataset: NREL PVDAQ (Photovoltaic Data Acquisition) via OEDI data lake,83.0,True,4.5914,6.0377,0.76046,23.31,0.71,179.05534,0.46354,False,0.86662,155.17331,0.53489,0.54923,True,0.45077,False
2016-09-22,Public dataset: NREL PVDAQ (Photovoltaic Data Acquisition) via OEDI data lake,123.0,True,6.4774,6.5179,0.99379,22.66,0.43,253.48291,0.48524,True,0.86638,219.61164,0.56008,0.54941,True,0.45059,False
2016-09-23,Public dataset: NREL PVDAQ (Photovoltaic Data Acquisition) via OEDI data lake,120.0,True,6.3209,6.3602,0.99382,19.48,0.0,252.09044,0.47602,True,0.86613,218.34331,0.54959,0.54923,True,0.45077,False
2016-09-24,Public dataset: NREL PVDAQ (Photovoltaic Data Acquisition) via OEDI data lake,118.0,True,6.3557,6.3955,0.99378,22.25,0.0,250.10542,0.4718,True,0.86589,216.5626,0.54488,0.54941,True,0.45059,False
2016-09-25,Public dataset: NREL PVDAQ (Photovoltaic Data Acquisition) via OEDI data lake,118.0,True,6.2309,6.2501,0.99693,22.26,0.0,246.03574,0.47961,True,0.86564,212.97829,0.55405,0.54959,True,0.45041,False
2016-09-26,Public dataset: NREL PVDAQ (Photovoltaic Data Acquisition) via OEDI data lake,114.0,True,6.084,6.1013,0.99716,24.81,0.0,237.78266,0.47943,True,0.86539,205.77569,0.554,0.54724,True,0.45276,False
2016-09-27,Public dataset: NREL PVDAQ (Photovoltaic Data Acquisition) via OEDI data lake,85.0,True,5.9851,6.0847,0.98363,26.12,0.01,232.49345,0.3656,True,0.86515,201.14134,0.42259,0.54959,True,0.45041,False
2016-09-28,Public dataset: NREL PVDAQ (Photovoltaic Data Acquisition) via OEDI data lake,81.0,True,4.1897,5.8049,0.72175,26.35,0.28,160.84628,0.50359,False,0.8649,139.11639,0.58225,0.5518,True,0.4482,False
2016-09-29,Public dataset: NREL PVDAQ (Photovoltaic Data Acquisition) via OEDI data lake,95.0,True,4.6222,5.6998,0.81094,26.58,0.0,178.79429,0.53134,False,0.86466,154.59576,0.61451,0.5518,True,0.4482,False
2016-09-30,Public dataset: NREL PVDAQ (Photovoltaic Data Acquisition) via OEDI data lake,,False,4.9759,5.7475,0.86575,26.92,0.01,193.24495,,False,0.86441,167.04317,,0.54959,True,0.45041,False
2016-10-01,Public dataset: NREL PVDAQ (Photovoltaic Data Acquisition) via OEDI data lake,,False,5.8178,5.874,0.99043,26.38,0.0,228.22451,,False,0.86417,197.22384,,0.54944,True,0.45056,False
2016-10-02,Public dataset: NREL PVDAQ (Photovoltaic Data Acquisition) via OEDI data lake,,False,6.0158,6.0374,0.99642,23.87,0.0,238.17027,,False,0.86392,205.76014,,0.57495,True,0.42505,False
2016-10-03,Public dataset: NREL PVDAQ (Photovoltaic Data Acquisition) via OEDI data lake,,False,5.6513,5.964,0.94757,18.49,0.0,231.082,,False,0.86367,199.57967,,0.60046,True,0.39954,False
2016-10-04,Public dataset: NREL PVDAQ (Photovoltaic Data Acquisition) via OEDI data lake,,False,5.8615,5.892,0.99482,20.2,0.0,238.3514,,False,0.86343,205.79953,,0.62598,True,0.37402,False
2016-10-05,Public dataset: NREL PVDAQ (Photovoltaic Data Acquisition) via OEDI data lake,,False,5.8589,5.8831,0.99589,20.12,0.0,238.99212,,False,0.86318,206.29405,,0.65149,True,0.34851,False
2016-10-06,Public dataset: NREL PVDAQ (Photovoltaic Data Acquisition) via OEDI data lake,,False,5.802,5.8457,0.99252,18.7,0.0,239.07919,,False,0.86294,206.31048,,0.677,True,0.323,False
2016-10-07,Public dataset: NREL PVDAQ (Photovoltaic Data Acquisition) via OEDI data lake,,False,5.2459,5.6702,0.92517,19.75,0.0,212.14364,,False,0.86269,183.01466,,0.70251,True,0.29749,False
2016-10-08,Public dataset: NREL PVDAQ (Photovoltaic Data Acquisition) via OEDI data lake,,False,4.8914,5.5075,0.88813,22.61,0.0,200.86854,,False,0.86245,173.23839,,0.72802,True,0.27198,False
2016-10-09,Public dataset: NREL PVDAQ (Photovoltaic Data Acquisition) via OEDI data lake,,False,5.3155,5.3592,0.99185,24.83,0.0,214.36688,,False,0.8622,184.82733,,0.75354,True,0.24646,False
2016-10-10,Public dataset: NREL PVDAQ (Photovoltaic Data Acquisition) via OEDI data lake,,False,4.4436,5.34,0.83213,26.53,0.0,173.24388,,False,0.86196,149.3285,,0.77905,True,0.22095,False
2016-10-11,Public dataset: NREL PVDAQ (Photovoltaic Data Acquisition) via OEDI data lake,,False,5.3165,5.4533,0.97491,25.06,0.01,215.3393,,False,0.86171,185.55997,,0.80456,True,0.19544,False
2016-10-12,Public dataset: NREL PVDAQ (Photovoltaic Data Acquisition) via OEDI data lake,,False,4.4556,5.3131,0.83861,24.19,0.0,176.99984,,False,0.86146,152.47902,,0.83007,True,0.16993,False
2016-10-13,Public dataset: NREL PVDAQ (Photovoltaic Data Acquisition) via OEDI data lake,,False,4.8588,5.279,0.9204,23.82,0.0,196.16415,,False,0.86122,168.9402,,0.85558,True,0.14442,False
2016-10-14,Public dataset: NREL PVDAQ (Photovoltaic Data Acquisition) via OEDI data lake,,False,4.2626,5.365,0.79452,25.44,0.0,172.31381,,False,0.86097,148.35752,,0.8811,True,0.1189,False
2016-10-15,Public dataset: NREL PVDAQ (Photovoltaic Data Acquisition) via OEDI data lake,,False,5.0894,5.1142,0.99515,24.06,0.0,209.0344,,False,0.86068,179.91197,,0.90661,True,0.09339,False
2016-10-16,Public dataset: NREL PVDAQ (Photovoltaic Data Acquisition) via OEDI data lake,,False,4.8626,5.0803,0.95715,22.02,0.0,203.62867,,False,0.86039,175.19995,,0.93212,True,0.06788,False
2016-10-17,Public dataset: NREL PVDAQ (Photovoltaic Data Acquisition) via OEDI data lake,,False,4.8874,5.1509,0.94884,20.48,0.0,205.63866,,False,0.8601,176.86933,,0.95763,True,0.04237,False
2016-10-18,Public dataset: NREL PVDAQ (Photovoltaic Data Acquisition) via OEDI data lake,,False,5.1029,5.1586,0.9892,20.75,0.0,215.74248,,False,0.85981,185.49666,,0.98314,True,0.01686,False
2016-10-19,Public dataset: NREL PVDAQ (Photovoltaic Data Acquisition) via OEDI data lake,,False,5.0393,5.1053,0.98707,18.32,0.0,215.52672,,False,0.85951,185.24827,,1.00866,False,0.0,False
2016-10-20,Public dataset: NREL PVDAQ (Photovoltaic Data Acquisition) via OEDI data lake,,False,4.9553,4.9968,0.99169,18.64,0.0,211.82087,,False,0.85922,182.00124,,1.00866,False,0.0,False
2016-10-21,Public dataset: NREL PVDAQ (Photovoltaic Data Acquisition) via OEDI data lake,177.0,True,4.8782,4.9255,0.9904,21.39,0.0,205.84063,0.85989,True,0.85893,176.80284,1.00112,1.00866,False,0.0,False
2016-10-22,Public dataset: NREL PVDAQ (Photovoltaic Data Acquisition) via OEDI data lake,173.0,True,4.7342,4.9447,0.95743,23.01,0.0,198.27063,0.87254,True,0.85864,170.24288,1.0162,1.00866,False,0.0,False
2016-10-23,Public dataset: NREL PVDAQ (Photovoltaic Data Acquisition) via OEDI data lake,85.0,True,2.0791,4.5206,0.45992,23.04,1.31,80.02629,1.06215,False,0.85835,68.69034,1.23744,1.00866,False,0.0,False
2016-10-24,Public dataset: NREL PVDAQ (Photovoltaic Data Acquisition) via OEDI data lake,34.0,True,1.4318,4.3039,0.33268,19.44,7.61,57.30905,,False,0.85806,49.17434,,1.00112,False,0.0,False
2016-10-25,Public dataset: NREL PVDAQ (Photovoltaic Data Acquisition) via OEDI data lake,158.0,True,4.2653,4.5703,0.93326,18.67,0.37,185.22323,0.85302,True,0.85776,158.87776,0.99448,0.9978,False,0.0,False
2016-10-26,Public dataset: NREL PVDAQ (Photovoltaic Data Acquisition) via OEDI data lake,166.0,True,4.3903,4.5288,0.96942,20.41,0.0,187.54363,0.88513,True,0.85747,160.8134,1.03225,1.00112,False,0.0,False
2016-10-27,Public dataset: NREL PVDAQ (Photovoltaic Data Acquisition) via OEDI data lake,106.0,True,2.695,4.3174,0.62422,21.58,0.0,108.04034,0.98112,False,0.85718,92.61004,1.14458,1.00678,False,0.0,False
2016-10-28,Public dataset: NREL PVDAQ (Photovoltaic Data Acquisition) via OEDI data lake,79.0,True,2.1818,4.2382,0.51479,21.9,0.61,85.5571,0.92336,False,0.85689,73.31289,1.07757,1.01244,False,0.0,False
2016-10-29,Public dataset: NREL PVDAQ (Photovoltaic Data Acquisition) via OEDI data lake,98.0,True,3.1618,4.3447,0.72774,21.9,0.0,128.18959,0.76449,False,0.8566,109.80678,0.89248,1.0162,False,0.0,False
2016-10-30,Public dataset: NREL PVDAQ (Photovoltaic Data Acquisition) via OEDI data lake,103.0,True,2.0594,4.1388,0.49758,21.74,0.05,81.55174,1.263,False,0.8563,69.83316,1.47494,1.0189,False,0.0,False
2016-10-31,Public dataset: NREL PVDAQ (Photovoltaic Data Acquisition) via OEDI data lake,161.0,True,4.4018,4.4748,0.98369,16.44,0.0,193.67705,0.83128,True,0.85601,165.79012,0.97111,1.02173,False,0.0,False
2016-11-01,Public dataset: NREL PVDAQ (Photovoltaic Data Acquisition) via OEDI data lake,146.0,True,4.1335,4.4328,0.93248,15.11,0.0,183.53692,0.79548,True,0.85572,157.05649,0.9296,1.0238,False,0.0,False
2016-11-02,Public dataset: NREL PVDAQ (Photovoltaic Data Acquisition) via OEDI data lake,172.0,True,4.3656,4.3937,0.9936,15.39,0.0,194.58307,0.88394,True,0.85543,166.45215,1.03333,1.02456,False,0.0,False
2016-11-03,Public dataset: NREL PVDAQ (Photovoltaic Data Acquisition) via OEDI data lake,163.0,True,4.2614,4.2938,0.99245,17.61,0.0,188.27095,0.86577,True,0.85514,160.99765,1.01244,1.02456,False,0.0,False
2016-11-04,Public dataset: NREL PVDAQ (Photovoltaic Data Acquisition) via OEDI data lake,157.0,True,4.068,4.0951,0.99338,19.25,0.0,178.61187,0.879,True,0.85485,152.68569,1.02826,1.02641,False,0.0,False
2016-11-05,Public dataset: NREL PVDAQ (Photovoltaic Data Acquisition) via OEDI data lake,156.0,True,4.0642,4.0846,0.99501,19.5,0.0,179.16428,0.87071,True,0.85455,153.10564,1.0189,1.02641,False,0.0,False
2016-11-06,Public dataset: NREL PVDAQ (Photovoltaic Data Acquisition) via OEDI data lake,152.0,True,3.8386,4.1434,0.92644,20.24,0.0,166.93683,0.91052,True,0.85426,142.60792,1.06586,1.02807,False,0.0,False
2016-11-07,Public dataset: NREL PVDAQ (Photovoltaic Data Acquisition) via OEDI data lake,154.0,True,3.9679,4.0284,0.98498,19.19,0.0,176.01047,0.87495,True,0.85397,150.30784,1.02456,1.02632,False,0.0,False
2016-11-08,Public dataset: NREL PVDAQ (Photovoltaic Data Acquisition) via OEDI data lake,155.0,True,3.9986,4.0262,0.99314,20.11,0.0,177.34583,0.874,True,0.85368,151.39646,1.0238,1.02632,False,0.0,False
2016-11-09,Public dataset: NREL PVDAQ (Photovoltaic Data Acquisition) via OEDI data lake,150.0,True,3.8196,3.9012,0.97908,19.78,0.0,169.60859,0.88439,True,0.85339,144.74186,1.03633,1.02807,False,0.0,False
2016-11-10,Public dataset: NREL PVDAQ (Photovoltaic Data Acquisition) via OEDI data lake,153.0,True,3.8225,3.8506,0.9927,19.29,0.0,170.606,0.8968,True,0.8531,145.54326,1.05123,1.02456,False,0.0,False
2016-11-11,Public dataset: NREL PVDAQ (Photovoltaic Data Acquisition) via OEDI data lake,151.0,True,3.8287,3.8654,0.99051,19.2,0.0,171.93925,0.87822,True,0.8528,146.63049,1.0298,1.02456,False,0.0,False
2016-11-12,Public dataset: NREL PVDAQ (Photovoltaic Data Acquisition) via OEDI data lake,124.0,True,2.5944,3.8479,0.67424,17.71,0.0,109.54624,1.13194,False,0.85251,93.38952,1.32777,1.0238,False,0.0,False
2016-11-13,Public dataset: NREL PVDAQ (Photovoltaic Data Acquisition) via OEDI data lake,151.0,True,3.8064,3.8503,0.9886,18.26,0.0,172.34571,0.87615,True,0.85222,146.87656,1.02807,1.02418,False,0.0,False
2016-11-14,Public dataset: NREL PVDAQ (Photovoltaic Data Acquisition) via OEDI data lake,149.0,True,3.8618,3.888,0.99326,18.58,0.0,175.38976,0.84954,True,0.85193,149.41959,0.99719,1.0238,False,0.0,False
2016-11-15,Public dataset: NREL PVDAQ (Photovoltaic Data Acquisition) via OEDI data lake,132.0,True,3.5278,3.8297,0.92117,17.69,0.0,157.08492,0.84031,True,0.85147,133.75262,0.9869,1.01274,False,0.0,False
2016-11-16,Public dataset: NREL PVDAQ (Photovoltaic Data Acquisition) via OEDI data lake,104.0,True,2.6513,3.8578,0.68726,17.83,0.0,115.8684,0.89757,False,0.85101,98.60461,1.05472,1.00128,False,0.0,False
2016-11-17,Public dataset: NREL PVDAQ (Photovoltaic Data Acquisition) via OEDI data lake,159.0,True,3.9456,3.9758,0.9924,9.83,0.0,188.10261,0.84528,True,0.85054,159.98943,0.99382,0.99719,False,0.0,False
2016-11-18,Public dataset: NREL PVDAQ (Photovoltaic Data Acquisition) via OEDI data lake,156.0,True,3.785,3.8105,0.99331,8.75,0.0,181.20357,0.86091,True,0.85008,154.03782,1.01274,0.99382,False,0.0,False
2016-11-19,Public dataset: NREL PVDAQ (Photovoltaic Data Acquisition) via OEDI data lake,140.0,True,3.6386,3.7289,0.97578,11.79,0.0,169.83787,0.82432,True,0.84962,144.29761,0.97022,0.99135,False,0.0,False
2016-11-20,Public dataset: NREL PVDAQ (Photovoltaic Data Acquisition) via OEDI data lake,93.0,True,1.6944,3.5304,0.47995,13.57,0.73,71.90092,1.29345,False,0.84916,61.05524,1.52321,0.99135,False,0.0,False
2016-11-21,Public dataset: NREL PVDAQ (Photovoltaic Data Acquisition) via OEDI data lake,95.0,True,2.0993,3.588,0.58509,11.38,1.82,93.31752,1.01803,False,0.8487,79.19822,1.19952,0.98913,False,0.0,False
2016-11-22,Public dataset: NREL PVDAQ (Photovoltaic Data Acquisition) via OEDI data lake,144.0,True,3.595,3.709,0.96926,11.67,0.0,169.54797,0.84932,True,0.84823,143.81641,1.00128,0.98863,False,0.0,False
2016-11-23,Public dataset: NREL PVDAQ (Photovoltaic Data Acquisition) via OEDI data lake,141.0,True,3.5628,3.649,0.97638,12.23,0.0,167.76871,0.84044,True,0.84777,142.22971,0.99135,0.98821,False,0.0,False
2016-11-24,Public dataset: NREL PVDAQ (Photovoltaic Data Acquisition) via OEDI data lake,147.0,True,3.7022,3.7327,0.99183,8.06,0.0,179.58284,0.81856,True,0.84731,152.16247,0.96607,0.99036,False,0.0,False
2016-11-25,Public dataset: NREL PVDAQ (Photovoltaic Data Acquisition) via OEDI data lake,145.0,True,3.5918,3.6149,0.99361,8.52,0.0,173.64361,0.83504,True,0.84685,147.04991,0.98606,0.98606,True,0.01394,False
2016-11-26,Public dataset: NREL PVDAQ (Photovoltaic Data Acquisition) via OEDI data lake,129.0,True,3.2662,3.4776,0.93921,10.5,0.03,155.85763,0.82768,True,0.84639,131.91589,0.9779,0.98396,True,0.01604,False
2016-11-27,Public dataset: NREL PVDAQ (Photovoltaic Data Acquisition) via OEDI data lake,79.0,True,1.8274,3.5191,0.51928,7.3,0.84,78.63471,1.00465,False,0.84593,66.51909,1.18763,0.98396,True,0.01604,False
2016-11-28,Public dataset: NREL PVDAQ (Photovoltaic Data Acquisition) via OEDI data lake,111.0,True,2.9088,3.4622,0.84016,7.42,0.03,140.74269,0.78867,False,0.84546,118.9928,0.93283,0.98093,True,0.01907,False
2016-11-29,Public dataset: NREL PVDAQ (Photovoltaic Data Acquisition) via OEDI data lake,146.0,True,3.5345,3.5731,0.9892,6.3,0.0,174.46178,0.83686,True,0.845,147.42049,0.99036,0.97922,True,0.02078,False
2016-11-30,Public dataset: NREL PVDAQ (Photovoltaic Data Acquisition) via OEDI data lake,128.0,True,3.3749,3.4807,0.9696,6.29,0.0,165.60529,0.77292,True,0.84454,139.86027,0.9152,0.9779,True,0.0221,False
2016-12-01,Public dataset: NREL PVDAQ (Photovoltaic Data Acquisition) via OEDI data lake,123.0,True,2.9962,3.4486,0.86882,6.91,0.0,144.40849,0.85175,True,0.84408,121.89204,1.00909,0.96752,True,0.03248,False
2016-12-02,Public dataset: NREL PVDAQ (Photovoltaic Data Acquisition) via OEDI data lake,126.0,True,3.2976,3.5076,0.94013,6.72,0.0,164.06215,0.768,True,0.84362,138.4055,0.91037,0.97271,True,0.02729,False
2016-12-03,Public dataset: NREL PVDAQ (Photovoltaic Data Acquisition) via OEDI data lake,142.0,True,3.4387,3.4603,0.99376,6.13,0.0,171.1601,0.82963,True,0.84315,144.3144,0.98396,0.95992,True,0.04008,False
2016-12-04,Public dataset: NREL PVDAQ (Photovoltaic Data Acquisition) via OEDI data lake,134.0,True,3.3497,3.4046,0.98387,8.5,0.0,164.3518,0.81532,True,0.84269,138.49805,0.96752,0.95232,True,0.04768,False
2016-12-05,Public dataset: NREL PVDAQ (Photovoltaic Data Acquisition) via OEDI data lake,120.0,True,3.1702,3.4178,0.92756,9.72,0.0,154.67101,0.77584,True,0.84223,130.26869,0.92117,0.95232,True,0.04768,False
2016-12-06,Public dataset: NREL PVDAQ (Photovoltaic Data Acquisition) via OEDI data lake,129.0,True,3.2292,3.3802,0.95533,9.5,0.0,156.50013,0.82428,True,0.84177,131.73696,0.97922,0.95992,True,0.04008,False
2016-12-07,Public dataset: NREL PVDAQ (Photovoltaic Data Acquisition) via OEDI data lake,127.0,True,3.2628,3.4272,0.95203,5.79,0.0,162.26487,0.78267,True,0.84131,136.5146,0.9303,0.95232,True,0.04768,False
2016-12-08,Public dataset: NREL PVDAQ (Photovoltaic Data Acquisition) via OEDI data lake,124.0,True,3.1157,3.2398,0.9617,5.99,0.0,154.85429,0.80075,True,0.84085,130.20852,0.95232,0.95992,True,0.04008,False
2016-12-09,Public dataset: NREL PVDAQ (Photovoltaic Data Acquisition) via OEDI data lake,68.0,True,1.4342,3.1927,0.44921,8.78,0.0,60.26426,,False,0.84038,50.64509,,0.95232,True,0.04768,False
2016-12-10,Public dataset: NREL PVDAQ (Photovoltaic Data Acquisition) via OEDI data lake,110.0,True,3.0022,3.2054,0.93661,10.01,0.0,145.0363,0.75843,True,0.83992,121.81914,0.90298,0.95232,True,0.04768,False
2016-12-11,Public dataset: NREL PVDAQ (Photovoltaic Data Acquisition) via OEDI data lake,112.0,True,2.5495,3.2249,0.79057,11.78,0.0,120.16102,0.93208,False,0.83946,100.87037,1.11034,0.95232,True,0.04768,False
2016-12-12,Public dataset: NREL PVDAQ (Photovoltaic Data Acquisition) via OEDI data lake,91.0,True,2.6954,3.1766,0.84852,12.31,0.0,125.49444,0.72513,False,0.839,105.28961,0.86428,0.95232,True,0.04768,False
2016-12-13,Public dataset: NREL PVDAQ (Photovoltaic Data Acquisition) via OEDI data lake,108.0,True,2.6911,3.1274,0.86049,12.38,0.0,126.89724,0.85108,True,0.83854,106.40795,1.01496,0.96215,True,0.03785,False
2016-12-14,Public dataset: NREL PVDAQ (Photovoltaic Data Acquisition) via OEDI data lake,51.0,True,2.2128,3.1824,0.69532,11.33,0.0,97.7579,0.5217,False,0.83807,81.92841,0.62249,0.95724,True,0.04276,False
2016-12-15,Public dataset: NREL PVDAQ (Photovoltaic Data Acquisition) via OEDI data lake,42.0,True,1.3858,3.0079,0.46072,13.34,1.53,57.20705,,False,0.84024,48.06763,,0.96215,True,0.03785,False
2016-12-16,Public dataset: NREL PVDAQ (Photovoltaic Data Acquisition) via OEDI data lake,109.0,True,2.2858,3.161,0.72313,12.32,2.69,106.65503,1.02199,False,0.8424,89.84671,1.21318,0.96357,True,0.03643,False
2016-12-17,Public dataset: NREL PVDAQ (Photovoltaic Data Acquisition) via OEDI data lake,140.0,True,3.4447,3.4718,0.99219,4.35,0.0,176.12694,0.79488,True,0.84457,148.75152,0.94117,0.96357,True,0.03643,False
2016-12-18,Public dataset: NREL PVDAQ (Photovoltaic Data Acquisition) via OEDI data lake,141.0,True,3.3679,3.3922,0.99284,1.09,0.0,173.07198,0.81469,True,0.84674,146.54612,0.96215,0.96357,True,0.03643,False
2016-12-19,Public dataset: NREL PVDAQ (Photovoltaic Data Acquisition) via OEDI data lake,140.0,True,3.3449,3.3758,0.99085,2.07,0.0,170.90206,0.81918,True,0.8489,145.0788,0.96499,0.96215,True,0.03785,False
2016-12-20,Public dataset: NREL PVDAQ (Photovoltaic Data Acquisition) via OEDI data lake,136.0,True,3.186,3.318,0.96022,4.02,0.0,160.39087,0.84793,True,0.85107,136.50312,0.99631,0.96357,True,0.03643,False
2016-12-21,Public dataset: NREL PVDAQ (Photovoltaic Data Acquisition) via OEDI data lake,51.0,True,1.4386,3.1274,0.46,8.09,1.21,60.239,,False,0.85323,51.39776,,0.96357,True,0.03643,False
2016-12-22,Public dataset: NREL PVDAQ (Photovoltaic Data Acquisition) via OEDI data lake,13.0,True,0.8081,3.0614,0.26396,5.46,17.87,34.83227,,False,0.8554,29.79537,,0.96499,True,0.03501,False
2016-12-23,Public dataset: NREL PVDAQ (Photovoltaic Data Acquisition) via OEDI data lake,94.0,True,1.5794,3.1205,0.50614,6.59,0.41,68.81581,1.36597,False,0.85756,59.01374,1.59285,0.96499,True,0.03501,False
2016-12-24,Public dataset: NREL PVDAQ (Photovoltaic Data Acquisition) via OEDI data lake,35.0,True,1.0363,3.2234,0.32149,6.1,14.93,43.65902,,False,0.85973,37.53479,,0.96499,True,0.03501,False
2016-12-25,Public dataset: NREL PVDAQ (Photovoltaic Data Acquisition) via OEDI data lake,128.0,True,3.1534,3.3286,0.94737,3.14,0.0,158.04387,0.8099,True,0.86189,136.21661,0.93968,0.98368,True,0.01632,False
2016-12-26,Public dataset: NREL PVDAQ (Photovoltaic Data Acquisition) via OEDI data lake,121.0,True,3.1114,3.215,0.96778,2.15,0.0,155.54824,0.77789,True,0.86406,134.40243,0.90028,0.99,True,0.01,False
2016-12-27,Public dataset: NREL PVDAQ (Photovoltaic Data Acquisition) via OEDI data lake,138.0,True,3.1202,3.2638,0.956,3.71,0.0,156.41534,0.88227,True,0.86622,135.49032,1.01852,0.99631,False,0.0,False
2016-12-28,Public dataset: NREL PVDAQ (Photovoltaic Data Acquisition) via OEDI data lake,137.0,True,3.2126,3.2345,0.99323,5.5,0.0,160.38192,0.85421,True,0.86839,139.2735,0.98368,0.99045,False,0.0,False
2016-12-29,Public dataset: NREL PVDAQ (Photovoltaic Data Acquisition) via OEDI data lake,136.0,True,3.168,3.216,0.98507,6.84,0.0,156.65818,0.86813,True,0.87055,136.37904,0.99722,0.99045,False,0.0,False
2016-12-30,Public dataset: NREL PVDAQ (Photovoltaic Data Acquisition) via OEDI data lake,35.0,True,1.764,3.132,0.56322,7.32,1.99,75.69802,0.46236,False,0.87272,66.06294,0.5298,0.98368,False,0.0,False
2016-12-31,Public dataset: NREL PVDAQ (Photovoltaic Data Acquisition) via OEDI data lake,46.0,True,1.6968,3.1937,0.5313,6.74,0.57,72.89812,0.63102,False,0.87272,63.61942,0.72305,0.98368,False,0.0,False
2017-01-01,Public dataset: NREL PVDAQ (Photovoltaic Data Acquisition) via OEDI data lake,133.0,True,2.8483,3.287,0.86653,7.76,0.26,138.22643,0.96219,True,0.87488,120.93181,1.09979,0.98368,False,0.0,False
2017-01-02,Public dataset: NREL PVDAQ (Photovoltaic Data Acquisition) via OEDI data lake,91.0,True,2.3546,3.2868,0.71638,7.17,0.01,113.76426,0.7999,False,0.87705,99.77661,0.91204,0.99045,False,0.0,False
2017-01-03,Public dataset: NREL PVDAQ (Photovoltaic Data Acquisition) via OEDI data lake,84.0,True,2.1223,3.2189,0.65932,7.14,0.0,94.51318,0.88876,False,0.87921,83.09714,1.01087,0.99722,False,0.0,False
2017-01-04,Public dataset: NREL PVDAQ (Photovoltaic Data Acquisition) via OEDI data lake,99.0,True,2.3131,3.133,0.7383,8.37,0.02,104.78496,0.94479,False,0.88138,92.35509,1.07195,0.98368,False,0.0,False
2017-01-05,Public dataset: NREL PVDAQ (Photovoltaic Data Acquisition) via OEDI data lake,86.0,True,2.1535,3.2582,0.66095,10.86,0.21,99.24884,0.86651,False,0.88354,87.69057,0.98072,0.99045,False,0.0,False
2017-01-06,Public dataset: NREL PVDAQ (Photovoltaic Data Acquisition) via OEDI data lake,149.0,True,3.3979,3.5484,0.95759,1.52,0.0,171.69257,0.86783,True,0.88571,152.06942,0.97982,0.98754,False,0.0,False
2017-01-07,Public dataset: NREL PVDAQ (Photovoltaic Data Acquisition) via OEDI data lake,44.0,True,1.1506,3.2558,0.3534,3.52,0.49,48.61405,,False,0.88787,43.1631,,0.98464,False,0.0,False
2017-01-08,Public dataset: NREL PVDAQ (Photovoltaic Data Acquisition) via OEDI data lake,98.0,True,2.2925,3.2563,0.70402,7.14,0.0,107.27694,0.91352,False,0.89004,95.48055,1.02639,0.98174,False,0.0,False
2017-01-09,Public dataset: NREL PVDAQ (Photovoltaic Data Acquisition) via OEDI data lake,97.0,True,2.2411,3.3751,0.66401,10.96,1.55,100.48419,0.96533,False,0.8922,89.6523,1.08196,0.96834,False,0.0,False
2017-01-10,Public dataset: NREL PVDAQ (Photovoltaic Data Acquisition) via OEDI data lake,117.0,True,2.6004,3.3458,0.77721,10.09,0.0,119.72019,0.97728,False,0.89437,107.07394,1.0927,0.95687,False,0.0,False
2017-01-11,Public dataset: NREL PVDAQ (Photovoltaic Data Acquisition) via OEDI data lake,127.0,True,3.0571,3.4627,0.88287,11.39,0.12,144.00836,0.88189,True,0.89653,129.1083,0.98367,0.96834,False,0.0,False
2017-01-12,Public dataset: NREL PVDAQ (Photovoltaic Data Acquisition) via OEDI data lake,44.0,True,1.4021,3.396,0.41287,8.31,1.77,58.55963,,False,0.8987,52.62745,,0.96834,False,0.0,False
2017-01-13,Public dataset: NREL PVDAQ (Photovoltaic Data Acquisition) via OEDI data lake,98.0,True,1.5821,3.4078,0.46426,7.72,3.86,69.15378,1.41713,False,0.90086,62.29813,1.57308,0.96834,False,0.0,False
2017-01-14,Public dataset: NREL PVDAQ (Photovoltaic Data Acquisition) via OEDI data lake,71.0,True,2.3153,3.4716,0.66693,8.88,0.44,101.78274,0.69756,False,0.90303,91.91274,0.77247,0.97027,False,0.0,False
2017-01-15,Public dataset: NREL PVDAQ (Photovoltaic Data Acquisition) via OEDI data lake,146.0,True,3.4922,3.5167,0.99303,7.7,0.0,169.03534,0.86372,True,0.90519,153.00977,0.95419,0.97027,False,0.0,False
2017-01-16,Public dataset: NREL PVDAQ (Photovoltaic Data Acquisition) via OEDI data lake,155.0,True,3.6734,3.7387,0.98253,6.01,0.0,179.09847,0.86545,True,0.90446,161.98688,0.95687,0.97027,False,0.0,False
2017-01-17,Public dataset: NREL PVDAQ (Photovoltaic Data Acquisition) via OEDI data lake,154.0,True,3.7282,3.7596,0.99165,5.78,0.0,182.95708,0.84173,True,0.90372,165.34201,0.9314,0.98367,False,0.0,False
2017-01-18,Public dataset: NREL PVDAQ (Photovoltaic Data Acquisition) via OEDI data lake,136.0,True,3.2042,3.678,0.87118,7.11,0.3,148.03087,0.91873,True,0.90298,133.66941,1.01744,1.00055,False,0.0,False
2017-01-19,Public dataset: NREL PVDAQ (Photovoltaic Data Acquisition) via OEDI data lake,67.0,True,1.2938,3.5719,0.36222,7.51,3.69,53.92404,,False,0.90225,48.65278,,1.02034,False,0.0,False
2017-01-20,Public dataset: NREL PVDAQ (Photovoltaic Data Acquisition) via OEDI data lake,18.0,True,0.6778,3.6379,0.18632,5.65,7.58,28.63782,,False,0.90151,25.81727,,1.02324,False,0.0,False
2017-01-21,Public dataset: NREL PVDAQ (Photovoltaic Data Acquisition) via OEDI data lake,160.0,True,3.4423,3.8294,0.89891,7.56,0.1,166.09306,0.96332,True,0.90077,149.6121,1.06943,1.02034,False,0.0,False
2017-01-22,Public dataset: NREL PVDAQ (Photovoltaic Data Acquisition) via OEDI data lake,19.0,True,1.0049,3.6024,0.27895,5.5,15.89,42.49937,,False,0.90004,38.25096,,1.01744,False,0.0,False
2017-01-23,Public dataset: NREL PVDAQ (Photovoltaic Data Acquisition) via OEDI data lake,122.0,True,2.4118,3.8424,0.62768,5.69,2.14,105.66911,1.15455,False,0.8993,95.02813,1.28383,1.02324,False,0.0,False
2017-01-24,Public dataset: NREL PVDAQ (Photovoltaic Data Acquisition) via OEDI data lake,165.0,True,3.4747,3.971,0.87502,3.03,0.07,167.73421,0.9837,True,0.89856,150.71961,1.09475,1.02324,False,0.0,False
2017-01-25,Public dataset: NREL PVDAQ (Photovoltaic Data Acquisition) via OEDI data lake,165.0,True,3.7022,4.0133,0.92248,2.89,0.0,179.60397,0.91869,True,0.89783,161.25298,1.02324,1.04106,False,0.0,False
2017-01-26,Public dataset: NREL PVDAQ (Photovoltaic Data Acquisition) via OEDI data lake,168.0,True,3.655,3.9547,0.92422,2.99,0.0,175.92072,0.95498,True,0.89709,157.81643,1.06453,1.04196,False,0.0,False
2017-01-27,Public dataset: NREL PVDAQ (Photovoltaic Data Acquisition) via OEDI data lake,173.0,True,3.8254,4.1076,0.9313,2.51,0.0,185.39256,0.93316,True,0.89635,166.17691,1.04106,1.04196,False,0.0,False
2017-01-28,Public dataset: NREL PVDAQ (Photovoltaic Data Acquisition) via OEDI data lake,168.0,True,3.9002,4.1448,0.94099,3.93,0.0,188.06425,0.89331,True,0.89561,168.43309,0.99743,1.04286,False,0.0,False
2017-01-29,Public dataset: NREL PVDAQ (Photovoltaic Data Acquisition) via OEDI data lake,166.0,True,3.9103,4.0975,0.95431,6.63,0.0,184.00827,0.90213,True,0.89488,164.66491,1.00811,1.04196,False,0.0,False
2017-01-30,Public dataset: NREL PVDAQ (Photovoltaic Data Acquisition) via OEDI data lake,157.0,True,3.5148,4.109,0.85539,8.49,0.0,161.72286,0.9708,True,0.89414,144.60303,1.08573,1.04196,False,0.0,False
2017-01-31,Public dataset: NREL PVDAQ (Photovoltaic Data Acquisition) via OEDI data lake,163.0,True,3.9919,4.1748,0.95619,9.91,0.0,185.1616,0.88031,True,0.8934,165.42412,0.98535,1.04196,False,0.0,False
2017-02-01,Public dataset: NREL PVDAQ (Photovoltaic Data Acquisition) via OEDI data lake,161.0,True,3.8134,4.2211,0.90341,10.57,0.0,172.94622,0.93093,True,0.89267,154.38341,1.04286,1.04106,False,0.0,False
2017-02-02,Public dataset: NREL PVDAQ (Photovoltaic Data Acquisition) via OEDI data lake,143.0,True,2.9902,4.2401,0.70522,11.86,0.0,131.26431,1.08941,False,0.89193,117.07862,1.2214,1.04196,False,0.0,False
2017-02-03,Public dataset: NREL PVDAQ (Photovoltaic Data Acquisition) via OEDI data lake,130.0,True,3.409,4.1434,0.82275,12.84,0.02,148.2953,0.87663,False,0.89119,132.1598,0.98366,1.04106,False,0.0,False
2017-02-04,Public dataset: NREL PVDAQ (Photovoltaic Data Acquisition) via OEDI data lake,159.0,True,3.7627,4.2334,0.88881,11.35,0.0,169.8565,0.93608,True,0.89046,151.24984,1.05124,1.02548,False,0.0,False
2017-02-05,Public dataset: NREL PVDAQ (Photovoltaic Data Acquisition) via OEDI data lake,119.0,True,3.0871,4.1354,0.74651,11.58,0.0,132.04485,0.90121,False,0.88972,117.48291,1.01291,1.04286,False,0.0,False
2017-02-06,Public dataset: NREL PVDAQ (Photovoltaic Data Acquisition) via OEDI data lake,74.0,True,1.6867,4.2209,0.39961,11.21,0.18,69.21588,1.06912,False,0.88898,61.53173,1.20263,1.05124,False,0.0,False
2017-02-07,Public dataset: NREL PVDAQ (Photovoltaic Data Acquisition) via OEDI data lake,114.0,True,3.1855,4.2571,0.74828,13.57,0.0,137.23363,0.8307,False,0.88825,121.89722,0.93521,1.04286,False,0.0,False
2017-02-08,Public dataset: NREL PVDAQ (Photovoltaic Data Acquisition) via OEDI data lake,131.0,True,3.4584,4.3277,0.79913,14.77,0.0,150.14964,0.87246,False,0.88751,133.25917,0.98305,1.04286,False,0.0,False
2017-02-09,Public dataset: NREL PVDAQ (Photovoltaic Data Acquisition) via OEDI data lake,154.0,True,3.589,4.3246,0.8299,16.46,0.0,152.15484,1.01213,False,0.88677,134.92668,1.14136,1.02089,False,0.0,False
2017-02-10,Public dataset: NREL PVDAQ (Photovoltaic Data Acquisition) via OEDI data lake,79.0,True,1.4762,4.2041,0.35113,17.07,0.42,58.57026,,False,0.88604,51.89532,,1.02089,False,0.0,False
2017-02-11,Public dataset: NREL PVDAQ (Photovoltaic Data Acquisition) via OEDI data lake,76.0,True,1.8257,4.5871,0.39801,12.93,4.09,74.54448,1.01953,False,0.8853,65.99411,1.15162,1.02089,False,0.0,False
2017-02-12,Public dataset: NREL PVDAQ (Photovoltaic Data Acquisition) via OEDI data lake,69.0,True,3.5059,4.6207,0.75874,11.42,0.63,150.56836,0.45826,False,0.88456,133.18699,0.51807,1.02134,False,0.0,False
2017-02-13,Public dataset: NREL PVDAQ (Photovoltaic Data Acquisition) via OEDI data lake,182.0,True,4.4263,4.6843,0.94492,12.11,0.0,195.22076,0.93228,True,0.88382,172.54094,1.05482,1.02179,False,0.0,False
2017-02-14,Public dataset: NREL PVDAQ (Photovoltaic Data Acquisition) via OEDI data lake,187.0,True,4.8576,4.9085,0.98963,11.72,0.0,217.21567,0.8609,True,0.88309,191.82053,0.97487,1.02224,False,0.0,False
2017-02-15,Public dataset: NREL PVDAQ (Photovoltaic Data Acquisition) via OEDI data lake,185.0,True,4.8007,4.9049,0.97876,12.43,0.0,211.66822,0.87401,True,0.88235,186.76567,0.99055,1.02268,False,0.0,False
2017-02-16,Public dataset: NREL PVDAQ (Photovoltaic Data Acquisition) via OEDI data lake,144.0,True,3.7843,4.775,0.79252,14.81,0.02,157.23309,0.91584,False,0.88189,138.66211,1.0385,1.03838,False,0.0,False
2017-02-17,Public dataset: NREL PVDAQ (Photovoltaic Data Acquisition) via OEDI data lake,42.0,True,1.0783,4.7297,0.22798,12.85,2.37,44.19058,,False,0.88143,38.95076,,1.01446,False,0.0,False
2017-02-18,Public dataset: NREL PVDAQ (Photovoltaic Data Acquisition) via OEDI data lake,24.0,True,1.3987,4.8794,0.28665,10.45,14.6,57.54455,,False,0.88096,50.69472,,1.01446,False,0.0,False
2017-02-19,Public dataset: NREL PVDAQ (Photovoltaic Data Acquisition) via OEDI data lake,149.0,True,2.7864,4.961,0.56166,10.41,0.4,115.45581,1.29054,False,0.8805,101.65913,1.46568,1.01458,False,0.0,False
2017-02-20,Public dataset: NREL PVDAQ (Photovoltaic Data Acquisition) via OEDI data lake,113.0,True,2.519,4.8454,0.51987,12.71,0.33,103.32239,1.09366,False,0.88004,90.92788,1.24274,1.01458,False,0.0,False
2017-02-21,Public dataset: NREL PVDAQ (Photovoltaic Data Acquisition) via OEDI data lake,111.0,True,3.4315,5.0146,0.6843,13.14,0.0,143.18414,0.77523,False,0.87958,125.94167,0.88136,1.0116,False,0.0,False
2017-02-22,Public dataset: NREL PVDAQ (Photovoltaic Data Acquisition) via OEDI data lake,206.0,True,5.0527,5.3534,0.94383,11.17,0.04,217.14305,0.94868,True,0.87912,190.89398,1.07913,1.0116,False,0.0,False
2017-02-23,Public dataset: NREL PVDAQ (Photovoltaic Data Acquisition) via OEDI data lake,211.0,True,5.2181,5.5176,0.94572,6.13,0.0,231.26401,0.91238,True,0.87865,203.20107,1.03838,1.0116,False,0.0,False
2017-02-24,Public dataset: NREL PVDAQ (Photovoltaic Data Acquisition) via OEDI data lake,208.0,True,5.4302,5.5145,0.98471,5.15,0.0,241.85367,0.86002,True,0.87819,212.39394,0.97931,1.01309,False,0.0,False
2017-02-25,Public dataset: NREL PVDAQ (Photovoltaic Data Acquisition) via OEDI data lake,115.0,True,3.8134,5.3354,0.71474,7.32,0.0,160.34338,0.71721,False,0.87773,140.73817,0.81712,1.01309,False,0.0,False
2017-02-26,Public dataset: NREL PVDAQ (Photovoltaic Data Acquisition) via OEDI data lake,206.0,True,5.3011,5.3966,0.9823,8.29,0.0,231.44454,0.89006,True,0.87727,203.03883,1.01458,1.01458,False,0.0,False
2017-02-27,Public dataset: NREL PVDAQ (Photovoltaic Data Acquisition) via OEDI data lake,77.0,True,3.4711,5.4295,0.6393,7.76,1.31,145.10582,0.53065,False,0.87681,127.2296,0.60521,1.01309,False,0.0,False
2017-02-28,Public dataset: NREL PVDAQ (Photovoltaic Data Acquisition) via OEDI data lake,214.0,True,5.5445,5.6933,0.97386,8.74,0.05,241.39595,0.88651,True,0.87634,211.54577,1.0116,1.01458,False,0.0,False
2017-03-01,Public dataset: NREL PVDAQ (Photovoltaic Data Acquisition) via OEDI data lake,216.0,True,5.6203,5.719,0.98274,8.08,0.0,243.81283,0.88593,True,0.87588,213.55111,1.01147,1.01309,False,0.0,False
2017-03-02,Public dataset: NREL PVDAQ (Photovoltaic Data Acquisition) via OEDI data lake,214.0,True,5.6914,5.7444,0.99077,9.83,0.0,243.64164,0.87834,True,0.87542,213.28859,1.00334,1.01153,False,0.0,False
2017-03-03,Public dataset: NREL PVDAQ (Photovoltaic Data Acquisition) via OEDI data lake,211.0,True,5.6352,5.7178,0.98555,12.24,0.0,237.40691,0.88877,True,0.87496,207.72087,1.01579,1.01147,False,0.0,False
2017-03-04,Public dataset: NREL PVDAQ (Photovoltaic Data Acquisition) via OEDI data lake,187.0,True,4.859,5.815,0.8356,13.82,0.0,200.50643,0.93264,False,0.8745,175.34187,1.06649,1.0116,False,0.0,False
2017-03-05,Public dataset: NREL PVDAQ (Photovoltaic Data Acquisition) via OEDI data lake,199.0,True,4.927,5.7634,0.85488,11.42,0.06,201.09827,0.98957,True,0.87403,175.76651,1.13218,1.01309,False,0.0,False
2017-03-06,Public dataset: NREL PVDAQ (Photovoltaic Data Acquisition) via OEDI data lake,224.0,True,5.9674,6.0151,0.99207,7.12,0.0,256.57065,0.87305,True,0.87357,224.13262,0.99941,1.01153,False,0.0,False
2017-03-07,Public dataset: NREL PVDAQ (Photovoltaic Data Acquisition) via OEDI data lake,214.0,True,5.7199,5.8572,0.97656,10.7,0.0,240.77763,0.88879,True,0.87311,210.22504,1.01796,1.01147,False,0.0,False
2017-03-08,Public dataset: NREL PVDAQ (Photovoltaic Data Acquisition) via OEDI data lake,198.0,True,5.6035,5.8186,0.96303,15.17,0.0,230.23684,0.85998,True,0.87265,200.91539,0.98549,1.01147,False,0.0,False
2017-03-09,Public dataset: NREL PVDAQ (Photovoltaic Data Acquisition) via OEDI data lake,206.0,True,5.8116,5.8622,0.99137,18.3,0.0,236.19687,0.87215,True,0.87218,206.00724,0.99996,1.01579,False,0.0,False
2017-03-10,Public dataset: NREL PVDAQ (Photovoltaic Data Acquisition) via OEDI data lake,160.0,True,4.4033,5.9237,0.74334,19.38,0.0,174.85469,0.91505,False,0.87172,152.42473,1.0497,1.01687,False,0.0,False
2017-03-11,Public dataset: NREL PVDAQ (Photovoltaic Data Acquisition) via OEDI data lake,202.0,True,5.6282,5.8985,0.95417,19.79,0.0,224.19476,0.901,True,0.87126,195.33197,1.03414,1.01847,False,0.0,False
2017-03-12,Public dataset: NREL PVDAQ (Photovoltaic Data Acquisition) via OEDI data lake,202.0,True,5.6659,6.1418,0.92251,20.42,0.0,227.6488,0.88733,True,0.8708,198.23614,1.01899,1.01796,False,0.0,False
2017-03-13,Public dataset: NREL PVDAQ (Photovoltaic Data Acquisition) via OEDI data lake,207.0,True,6.1253,6.1934,0.989,20.48,0.0,243.76084,0.84919,True,0.87034,212.15383,0.97571,1.01796,False,0.0,False
2017-03-14,Public dataset: NREL PVDAQ (Photovoltaic Data Acquisition) via OEDI data lake,214.0,True,6.1517,6.1898,0.99384,21.99,0.0,243.46229,0.87899,True,0.86987,211.78148,1.01048,1.01847,False,0.0,False
2017-03-15,Public dataset: NREL PVDAQ (Photovoltaic Data Acquisition) via OEDI data lake,203.0,True,5.2966,6.1812,0.85689,21.2,0.0,212.0312,0.95741,True,0.86941,184.34241,1.10121,1.01899,False,0.0,False
2017-03-16,Public dataset: NREL PVDAQ (Photovoltaic Data Acquisition) via OEDI data lake,204.0,True,5.6011,6.1663,0.90834,21.49,0.0,219.33128,0.9301,True,0.86929,190.66178,1.06996,1.02165,False,0.0,False
2017-03-17,Public dataset: NREL PVDAQ (Photovoltaic Data Acquisition) via OEDI data lake,,False,6.0293,6.1882,0.97432,21.8,0.0,236.16704,,False,0.86916,205.26736,,1.02922,False,0.0,False
2017-03-18,Public dataset: NREL PVDAQ (Photovoltaic Data Acquisition) via OEDI data lake,208.0,True,6.0022,6.3108,0.9511,22.02,0.0,233.66605,0.89016,True,0.86904,203.06439,1.02431,1.02922,False,0.0,False
2017-03-19,Public dataset: NREL PVDAQ (Photovoltaic Data Acquisition) via OEDI data lake,197.0,True,5.9542,6.3494,0.93776,22.07,0.0,230.35623,0.8552,True,0.86891,200.15925,0.98422,1.02165,False,0.0,False
2017-03-20,Public dataset: NREL PVDAQ (Photovoltaic Data Acquisition) via OEDI data lake,205.0,True,5.5406,6.4082,0.86461,22.21,0.0,218.46961,0.93835,True,0.86879,189.80352,1.08006,1.02431,False,0.0,False
2017-03-21,Public dataset: NREL PVDAQ (Photovoltaic Data Acquisition) via OEDI data lake,166.0,True,4.1292,6.3422,0.65107,19.95,0.0,161.10493,1.03038,False,0.86866,139.94571,1.18617,1.02431,False,0.0,False
2017-03-22,Public dataset: NREL PVDAQ (Photovoltaic Data Acquisition) via OEDI data lake,160.0,True,4.1784,6.5045,0.64239,16.22,0.16,166.17389,0.96285,False,0.86854,144.32815,1.10858,1.02431,False,0.0,False
2017-03-23,Public dataset: NREL PVDAQ (Photovoltaic Data Acquisition) via OEDI data lake,198.0,True,4.9579,6.6859,0.74155,13.47,0.03,205.22755,0.96478,False,0.86841,178.22205,1.11097,1.01589,False,0.0,False
2017-03-24,Public dataset: NREL PVDAQ (Photovoltaic Data Acquisition) via OEDI data lake,233.0,True,6.4944,6.7555,0.96135,16.09,0.0,256.09919,0.9098,True,0.86829,222.36758,1.04781,1.00748,False,0.0,False
2017-03-25,Public dataset: NREL PVDAQ (Photovoltaic Data Acquisition) via OEDI data lake,213.0,True,5.2032,6.7704,0.76852,16.09,0.11,210.95728,1.00968,False,0.86816,183.14508,1.16301,1.01589,False,0.0,False
2017-03-26,Public dataset: NREL PVDAQ (Photovoltaic Data Acquisition) via OEDI data lake,211.0,True,6.1063,6.7327,0.90696,15.85,0.0,242.52186,0.87002,True,0.86804,210.51794,1.00229,1.01632,False,0.0,False
2017-03-27,Public dataset: NREL PVDAQ (Photovoltaic Data Acquisition) via OEDI data lake,163.0,True,5.3748,6.937,0.7748,15.2,0.1,214.20259,0.76096,False,0.86791,185.90899,0.87677,1.02515,False,0.0,False
2017-03-28,Public dataset: NREL PVDAQ (Photovoltaic Data Acquisition) via OEDI data lake,248.0,True,7.1338,7.164,0.99578,13.99,0.0,283.66158,0.87428,True,0.86779,246.15783,1.00748,1.02515,False,0.0,False
2017-03-29,Public dataset: NREL PVDAQ (Photovoltaic Data Acquisition) via OEDI data lake,232.0,True,6.8546,7.0068,0.97828,16.07,0.0,269.61621,0.86048,True,0.86766,233.93574,0.99173,1.02341,False,0.0,False
2017-03-30,Public dataset: NREL PVDAQ (Photovoltaic Data Acquisition) via OEDI data lake,204.0,True,5.059,6.8976,0.73344,16.15,0.25,191.60499,1.06469,False,0.86754,166.22443,1.22726,1.02341,False,0.0,False
2017-03-31,Public dataset: NREL PVDAQ (Photovoltaic Data Acquisition) via OEDI data lake,106.0,True,3.6814,7.0656,0.52103,12.33,0.55,149.71911,0.70799,False,0.86741,129.86816,0.81621,1.02341,False,0.0,False
2017-04-01,Public dataset: NREL PVDAQ (Photovoltaic Data Acquisition) via OEDI data lake,247.0,True,6.7726,7.1398,0.94857,16.35,0.0,265.79329,0.92929,True,0.86729,230.51908,1.07149,1.02299,False,0.0,False
2017-04-02,Public dataset: NREL PVDAQ (Photovoltaic Data Acquisition) via OEDI data lake,238.0,True,6.9648,7.0658,0.98571,18.99,0.0,267.7253,0.88897,True,0.86716,232.16123,1.02515,1.02166,False,0.0,False
2017-04-03,Public dataset: NREL PVDAQ (Photovoltaic Data Acquisition) via OEDI data lake,200.0,True,6.1027,7.2869,0.83749,15.98,1.32,241.60234,0.82781,False,0.86704,209.4782,0.95475,1.02166,False,0.0,False
2017-04-04,Public dataset: NREL PVDAQ (Photovoltaic Data Acquisition) via OEDI data lake,243.0,True,6.787,7.4062,0.91639,14.18,0.0,269.55341,0.90149,True,0.86691,233.67912,1.03989,1.02166,False,0.0,False
2017-04-05,Public dataset: NREL PVDAQ (Photovoltaic Data Acquisition) via OEDI data lake,233.0,True,6.7997,7.0958,0.95827,16.86,0.0,263.10948,0.88556,True,0.86679,228.05992,1.02166,1.02166,False,0.0,False
2017-04-06,Public dataset: NREL PVDAQ (Photovoltaic Data Acquisition) via OEDI data lake,204.0,True,5.7655,7.1729,0.80379,20.16,0.0,214.75333,0.94993,False,0.86666,186.11858,1.09608,1.02433,False,0.0,False
2017-04-07,Public dataset: NREL PVDAQ (Photovoltaic Data Acquisition) via OEDI data lake,145.0,True,3.9427,7.219,0.54616,20.14,0.0,150.34631,0.96444,False,0.86654,130.28067,1.11298,1.02299,False,0.0,False
2017-04-08,Public dataset: NREL PVDAQ (Photovoltaic Data Acquisition) via OEDI data lake,256.0,True,7.4052,7.4873,0.98903,16.35,0.22,288.45414,0.88749,True,0.86641,249.92019,1.02433,1.02236,False,0.0,False
2017-04-09,Public dataset: NREL PVDAQ (Photovoltaic Data Acquisition) via OEDI data lake,247.0,True,7.4825,7.7837,0.9613,13.04,0.0,296.12958,0.83409,True,0.86629,256.53328,0.96284,1.02236,False,0.0,False
2017-04-10,Public dataset: NREL PVDAQ (Photovoltaic Data Acquisition) via OEDI data lake,255.0,True,7.6224,7.722,0.9871,15.85,0.0,295.02832,0.86432,True,0.86616,255.5424,0.99788,1.02201,False,0.0,False
2017-04-11,Public dataset: NREL PVDAQ (Photovoltaic Data Acquisition) via OEDI data lake,183.0,True,4.885,7.5137,0.65015,18.0,0.0,183.62418,0.9966,False,0.86604,159.02539,1.15076,1.02201,False,0.0,False
2017-04-12,Public dataset: NREL PVDAQ (Photovoltaic Data Acquisition) via OEDI data lake,248.0,True,7.6334,7.6574,0.99687,20.11,0.0,286.0551,0.86697,True,0.86591,247.69863,1.00122,1.01144,False,0.0,False
2017-04-13,Public dataset: NREL PVDAQ (Photovoltaic Data Acquisition) via OEDI data lake,264.0,True,7.7539,7.7861,0.99586,18.58,0.0,293.06533,0.90082,True,0.86579,253.73224,1.04047,1.00001,False,0.0,False
2017-04-14,Public dataset: NREL PVDAQ (Photovoltaic Data Acquisition) via OEDI data lake,254.0,True,7.8643,7.8977,0.99577,17.46,0.0,299.47652,0.84815,True,0.86566,259.24555,0.97977,0.9988,False,0.0,False
2017-04-15,Public dataset: NREL PVDAQ (Photovoltaic Data Acquisition) via OEDI data lake,253.0,True,7.5713,7.7534,0.97651,19.21,0.0,285.91138,0.88489,True,0.86554,247.46698,1.02236,1.00001,False,0.0,False
2017-04-16,Public dataset: NREL PVDAQ (Photovoltaic Data Acquisition) via OEDI data lake,241.0,True,6.9214,7.6778,0.90148,22.49,0.0,260.83685,0.92395,True,0.86594,225.86799,1.06699,1.00001,False,0.0,False
2017-04-17,Public dataset: NREL PVDAQ (Photovoltaic Data Acquisition) via OEDI data lake,143.0,True,3.9139,7.6531,0.51141,20.99,0.0,146.65504,0.97508,False,0.86633,127.05231,1.12552,1.00122,False,0.0,False
2017-04-18,Public dataset: NREL PVDAQ (Photovoltaic Data Acquisition) via OEDI data lake,241.0,True,6.1728,7.5936,0.8129,21.24,0.07,227.31539,1.0602,False,0.86673,197.02174,1.22322,1.01413,False,0.0,False
2017-04-19,Public dataset: NREL PVDAQ (Photovoltaic Data Acquisition) via OEDI data lake,253.0,True,7.8046,7.8509,0.9941,20.1,0.0,292.11771,0.86609,True,0.86713,253.30446,0.9988,1.0112,False,0.0,False
2017-04-20,Public dataset: NREL PVDAQ (Photovoltaic Data Acquisition) via OEDI data lake,258.0,True,8.1586,8.2056,0.99427,20.75,0.0,300.43494,0.85875,True,0.86753,260.63633,0.98989,1.01464,False,0.0,False
2017-04-21,Public dataset: NREL PVDAQ (Photovoltaic Data Acquisition) via OEDI data lake,259.0,True,8.0275,8.1017,0.99084,19.31,0.0,299.69452,0.86421,True,0.86793,260.11343,0.99572,1.01464,False,0.0,False
2017-04-22,Public dataset: NREL PVDAQ (Photovoltaic Data Acquisition) via OEDI data lake,256.0,True,7.7659,8.0386,0.96608,20.76,0.0,287.72673,0.88973,True,0.86833,249.84091,1.02465,1.01565,False,0.0,False
2017-04-23,Public dataset: NREL PVDAQ (Photovoltaic Data Acquisition) via OEDI data lake,235.0,True,7.3008,8.0026,0.9123,23.65,0.0,266.47776,0.88187,True,0.86873,231.49605,1.01514,1.01464,False,0.0,False
2017-04-24,Public dataset: NREL PVDAQ (Photovoltaic Data Acquisition) via OEDI data lake,222.0,True,6.6665,8.0827,0.82479,21.83,0.0,244.89817,0.9065,False,0.86912,212.84691,1.043,1.0112,False,0.0,False
2017-04-25,Public dataset: NREL PVDAQ (Photovoltaic Data Acquisition) via OEDI data lake,266.0,True,8.081,8.2982,0.97383,19.72,0.0,301.6514,0.88181,True,0.86952,262.29273,1.01413,1.00826,False,0.0,False
2017-04-26,Public dataset: NREL PVDAQ (Photovoltaic Data Acquisition) via OEDI data lake,235.0,True,7.2737,8.1204,0.89573,22.09,0.0,267.92705,0.8771,True,0.86992,233.07542,1.00826,1.00529,False,0.0,False
2017-04-27,Public dataset: NREL PVDAQ (Photovoltaic Data Acquisition) via OEDI data lake,262.0,True,7.9022,8.2872,0.95354,21.64,0.0,289.24936,0.90579,True,0.87032,251.73942,1.04076,1.00529,False,0.0,False
2017-04-28,Public dataset: NREL PVDAQ (Photovoltaic Data Acquisition) via OEDI data lake,295.0,True,8.1559,8.615,0.94671,16.01,0.0,306.71425,0.96181,True,0.87072,267.0617,1.10461,1.00529,False,0.0,False
2017-04-29,Public dataset: NREL PVDAQ (Photovoltaic Data Acquisition) via OEDI data lake,280.0,True,8.5306,8.611,0.99066,16.82,0.0,316.3109,0.88521,True,0.87112,275.54373,1.01617,1.00826,False,0.0,False
2017-04-30,Public dataset: NREL PVDAQ (Photovoltaic Data Acquisition) via OEDI data lake,265.0,True,8.4089,8.5118,0.98791,19.98,0.0,307.82534,0.86088,True,0.87152,268.27449,0.98779,1.00529,False,0.0,False
2017-05-01,Public dataset: NREL PVDAQ (Photovoltaic Data Acquisition) via OEDI data lake,259.0,True,8.3671,8.4137,0.99446,24.01,0.0,300.34837,0.86233,True,0.87191,261.8779,0.98901,1.00162,False,0.0,False
2017-05-02,Public dataset: NREL PVDAQ (Photovoltaic Data Acquisition) via OEDI data lake,257.0,True,8.2898,8.3316,0.99498,25.94,0.0,294.48758,0.8727,True,0.87231,256.88516,1.00045,1.00231,False,0.0,False
2017-05-03,Public dataset: NREL PVDAQ (Photovoltaic Data Acquisition) via OEDI data lake,258.0,True,8.2498,8.4,0.98212,26.33,0.0,294.94812,0.87473,True,0.87271,257.40444,1.00231,1.00231,False,0.0,False
2017-05-04,Public dataset: NREL PVDAQ (Photovoltaic Data Acquisition) via OEDI data lake,258.0,True,8.3904,8.4192,0.99658,26.93,0.0,295.22132,0.87392,True,0.87311,257.76052,1.00093,1.00231,False,0.0,False
2017-05-05,Public dataset: NREL PVDAQ (Photovoltaic Data Acquisition) via OEDI data lake,212.0,True,7.2449,8.2478,0.8784,29.46,0.0,248.62713,0.85268,True,0.87351,217.17778,0.97616,1.00231,False,0.0,False
2017-05-06,Public dataset: NREL PVDAQ (Photovoltaic Data Acquisition) via OEDI data lake,,False,7.0433,8.2037,0.85855,24.61,0.08,252.52384,,False,0.87391,220.68222,,1.00093,False,0.0,False
2017-05-07,Public dataset: NREL PVDAQ (Photovoltaic Data Acquisition) via OEDI data lake,152.0,True,5.2918,8.5668,0.61771,15.68,0.02,207.25803,0.73339,False,0.87431,181.20673,0.83882,1.00093,False,0.0,False
2017-05-08,Public dataset: NREL PVDAQ (Photovoltaic Data Acquisition) via OEDI data lake,259.0,True,8.1605,8.4317,0.96784,18.55,0.18,300.67127,0.86141,True,0.8747,262.99823,0.9848,1.00231,False,0.0,False
2017-05-09,Public dataset: NREL PVDAQ (Photovoltaic Data Acquisition) via OEDI data lake,260.0,True,7.2456,8.2771,0.87538,18.77,1.5,263.12974,0.98811,True,0.8751,230.26539,1.12913,1.00639,False,0.0,False
2017-05-10,Public dataset: NREL PVDAQ (Photovoltaic Data Acquisition) via OEDI data lake,268.0,True,7.8802,8.2066,0.96023,19.36,0.26,291.70189,0.91875,True,0.8755,255.38519,1.0494,1.00639,False,0.0,False
2017-05-11,Public dataset: NREL PVDAQ (Photovoltaic Data Acquisition) via OEDI data lake,260.0,True,8.1722,8.2253,0.99354,23.65,0.0,292.80491,0.88796,True,0.8759,256.46757,1.01377,1.00998,False,0.0,False
2017-05-12,Public dataset: NREL PVDAQ (Photovoltaic Data Acquisition) via OEDI data lake,270.0,True,8.6184,8.6568,0.99556,25.6,0.0,301.15735,0.89654,True,0.8763,263.90349,1.0231,1.00998,False,0.0,False
2017-05-13,Public dataset: NREL PVDAQ (Photovoltaic Data Acquisition) via OEDI data lake,278.0,True,8.8918,9.0338,0.98428,21.49,0.0,317.53557,0.87549,True,0.8767,278.38223,0.99863,1.00998,False,0.0,False
2017-05-14,Public dataset: NREL PVDAQ (Photovoltaic Data Acquisition) via OEDI data lake,283.0,True,8.9724,9.0259,0.99407,21.35,0.0,318.33912,0.88899,True,0.87709,279.21356,1.01356,1.01356,False,0.0,False
2017-05-15,Public dataset: NREL PVDAQ (Photovoltaic Data Acquisition) via OEDI data lake,274.0,True,7.5641,8.7113,0.86831,18.39,0.0,279.80419,0.97926,True,0.87749,245.5263,1.11597,1.00998,False,0.0,False
2017-05-16,Public dataset: NREL PVDAQ (Photovoltaic Data Acquisition) via OEDI data lake,260.0,True,8.1355,8.6225,0.94352,19.11,0.0,294.47023,0.88294,True,0.87733,258.3481,1.00639,1.0108,False,0.0,False
2017-05-17,Public dataset: NREL PVDAQ (Photovoltaic Data Acquisition) via OEDI data lake,203.0,True,7.6498,8.8622,0.86319,19.49,0.01,281.81175,0.72034,True,0.87717,247.1969,0.82121,1.00722,False,0.0,False
2017-05-18,Public dataset: NREL PVDAQ (Photovoltaic Data Acquisition) via OEDI data lake,229.0,True,7.02,8.898,0.78894,17.35,0.0,251.11462,0.91193,False,0.87701,220.22974,1.03982,1.00722,False,0.0,False
2017-05-19,Public dataset: NREL PVDAQ (Photovoltaic Data Acquisition) via OEDI data lake,276.0,True,8.891,8.9213,0.9966,19.36,0.0,320.29499,0.86171,True,0.87685,280.84981,0.98273,1.00638,False,0.0,False
2017-05-20,Public dataset: NREL PVDAQ (Photovoltaic Data Acquisition) via OEDI data lake,269.0,True,8.657,8.706,0.99437,23.31,0.0,306.83316,0.8767,True,0.87669,268.99629,1.00001,1.00638,False,0.0,False
2017-05-21,Public dataset: NREL PVDAQ (Photovoltaic Data Acquisition) via OEDI data lake,249.0,True,7.8595,8.5114,0.92341,28.27,0.0,271.22141,0.91807,True,0.87652,237.73217,1.0474,1.00638,False,0.0,False
2017-05-22,Public dataset: NREL PVDAQ (Photovoltaic Data Acquisition) via OEDI data lake,259.0,True,8.4204,8.7014,0.96771,28.02,0.0,294.3142,0.88001,True,0.87636,257.92604,1.00416,1.00527,False,0.0,False
2017-05-23,Public dataset: NREL PVDAQ (Photovoltaic Data Acquisition) via OEDI data lake,258.0,True,8.4941,8.5462,0.9939,29.36,0.0,292.10191,0.88325,True,0.8762,255.94011,1.00805,1.00416,False,0.0,False
2017-05-24,Public dataset: NREL PVDAQ (Photovoltaic Data Acquisition) via OEDI data lake,221.0,True,8.0345,8.7182,0.92158,31.19,0.0,270.09785,0.81822,True,0.87604,236.6165,0.934,1.00319,False,0.0,False
2017-05-25,Public dataset: NREL PVDAQ (Photovoltaic Data Acquisition) via OEDI data lake,272.0,True,8.5462,8.9772,0.95199,27.79,0.0,295.92639,0.91915,True,0.87588,259.19554,1.0494,1.00527,False,0.0,False
2017-05-26,Public dataset: NREL PVDAQ (Photovoltaic Data Acquisition) via OEDI data lake,277.0,True,8.9638,9.0221,0.99354,24.16,0.0,314.30955,0.8813,True,0.87572,275.2462,1.00637,1.00416,False,0.0,False
2017-05-27,Public dataset: NREL PVDAQ (Photovoltaic Data Acquisition) via OEDI data lake,267.0,True,8.5997,8.9513,0.96072,26.01,0.0,301.38551,0.88591,True,0.87556,263.87973,1.01182,1.00497,False,0.0,False
2017-05-28,Public dataset: NREL PVDAQ (Photovoltaic Data Acquisition) via OEDI data lake,271.0,True,8.957,9.0137,0.99371,27.46,0.0,308.89241,0.87733,True,0.87539,270.40256,1.00221,1.00637,False,0.0,False
2017-05-29,Public dataset: NREL PVDAQ (Photovoltaic Data Acquisition) via OEDI data lake,255.0,True,8.7482,8.982,0.97397,30.09,0.0,297.04621,0.85845,True,0.87523,259.9845,0.98083,1.00497,False,0.0,False
2017-05-30,Public dataset: NREL PVDAQ (Photovoltaic Data Acquisition) via OEDI data lake,224.0,True,6.8167,8.7235,0.78142,30.84,0.0,237.66356,0.94251,False,0.87507,207.97249,1.07707,1.00497,False,0.0,False
2017-05-31,Public dataset: NREL PVDAQ (Photovoltaic Data Acquisition) via OEDI data lake,206.0,True,6.0,8.7758,0.6837,28.45,0.0,213.90295,0.96305,False,0.87491,187.14573,1.10075,1.00497,False,0.0,False
2017-06-01,Public dataset: NREL PVDAQ (Photovoltaic Data Acquisition) via OEDI data lake,271.0,True,8.8387,8.8814,0.99519,27.83,0.0,304.57527,0.88976,True,0.87475,266.42662,1.01717,1.00567,False,0.0,False
2017-06-02,Public dataset: NREL PVDAQ (Photovoltaic Data Acquisition) via OEDI data lake,262.0,True,8.7859,8.8135,0.99687,28.9,0.0,301.16532,0.86995,True,0.87459,263.39514,0.9947,1.00536,False,0.0,False
2017-06-03,Public dataset: NREL PVDAQ (Photovoltaic Data Acquisition) via OEDI data lake,252.0,True,8.4778,8.8128,0.96199,31.77,0.0,286.76404,0.87877,True,0.87443,250.75367,1.00497,1.00359,False,0.0,False
2017-06-04,Public dataset: NREL PVDAQ (Photovoltaic Data Acquisition) via OEDI data lake,264.0,True,8.8853,8.9249,0.99556,32.16,0.0,298.63236,0.88403,True,0.87426,261.08341,1.01117,1.00359,False,0.0,False
2017-06-05,Public dataset: NREL PVDAQ (Photovoltaic Data Acquisition) via OEDI data lake,268.0,True,9.198,9.4104,0.97743,31.75,0.0,308.31355,0.86924,True,0.8741,269.49753,0.99444,0.99998,False,0.0,False
2017-06-06,Public dataset: NREL PVDAQ (Photovoltaic Data Acquisition) via OEDI data lake,251.0,True,8.8476,8.9635,0.98707,32.01,0.0,296.50415,0.84653,True,0.87394,259.12703,0.96864,0.99998,False,0.0,False
2017-06-07,Public dataset: NREL PVDAQ (Photovoltaic Data Acquisition) via OEDI data lake,268.0,True,8.8495,9.0221,0.98087,31.01,0.0,299.61725,0.89447,True,0.87378,261.79931,1.02368,0.99499,False,0.0,False
2017-06-08,Public dataset: NREL PVDAQ (Photovoltaic Data Acquisition) via OEDI data lake,230.0,True,7.0207,9.2066,0.76257,30.21,0.0,245.44125,0.93709,False,0.87362,214.42181,1.07265,0.99485,False,0.0,False
2017-06-09,Public dataset: NREL PVDAQ (Photovoltaic Data Acquisition) via OEDI data lake,270.0,True,8.9894,9.0384,0.99458,28.78,0.0,307.34952,0.87848,True,0.87346,268.45634,1.00575,0.99457,False,0.0,False
2017-06-10,Public dataset: NREL PVDAQ (Photovoltaic Data Acquisition) via OEDI data lake,240.0,True,8.0563,9.0427,0.89092,26.0,0.0,276.89057,0.86677,True,0.87329,241.80707,0.99253,0.99349,False,0.0,False
2017-06-11,Public dataset: NREL PVDAQ (Photovoltaic Data Acquisition) via OEDI data lake,287.0,True,9.1138,9.191,0.9916,23.17,0.0,319.09084,0.89943,True,0.87313,278.60882,1.03012,0.99349,False,0.0,False
2017-06-12,Public dataset: NREL PVDAQ (Photovoltaic Data Acquisition) via OEDI data lake,284.0,True,9.1963,9.2736,0.99166,20.26,0.0,326.96213,0.8686,True,0.87297,285.4287,0.99499,0.99349,False,0.0,False
2017-06-13,Public dataset: NREL PVDAQ (Photovoltaic Data Acquisition) via OEDI data lake,272.0,True,9.1651,9.2105,0.99507,24.66,0.0,319.25545,0.85198,True,0.87281,278.64943,0.97614,0.99376,False,0.0,False
2017-06-14,Public dataset: NREL PVDAQ (Photovoltaic Data Acquisition) via OEDI data lake,267.0,True,9.1246,9.1546,0.99672,28.75,0.0,311.01285,0.85849,True,0.87265,271.40499,0.98377,1.00037,False,0.0,False
2017-06-15,Public dataset: NREL PVDAQ (Photovoltaic Data Acquisition) via OEDI data lake,265.0,True,9.1918,9.2167,0.9973,31.71,0.0,307.81714,0.8609,True,0.87249,268.56654,0.98672,0.99376,False,0.0,False
2017-06-16,Public dataset: NREL PVDAQ (Photovoltaic Data Acquisition) via OEDI data lake,258.0,True,8.9484,8.9846,0.99597,32.89,0.0,297.88447,0.86611,True,0.87274,259.97675,0.9924,0.99253,False,0.0,False
2017-06-17,Public dataset: NREL PVDAQ (Photovoltaic Data Acquisition) via OEDI data lake,255.0,True,8.9753,9.024,0.9946,34.6,0.0,295.87971,0.86184,True,0.873,258.30294,0.98721,0.99253,False,0.0,False
2017-06-18,Public dataset: NREL PVDAQ (Photovoltaic Data Acquisition) via OEDI data lake,250.0,True,8.309,8.6405,0.96163,35.86,0.0,277.21237,0.90184,True,0.87326,242.0774,1.03273,0.99499,False,0.0,False
2017-06-19,Public dataset: NREL PVDAQ (Photovoltaic Data Acquisition) via OEDI data lake,239.0,True,7.6502,8.6004,0.88952,37.32,0.0,249.38401,0.95836,True,0.87351,217.84002,1.09714,0.99499,False,0.0,False
2017-06-20,Public dataset: NREL PVDAQ (Photovoltaic Data Acquisition) via OEDI data lake,244.0,True,8.3266,8.5003,0.97957,38.1,0.0,273.1445,0.8933,True,0.87377,238.66511,1.02235,1.00379,False,0.0,False
2017-06-21,Public dataset: NREL PVDAQ (Photovoltaic Data Acquisition) via OEDI data lake,258.0,True,8.957,9.007,0.99445,37.24,0.0,291.75558,0.8843,True,0.87402,255.00165,1.01176,1.00777,False,0.0,False
2017-06-22,Public dataset: NREL PVDAQ (Photovoltaic Data Acquisition) via OEDI data lake,257.0,True,9.2345,9.257,0.99757,36.94,0.0,300.22479,0.85603,True,0.87428,262.4809,0.97912,1.00777,False,0.0,False
2017-06-23,Public dataset: NREL PVDAQ (Photovoltaic Data Acquisition) via OEDI data lake,248.0,True,8.7629,9.0228,0.9712,36.46,0.0,290.84036,0.8527,True,0.87454,254.3508,0.97503,1.00777,False,0.0,False
2017-06-24,Public dataset: NREL PVDAQ (Photovoltaic Data Acquisition) via OEDI data lake,251.0,True,8.2622,8.7528,0.94395,36.93,0.0,271.65476,0.92397,True,0.87479,237.64189,1.05621,1.00777,False,0.0,False
2017-06-25,Public dataset: NREL PVDAQ (Photovoltaic Data Acquisition) via OEDI data lake,246.0,True,8.0921,8.9611,0.90303,37.06,0.0,270.2889,0.91014,True,0.87505,236.51631,1.0401,1.01706,False,0.0,False
2017-06-26,Public dataset: NREL PVDAQ (Photovoltaic Data Acquisition) via OEDI data lake,273.0,True,9.0355,9.2266,0.97929,34.24,0.0,301.07245,0.90676,True,0.87531,263.53062,1.03593,1.00777,False,0.0,False
2017-06-27,Public dataset: NREL PVDAQ (Photovoltaic Data Acquisition) via OEDI data lake,264.0,True,9.0103,9.1018,0.98995,33.29,0.0,300.38248,0.87888,True,0.87556,263.00367,1.00379,1.00673,False,0.0,False
2017-06-28,Public dataset: NREL PVDAQ (Photovoltaic Data Acquisition) via OEDI data lake,,False,9.4433,9.5594,0.98785,32.93,0.0,312.53458,,False,0.87582,273.72369,,1.00673,False,0.0,False
2017-06-29,Public dataset: NREL PVDAQ (Photovoltaic Data Acquisition) via OEDI data lake,258.0,True,9.307,9.3526,0.99512,32.75,0.0,309.10297,0.83467,True,0.87608,270.79744,0.95274,1.00673,False,0.0,False
2017-06-30,Public dataset: NREL PVDAQ (Photovoltaic Data Acquisition) via OEDI data lake,257.0,True,8.7929,8.8426,0.99438,33.4,0.0,294.40134,0.87296,True,0.87633,257.99315,0.99615,1.01128,False,0.0,False
2017-07-01,Public dataset: NREL PVDAQ (Photovoltaic Data Acquisition) via OEDI data lake,255.0,True,8.9158,8.9779,0.99308,34.28,0.0,294.01367,0.86731,True,0.87659,257.72877,0.98941,1.0129,False,0.0,False
2017-07-02,Public dataset: NREL PVDAQ (Photovoltaic Data Acquisition) via OEDI data lake,266.0,True,8.7454,8.7667,0.99757,32.46,0.0,293.91674,0.90502,True,0.87684,257.71912,1.03213,1.01128,False,0.0,False
2017-07-03,Public dataset: NREL PVDAQ (Photovoltaic Data Acquisition) via OEDI data lake,258.0,True,8.773,8.8284,0.99372,32.23,0.0,294.9363,0.87477,True,0.8771,258.6887,0.99734,1.00967,False,0.0,False
2017-07-04,Public dataset: NREL PVDAQ (Photovoltaic Data Acquisition) via OEDI data lake,259.0,True,8.7689,8.9023,0.98502,33.52,0.0,292.37731,0.88584,True,0.87736,256.51915,1.00967,1.00673,False,0.0,False
2017-07-05,Public dataset: NREL PVDAQ (Photovoltaic Data Acquisition) via OEDI data lake,241.0,True,8.2502,8.8363,0.93367,35.26,0.0,271.11256,0.88893,True,0.87761,237.93186,1.0129,1.00967,False,0.0,False
2017-07-06,Public dataset: NREL PVDAQ (Photovoltaic Data Acquisition) via OEDI data lake,237.0,True,8.0088,8.5368,0.93815,37.39,0.0,264.36677,0.89648,True,0.87787,232.07942,1.0212,1.01128,False,0.0,False
2017-07-07,Public dataset: NREL PVDAQ (Photovoltaic Data Acquisition) via OEDI data lake,233.0,True,7.2221,8.4521,0.85447,37.85,0.08,244.99858,0.95103,True,0.87813,215.13947,1.08302,1.01128,False,0.0,False
2017-07-08,Public dataset: NREL PVDAQ (Photovoltaic Data Acquisition) via OEDI data lake,194.0,True,6.3324,8.0306,0.78853,37.17,0.0,212.19862,0.91424,False,0.87838,186.39137,1.04082,1.01128,False,0.0,False
2017-07-09,Public dataset: NREL PVDAQ (Photovoltaic Data Acquisition) via OEDI data lake,199.0,True,6.0175,7.9334,0.7585,33.34,0.07,213.52471,0.93198,False,0.87864,187.61091,1.06071,1.01128,False,0.0,False
2017-07-10,Public dataset: NREL PVDAQ (Photovoltaic Data Acquisition) via OEDI data lake,155.0,True,6.203,7.8598,0.78921,34.38,0.17,212.51874,0.72935,False,0.87889,186.78149,0.82985,1.00381,False,0.0,False
2017-07-11,Public dataset: NREL PVDAQ (Photovoltaic Data Acquisition) via OEDI data lake,217.0,True,6.3835,8.1101,0.7871,34.19,0.17,222.50355,0.97527,False,0.87915,195.6141,1.10933,1.00381,False,0.0,False
2017-07-12,Public dataset: NREL PVDAQ (Photovoltaic Data Acquisition) via OEDI data lake,238.0,True,6.8714,8.1583,0.84226,35.27,0.6,232.86118,1.02207,False,0.87941,204.77969,1.16222,0.99795,False,0.0,False
2017-07-13,Public dataset: NREL PVDAQ (Photovoltaic Data Acquisition) via OEDI data lake,242.0,True,7.6375,8.3479,0.9149,35.65,0.01,257.85379,0.93852,True,0.87966,226.82445,1.0669,0.98519,False,0.0,False
2017-07-14,Public dataset: NREL PVDAQ (Photovoltaic Data Acquisition) via OEDI data lake,240.0,True,8.412,8.502,0.98941,36.27,0.0,280.4866,0.85566,True,0.87992,246.80557,0.97243,0.98416,False,0.0,False
2017-07-15,Public dataset: NREL PVDAQ (Photovoltaic Data Acquisition) via OEDI data lake,239.0,True,8.4271,8.5186,0.98926,37.28,0.0,279.69064,0.85452,True,0.88018,246.17687,0.97085,0.98416,False,0.0,False
2017-07-16,Public dataset: NREL PVDAQ (Photovoltaic Data Acquisition) via OEDI data lake,230.0,True,7.7604,8.2243,0.94359,35.47,0.36,261.84507,0.87838,True,0.88018,230.47143,0.99795,0.9959,False,0.0,False
2017-07-17,Public dataset: NREL PVDAQ (Photovoltaic Data Acquisition) via OEDI data lake,186.0,True,7.2816,8.1907,0.88901,35.5,0.15,244.4644,0.76085,True,0.88019,215.17495,0.86441,0.9959,False,0.0,False
2017-07-18,Public dataset: NREL PVDAQ (Photovoltaic Data Acquisition) via OEDI data lake,195.0,True,8.0014,8.5255,0.93853,34.48,0.97,270.1644,0.72178,True,0.8802,237.79767,0.82002,0.9959,False,0.0,False
2017-07-19,Public dataset: NREL PVDAQ (Photovoltaic Data Acquisition) via OEDI data lake,115.0,True,5.443,7.9656,0.68331,28.79,6.97,201.06765,0.57195,False,0.8802,176.98035,0.64979,0.9959,False,0.0,False
2017-07-20,Public dataset: NREL PVDAQ (Photovoltaic Data Acquisition) via OEDI data lake,170.0,True,6.9118,8.3892,0.82389,28.69,0.2,251.91712,0.67483,False,0.88021,221.73994,0.76666,0.99693,False,0.0,False
2017-07-21,Public dataset: NREL PVDAQ (Photovoltaic Data Acquisition) via OEDI data lake,243.0,True,8.105,8.3371,0.97216,32.34,0.0,277.20529,0.87661,True,0.88022,244.00074,0.9959,0.98416,True,0.01584,False
2017-07-22,Public dataset: NREL PVDAQ (Photovoltaic Data Acquisition) via OEDI data lake,233.0,True,7.6121,8.0671,0.9436,34.82,0.0,259.21724,0.89886,True,0.88022,228.16913,1.02117,0.98337,True,0.01663,False
2017-07-23,Public dataset: NREL PVDAQ (Photovoltaic Data Acquisition) via OEDI data lake,242.0,True,7.5511,8.1797,0.92315,35.33,0.18,256.98302,0.9417,True,0.88023,226.20428,1.06983,0.93016,True,0.06984,False
2017-07-24,Public dataset: NREL PVDAQ (Photovoltaic Data Acquisition) via OEDI data lake,169.0,True,3.9463,7.8578,0.50221,31.83,1.73,138.82084,1.2174,False,0.88024,122.19529,1.38303,0.84222,True,0.15778,False
2017-07-25,Public dataset: NREL PVDAQ (Photovoltaic Data Acquisition) via OEDI data lake,149.0,True,5.2382,7.8715,0.66546,27.94,11.9,194.07483,0.76775,False,0.88024,170.83325,0.8722,0.65748,True,0.34252,False
2017-07-26,Public dataset: NREL PVDAQ (Photovoltaic Data Acquisition) via OEDI data lake,229.0,True,6.5962,7.8802,0.83706,30.38,0.6,234.09759,0.97822,False,0.88025,206.06465,1.1113,0.49985,True,0.50015,False
2017-07-27,Public dataset: NREL PVDAQ (Photovoltaic Data Acquisition) via OEDI data lake,236.0,True,7.3392,8.2154,0.89335,33.37,0.17,253.31408,0.93165,True,0.88026,222.98173,1.05838,0.49985,True,0.50015,False
2017-07-28,Public dataset: NREL PVDAQ (Photovoltaic Data Acquisition) via OEDI data lake,111.0,True,8.1684,8.4365,0.96822,34.18,0.0,277.59129,0.39987,True,0.88026,244.35384,0.45426,0.49985,True,0.50015,False
2017-07-29,Public dataset: NREL PVDAQ (Photovoltaic Data Acquisition) via OEDI data lake,108.0,True,7.2086,7.9836,0.90293,32.97,0.54,247.88811,0.43568,True,0.88027,218.20887,0.49494,0.4909,True,0.5091,False
2017-07-30,Public dataset: NREL PVDAQ (Photovoltaic Data Acquisition) via OEDI data lake,101.0,True,7.0022,8.028,0.87222,33.57,0.01,238.71312,0.4231,True,0.88028,210.13403,0.48065,0.48685,True,0.51315,False
2017-07-31,Public dataset: NREL PVDAQ (Photovoltaic Data Acquisition) via OEDI data lake,106.0,True,7.2554,8.0143,0.90531,34.42,0.5,250.17583,0.4237,True,0.88029,220.22613,0.48132,0.48685,True,0.51315,False
2017-08-01,Public dataset: NREL PVDAQ (Photovoltaic Data Acquisition) via OEDI data lake,107.0,True,7.3442,8.1341,0.90289,35.91,0.01,249.66595,0.42857,True,0.88029,219.779,0.48685,0.48409,True,0.51591,False
2017-08-02,Public dataset: NREL PVDAQ (Photovoltaic Data Acquisition) via OEDI data lake,109.0,True,7.1167,7.7083,0.92325,33.85,0.16,245.30906,0.44434,True,0.8803,215.94534,0.50476,0.48132,True,0.51868,False
2017-08-03,Public dataset: NREL PVDAQ (Photovoltaic Data Acquisition) via OEDI data lake,96.0,True,6.3929,7.6618,0.83439,30.85,1.21,230.47886,0.41652,False,0.88031,202.89191,0.47316,0.48098,True,0.51902,False
2017-08-04,Public dataset: NREL PVDAQ (Photovoltaic Data Acquisition) via OEDI data lake,64.0,True,3.9005,7.4827,0.52127,30.15,3.5,141.78383,0.45139,False,0.88031,124.81412,0.51276,0.48065,True,0.51935,False
2017-08-05,Public dataset: NREL PVDAQ (Photovoltaic Data Acquisition) via OEDI data lake,104.0,True,7.1592,7.4306,0.96348,30.76,0.33,255.40901,0.40719,True,0.88032,224.84158,0.46255,0.48065,True,0.51935,False
2017-08-06,Public dataset: NREL PVDAQ (Photovoltaic Data Acquisition) via OEDI data lake,99.0,True,6.1486,7.4988,0.81994,32.2,0.0,216.82749,0.45658,False,0.88033,190.87899,0.51865,0.47078,True,0.52922,False
2017-08-07,Public dataset: NREL PVDAQ (Photovoltaic Data Acquisition) via OEDI data lake,108.0,True,6.8342,7.6882,0.88892,33.36,0.0,238.89733,0.45208,True,0.88033,210.3093,0.51353,0.47078,True,0.52922,False
2017-08-08,Public dataset: NREL PVDAQ (Photovoltaic Data Acquisition) via OEDI data lake,105.0,True,7.7314,8.0119,0.96499,33.58,0.0,267.41197,0.39265,True,0.88034,235.41353,0.44602,0.46255,True,0.53745,False
2017-08-09,Public dataset: NREL PVDAQ (Photovoltaic Data Acquisition) via OEDI data lake,101.0,True,7.9541,8.1278,0.97863,33.71,0.0,273.77733,0.36891,True,0.88035,241.01909,0.41905,0.46255,True,0.53745,False
2017-08-10,Public dataset: NREL PVDAQ (Photovoltaic Data Acquisition) via OEDI data lake,109.0,True,8.075,8.1624,0.98929,34.04,0.0,276.77557,0.39382,True,0.88035,243.66048,0.44734,0.46041,True,0.53959,False
2017-08-11,Public dataset: NREL PVDAQ (Photovoltaic Data Acquisition) via OEDI data lake,81.0,True,6.4915,7.7609,0.83644,33.53,0.82,223.73833,0.36203,False,0.88036,196.97047,0.41123,0.46148,True,0.53852,False
2017-08-12,Public dataset: NREL PVDAQ (Photovoltaic Data Acquisition) via OEDI data lake,103.0,True,7.1429,7.9663,0.89664,34.71,2.18,248.51457,0.41446,True,0.88037,218.7842,0.47078,0.46041,True,0.53959,False
2017-08-13,Public dataset: NREL PVDAQ (Photovoltaic Data Acquisition) via OEDI data lake,108.0,True,8.0398,8.1233,0.98972,32.61,0.03,279.40726,0.38653,True,0.88037,245.98305,0.43905,0.46041,True,0.53959,False
2017-08-14,Public dataset: NREL PVDAQ (Photovoltaic Data Acquisition) via OEDI data lake,111.0,True,7.5569,7.9944,0.94527,31.09,0.0,262.05134,0.42358,True,0.88038,230.70514,0.48113,0.46041,True,0.53959,False
2017-08-15,Public dataset: NREL PVDAQ (Photovoltaic Data Acquisition) via OEDI data lake,109.0,True,7.5096,7.6649,0.97974,29.91,0.0,269.71052,0.40414,True,0.88039,237.44999,0.45904,0.46041,True,0.53959,False
2017-08-16,Public dataset: NREL PVDAQ (Photovoltaic Data Acquisition) via OEDI data lake,110.0,True,7.5715,7.6418,0.9908,30.1,0.0,269.3492,0.40839,True,0.88,237.02722,0.46408,0.46225,True,0.53775,False
2017-08-17,Public dataset: NREL PVDAQ (Photovoltaic Data Acquisition) via OEDI data lake,107.0,True,7.507,7.8127,0.96087,31.9,0.0,264.20957,0.40498,True,0.87961,232.40167,0.46041,0.46225,True,0.53775,False
2017-08-18,Public dataset: NREL PVDAQ (Photovoltaic Data Acquisition) via OEDI data lake,107.0,True,7.3188,7.649,0.95683,32.33,0.0,256.11633,0.41778,True,0.87922,225.18323,0.47517,0.46489,True,0.53511,False
2017-08-19,Public dataset: NREL PVDAQ (Photovoltaic Data Acquisition) via OEDI data lake,108.0,True,7.693,7.7362,0.99442,32.29,0.0,269.82616,0.40026,True,0.87883,237.13237,0.45544,0.4657,True,0.5343,False
2017-08-20,Public dataset: NREL PVDAQ (Photovoltaic Data Acquisition) via OEDI data lake,106.0,True,7.3642,7.4966,0.98234,32.32,0.0,259.11023,0.40909,True,0.87845,227.61415,0.4657,0.46489,True,0.53511,False
2017-08-21,Public dataset: NREL PVDAQ (Photovoltaic Data Acquisition) via OEDI data lake,72.0,True,4.7501,7.1484,0.6645,30.48,1.2,175.36556,0.41057,False,0.87806,153.98089,0.46759,0.4657,True,0.5343,False
2017-08-22,Public dataset: NREL PVDAQ (Photovoltaic Data Acquisition) via OEDI data lake,107.0,True,6.906,7.4064,0.93244,31.07,0.0,248.56552,0.43047,True,0.87767,218.15801,0.49047,0.46489,True,0.53511,False
2017-08-23,Public dataset: NREL PVDAQ (Photovoltaic Data Acquisition) via OEDI data lake,57.0,True,5.5963,7.4107,0.75516,33.08,0.47,193.78493,0.29414,False,0.87728,170.00353,0.33529,0.4657,True,0.5343,False
2017-08-24,Public dataset: NREL PVDAQ (Photovoltaic Data Acquisition) via OEDI data lake,88.0,True,6.3281,7.2043,0.87838,28.22,5.33,234.58363,0.37513,True,0.87689,205.70424,0.4278,0.4657,True,0.5343,False
2017-08-25,Public dataset: NREL PVDAQ (Photovoltaic Data Acquisition) via OEDI data lake,103.0,True,6.6161,7.278,0.90905,31.31,0.0,236.59081,0.43535,True,0.8765,207.37237,0.49669,0.47517,True,0.52483,False
2017-08-26,Public dataset: NREL PVDAQ (Photovoltaic Data Acquisition) via OEDI data lake,102.0,True,6.4498,7.2874,0.88506,33.92,0.08,229.30464,0.44482,True,0.87611,200.89692,0.50772,0.4657,True,0.5343,False
2017-08-27,Public dataset: NREL PVDAQ (Photovoltaic Data Acquisition) via OEDI data lake,104.0,True,5.9052,7.3414,0.80437,35.24,0.0,207.33185,0.50161,False,0.87573,181.56569,0.5728,0.4657,True,0.5343,False
2017-08-28,Public dataset: NREL PVDAQ (Photovoltaic Data Acquisition) via OEDI data lake,96.0,True,6.0806,7.2958,0.83344,35.46,0.03,212.75053,0.45123,False,0.87534,186.22828,0.5155,0.47981,True,0.52019,False
2017-08-29,Public dataset: NREL PVDAQ (Photovoltaic Data Acquisition) via OEDI data lake,87.0,True,5.3549,6.9122,0.7747,34.2,0.95,188.27687,0.46209,False,0.87495,164.73243,0.52813,0.47981,True,0.52019,False
2017-08-30,Public dataset: NREL PVDAQ (Photovoltaic Data Acquisition) via OEDI data lake,85.0,True,5.1408,6.8402,0.75156,34.14,0.18,184.17958,0.46151,False,0.87456,161.07594,0.5277,0.47122,True,0.52878,False
2017-08-31,Public dataset: NREL PVDAQ (Photovoltaic Data Acquisition) via OEDI data lake,86.0,True,5.9844,6.7222,0.89024,31.11,0.51,219.72348,0.3914,True,0.87417,192.0758,0.44774,0.47981,True,0.52019,False
2017-09-01,Public dataset: NREL PVDAQ (Photovoltaic Data Acquisition) via OEDI data lake,101.0,True,6.6542,6.8222,0.97537,32.75,0.17,240.09057,0.42067,True,0.87378,209.78681,0.48144,0.48063,True,0.51937,False
2017-09-02,Public dataset: NREL PVDAQ (Photovoltaic Data Acquisition) via OEDI data lake,98.0,True,6.7702,6.9602,0.9727,33.36,0.61,242.5423,0.40405,True,0.87339,211.83483,0.46262,0.47981,True,0.52019,False
2017-09-03,Public dataset: NREL PVDAQ (Photovoltaic Data Acquisition) via OEDI data lake,88.0,True,6.1392,6.57,0.93443,33.05,0.01,223.94912,0.39295,True,0.873,195.50865,0.45011,0.47981,True,0.52019,False
2017-09-04,Public dataset: NREL PVDAQ (Photovoltaic Data Acquisition) via OEDI data lake,94.0,True,6.1471,6.822,0.90107,33.72,0.02,224.50969,0.41869,True,0.87262,195.91078,0.47981,0.48063,True,0.51937,False
2017-09-05,Public dataset: NREL PVDAQ (Photovoltaic Data Acquisition) via OEDI data lake,94.0,True,5.3762,6.5774,0.81737,34.12,0.02,195.21272,0.48153,False,0.87223,170.26991,0.55206,0.48144,True,0.51856,False
2017-09-06,Public dataset: NREL PVDAQ (Photovoltaic Data Acquisition) via OEDI data lake,165.0,True,4.6354,6.623,0.69989,32.26,0.79,172.26309,0.95784,False,0.87184,150.18567,1.09864,0.48144,True,0.51856,False
2017-09-07,Public dataset: NREL PVDAQ (Photovoltaic Data Acquisition) via OEDI data lake,140.0,True,5.7118,6.6029,0.86504,31.19,1.8,204.53247,0.68449,True,0.87145,178.23989,0.78546,0.63345,True,0.36655,False
2017-09-08,Public dataset: NREL PVDAQ (Photovoltaic Data Acquisition) via OEDI data lake,85.0,True,4.1518,6.4601,0.64268,27.97,1.38,153.80846,0.55264,False,0.87106,133.97666,0.63444,0.9058,True,0.0942,False
2017-09-09,Public dataset: NREL PVDAQ (Photovoltaic Data Acquisition) via OEDI data lake,165.0,True,5.2673,6.5928,0.79895,24.07,11.16,203.4107,0.81117,False,0.87067,177.10422,0.93165,1.01996,False,0.0,False
2017-09-10,Public dataset: NREL PVDAQ (Photovoltaic Data Acquisition) via OEDI data lake,216.0,True,6.4258,6.5587,0.97974,27.76,0.01,241.87311,0.89303,True,0.87028,210.49842,1.02614,1.04574,False,0.0,False
2017-09-11,Public dataset: NREL PVDAQ (Photovoltaic Data Acquisition) via OEDI data lake,201.0,True,5.6815,6.5378,0.86902,31.16,0.02,208.68448,0.96318,True,0.8699,181.53377,1.10723,1.05382,False,0.0,False
2017-09-12,Public dataset: NREL PVDAQ (Photovoltaic Data Acquisition) via OEDI data lake,216.0,True,6.0461,6.5446,0.92383,31.61,0.0,221.2257,0.97638,True,0.86951,192.35735,1.12291,1.05491,False,0.0,False
2017-09-13,Public dataset: NREL PVDAQ (Photovoltaic Data Acquisition) via OEDI data lake,192.0,True,5.0527,6.5678,0.76931,30.67,0.38,185.8712,1.03297,False,0.86912,161.54413,1.18853,1.04448,False,0.0,False
2017-09-14,Public dataset: NREL PVDAQ (Photovoltaic Data Acquisition) via OEDI data lake,225.0,True,6.3722,6.8014,0.9369,25.62,0.02,242.47286,0.92794,True,0.86873,210.64345,1.06816,1.05491,False,0.0,False
2017-09-15,Public dataset: NREL PVDAQ (Photovoltaic Data Acquisition) via OEDI data lake,210.0,True,5.8776,6.4733,0.90798,25.51,0.05,223.66359,0.93891,True,0.86834,194.21636,1.08127,1.05491,False,0.0,False
2017-09-16,Public dataset: NREL PVDAQ (Photovoltaic Data Acquisition) via OEDI data lake,214.0,True,6.3622,6.4906,0.98022,25.67,0.0,243.16635,0.88006,True,0.8681,211.09169,1.01378,1.05491,False,0.0,False
2017-09-17,Public dataset: NREL PVDAQ (Photovoltaic Data Acquisition) via OEDI data lake,212.0,True,6.0094,6.3341,0.94874,27.08,0.0,229.29835,0.92456,True,0.86785,198.99662,1.06534,1.04448,False,0.0,False
2017-09-18,Public dataset: NREL PVDAQ (Photovoltaic Data Acquisition) via OEDI data lake,221.0,True,6.427,6.5066,0.98777,26.45,0.0,244.38974,0.90429,True,0.8676,212.03366,1.04229,1.04448,False,0.0,False
2017-09-19,Public dataset: NREL PVDAQ (Photovoltaic Data Acquisition) via OEDI data lake,212.0,True,6.0444,6.5474,0.92318,24.95,0.0,234.01052,0.90594,True,0.86736,202.97112,1.04448,1.04229,False,0.0,False
2017-09-20,Public dataset: NREL PVDAQ (Photovoltaic Data Acquisition) via OEDI data lake,220.0,True,6.4315,6.461,0.99543,24.81,0.0,247.08694,0.89037,True,0.86711,214.25238,1.02683,1.03047,False,0.0,False
2017-09-21,Public dataset: NREL PVDAQ (Photovoltaic Data Acquisition) via OEDI data lake,223.0,True,5.4178,6.3502,0.85317,21.35,0.0,208.36704,1.07023,True,0.86687,180.62666,1.23459,1.02865,False,0.0,False
2017-09-22,Public dataset: NREL PVDAQ (Photovoltaic Data Acquisition) via OEDI data lake,226.0,True,6.3449,6.4922,0.97731,18.02,0.0,253.07238,0.89303,True,0.86662,219.31812,1.03047,1.0242,False,0.0,False
2017-09-23,Public dataset: NREL PVDAQ (Photovoltaic Data Acquisition) via OEDI data lake,207.0,True,5.3345,6.4409,0.82822,17.3,0.0,215.11906,0.96226,False,0.86638,186.3741,1.11067,1.0242,False,0.0,False
2017-09-24,Public dataset: NREL PVDAQ (Photovoltaic Data Acquisition) via OEDI data lake,223.0,True,6.4714,6.4987,0.9958,17.24,0.0,260.40502,0.85636,True,0.86613,225.54482,0.98872,1.0242,False,0.0,False
2017-09-25,Public dataset: NREL PVDAQ (Photovoltaic Data Acquisition) via OEDI data lake,222.0,True,6.3036,6.3622,0.99079,18.74,0.0,251.49978,0.8827,True,0.86589,217.76995,1.01942,1.0205,False,0.0,False
2017-09-26,Public dataset: NREL PVDAQ (Photovoltaic Data Acquisition) via OEDI data lake,201.0,True,5.7151,6.2081,0.92059,19.69,0.0,231.03456,0.87,True,0.86564,199.99268,1.00504,1.01942,False,0.0,False
2017-09-27,Public dataset: NREL PVDAQ (Photovoltaic Data Acquisition) via OEDI data lake,211.0,True,6.0293,6.0701,0.99328,21.81,0.0,238.66905,0.88407,True,0.86539,206.54277,1.02158,1.01571,False,0.0,False
2017-09-28,Public dataset: NREL PVDAQ (Photovoltaic Data Acquisition) via OEDI data lake,208.0,True,5.9904,6.0226,0.99465,22.95,0.0,237.56993,0.87553,True,0.86515,205.53325,1.012,1.012,False,0.0,False
2017-09-29,Public dataset: NREL PVDAQ (Photovoltaic Data Acquisition) via OEDI data lake,201.0,True,5.8519,5.9422,0.9848,24.46,0.0,230.42321,0.87231,True,0.8649,199.29368,1.00856,1.01028,False,0.0,False
2017-09-30,Public dataset: NREL PVDAQ (Photovoltaic Data Acquisition) via OEDI data lake,207.0,True,5.952,5.9892,0.99379,25.54,0.0,231.84375,0.89284,True,0.86466,200.46536,1.0326,1.00856,False,0.0,False
2017-10-01,Public dataset: NREL PVDAQ (Photovoltaic Data Acquisition) via OEDI data lake,200.0,True,5.8764,5.9378,0.98966,24.51,0.0,231.42974,0.86419,True,0.86441,200.05054,0.99975,1.00856,False,0.0,False
2017-10-02,Public dataset: NREL PVDAQ (Photovoltaic Data Acquisition) via OEDI data lake,212.0,True,6.0586,6.0792,0.99661,19.31,0.0,246.62533,0.8596,True,0.86417,213.12521,0.99472,1.01028,False,0.0,False
2017-10-03,Public dataset: NREL PVDAQ (Photovoltaic Data Acquisition) via OEDI data lake,,False,5.789,5.8162,0.99532,19.9,0.0,233.79642,,False,0.86392,201.98148,,1.00856,False,0.0,False
2017-10-04,Public dataset: NREL PVDAQ (Photovoltaic Data Acquisition) via OEDI data lake,,False,5.9266,5.9542,0.99536,20.2,0.0,241.48033,,False,0.86367,208.56045,,1.01028,False,0.0,False
2017-10-05,Public dataset: NREL PVDAQ (Photovoltaic Data Acquisition) via OEDI data lake,,False,5.903,5.9345,0.99469,21.51,0.0,238.3664,,False,0.86343,205.81248,,1.00856,False,0.0,False
2017-10-06,Public dataset: NREL PVDAQ (Photovoltaic Data Acquisition) via OEDI data lake,,False,5.7715,5.7977,0.99548,20.92,0.0,235.257,,False,0.86318,203.06995,,1.00415,False,0.0,False
2017-10-07,Public dataset: NREL PVDAQ (Photovoltaic Data Acquisition) via OEDI data lake,,False,5.6431,5.7,0.99002,21.89,0.0,227.95443,,False,0.86294,196.7105,,1.00425,False,0.0,False
2017-10-08,Public dataset: NREL PVDAQ (Photovoltaic Data Acquisition) via OEDI data lake,,False,5.6321,5.6686,0.99356,22.92,0.0,227.51782,,False,0.86269,196.27786,,1.00434,False,0.0,False
2017-10-09,Public dataset: NREL PVDAQ (Photovoltaic Data Acquisition) via OEDI data lake,,False,5.7269,5.7593,0.99437,15.89,0.0,241.28205,,False,0.86245,208.09288,,1.00444,False,0.0,False
2017-10-10,Public dataset: NREL PVDAQ (Photovoltaic Data Acquisition) via OEDI data lake,,False,5.5531,5.5997,0.99168,17.27,0.0,232.32771,,False,0.8622,200.31318,,1.00453,False,0.0,False
2017-10-11,Public dataset: NREL PVDAQ (Photovoltaic Data Acquisition) via OEDI data lake,,False,5.3825,5.4235,0.99244,20.33,0.0,221.96537,,False,0.86196,191.32424,,1.00462,False,0.0,False
2017-10-12,Public dataset: NREL PVDAQ (Photovoltaic Data Acquisition) via OEDI data lake,,False,5.471,5.4989,0.99493,20.91,0.0,225.73416,,False,0.86171,194.51733,,1.00472,False,0.0,False
2017-10-13,Public dataset: NREL PVDAQ (Photovoltaic Data Acquisition) via OEDI data lake,,False,5.3561,5.417,0.98876,20.52,0.0,222.10066,,False,0.86146,191.33175,,1.00481,False,0.0,False
2017-10-14,Public dataset: NREL PVDAQ (Photovoltaic Data Acquisition) via OEDI data lake,,False,5.5906,5.6208,0.99463,17.76,0.0,235.16619,,False,0.86122,202.52947,,1.0049,False,0.0,False
2017-10-15,Public dataset: NREL PVDAQ (Photovoltaic Data Acquisition) via OEDI data lake,,False,5.3587,5.3854,0.99504,16.78,0.0,227.03934,,False,0.86097,195.47472,,1.005,False,0.0,False
2017-10-16,Public dataset: NREL PVDAQ (Photovoltaic Data Acquisition) via OEDI data lake,,False,5.0479,5.1713,0.97614,20.1,0.0,209.63316,,False,0.86068,180.4273,,1.00509,False,0.0,False
2017-10-17,Public dataset: NREL PVDAQ (Photovoltaic Data Acquisition) via OEDI data lake,,False,4.8583,5.0254,0.96675,22.84,0.0,199.98323,,False,0.86039,172.06346,,1.00518,False,0.0,False
2017-10-18,Public dataset: NREL PVDAQ (Photovoltaic Data Acquisition) via OEDI data lake,,False,3.4082,4.7532,0.71703,20.74,0.0,137.4858,,False,0.8601,118.25122,,1.00528,False,0.0,False
2017-10-19,Public dataset: NREL PVDAQ (Photovoltaic Data Acquisition) via OEDI data lake,,False,4.7119,4.8314,0.97527,23.56,0.01,196.13363,,False,0.85981,168.63686,,1.00537,False,0.0,False
2017-10-20,Public dataset: NREL PVDAQ (Photovoltaic Data Acquisition) via OEDI data lake,,False,4.7719,5.0124,0.95202,19.07,0.02,202.425,,False,0.85951,173.98716,,1.00547,False,0.0,False
2017-10-21,Public dataset: NREL PVDAQ (Photovoltaic Data Acquisition) via OEDI data lake,,False,4.9524,4.9834,0.99378,16.08,0.0,214.94276,,False,0.85922,184.68364,,1.00556,False,0.0,False
2017-10-22,Public dataset: NREL PVDAQ (Photovoltaic Data Acquisition) via OEDI data lake,,False,4.8326,4.8667,0.99299,19.65,0.0,206.51749,,False,0.85893,177.38421,,1.00565,False,0.0,False
2017-10-23,Public dataset: NREL PVDAQ (Photovoltaic Data Acquisition) via OEDI data lake,,False,4.7868,4.8182,0.99348,22.45,0.0,201.42902,,False,0.85864,172.9548,,1.00575,False,0.0,False
2017-10-24,Public dataset: NREL PVDAQ (Photovoltaic Data Acquisition) via OEDI data lake,,False,4.7623,4.7894,0.99434,21.85,0.0,202.61344,,False,0.85835,173.91268,,1.00584,False,0.0,False
2017-10-25,Public dataset: NREL PVDAQ (Photovoltaic Data Acquisition) via OEDI data lake,,False,4.7839,4.8036,0.9959,21.61,0.0,203.93754,,False,0.85806,174.98972,,1.00593,False,0.0,False
2017-10-26,Public dataset: NREL PVDAQ (Photovoltaic Data Acquisition) via OEDI data lake,,False,4.6795,4.7258,0.9902,22.17,0.0,199.66202,,False,0.85776,171.26283,,1.00603,False,0.0,False
2017-10-27,Public dataset: NREL PVDAQ (Photovoltaic Data Acquisition) via OEDI data lake,,False,4.7546,4.7779,0.99512,19.94,0.0,204.07581,,False,0.85747,174.98928,,1.00612,False,0.0,False
2017-10-28,Public dataset: NREL PVDAQ (Photovoltaic Data Acquisition) via OEDI data lake,,False,4.5377,4.555,0.9962,20.27,0.0,194.62143,,False,0.85718,166.82564,,1.00561,False,0.0,False
2017-10-29,Public dataset: NREL PVDAQ (Photovoltaic Data Acquisition) via OEDI data lake,,False,4.4758,4.5072,0.99303,21.43,0.0,191.55082,,False,0.85689,164.13769,,1.00571,False,0.0,False
2017-10-30,Public dataset: NREL PVDAQ (Photovoltaic Data Acquisition) via OEDI data lake,,False,4.0358,4.4256,0.91192,22.33,0.0,172.57297,,False,0.8566,147.82544,,1.00581,False,0.0,False
2017-10-31,Public dataset: NREL PVDAQ (Photovoltaic Data Acquisition) via OEDI data lake,,False,4.2794,4.3159,0.99154,20.3,0.0,185.43105,,False,0.8563,158.78553,,1.00592,False,0.0,False
2017-11-01,Public dataset: NREL PVDAQ (Photovoltaic Data Acquisition) via OEDI data lake,,False,4.2542,4.2756,0.99499,18.4,0.0,186.07218,,False,0.85601,159.28025,,1.00602,False,0.0,False
2017-11-02,Public dataset: NREL PVDAQ (Photovoltaic Data Acquisition) via OEDI data lake,,False,3.9576,4.2511,0.93096,17.49,0.0,172.77275,,False,0.85572,147.84536,,1.00613,False,0.0,False
2017-11-03,Public dataset: NREL PVDAQ (Photovoltaic Data Acquisition) via OEDI data lake,,False,3.8376,4.243,0.90445,15.4,0.0,170.16714,,False,0.85543,145.56603,,1.00623,False,0.0,False
2017-11-04,Public dataset: NREL PVDAQ (Photovoltaic Data Acquisition) via OEDI data lake,,False,4.0104,4.1791,0.95963,17.27,0.0,176.94658,,False,0.85514,151.31374,,1.00633,False,0.0,False
2017-11-05,Public dataset: NREL PVDAQ (Photovoltaic Data Acquisition) via OEDI data lake,,False,4.1412,4.1964,0.98685,16.04,0.0,185.26979,,False,0.85485,158.37719,,,False,0.0,False
2017-11-06,Public dataset: NREL PVDAQ (Photovoltaic Data Acquisition) via OEDI data lake,,False,3.4704,4.2187,0.82262,16.01,0.0,154.86775,,False,0.85455,132.34294,,,False,0.0,False
2017-11-07,Public dataset: NREL PVDAQ (Photovoltaic Data Acquisition) via OEDI data lake,,False,4.2137,4.2694,0.98695,16.55,0.0,189.97209,,False,0.85426,162.28609,,,False,0.0,False
2017-11-08,Public dataset: NREL PVDAQ (Photovoltaic Data Acquisition) via OEDI data lake,,False,3.9257,4.1868,0.93764,14.06,0.0,178.33551,,False,0.85397,152.29336,,,False,0.0,False
2017-11-09,Public dataset: NREL PVDAQ (Photovoltaic Data Acquisition) via OEDI data lake,,False,4.0682,4.1117,0.98942,16.91,0.0,182.2923,,False,0.85368,155.61916,,,False,0.0,False
2017-11-10,Public dataset: NREL PVDAQ (Photovoltaic Data Acquisition) via OEDI data lake,,False,3.8381,4.0896,0.9385,16.61,0.0,172.9995,,False,0.85339,147.63561,,,False,0.0,False
2017-11-11,Public dataset: NREL PVDAQ (Photovoltaic Data Acquisition) via OEDI data lake,,False,4.0116,4.1136,0.9752,16.86,0.0,181.35814,,False,0.8531,154.71587,,,False,0.0,False
2017-11-12,Public dataset: NREL PVDAQ (Photovoltaic Data Acquisition) via OEDI data lake,,False,1.9548,3.8489,0.50789,15.07,0.0,80.45549,,False,0.8528,68.61277,,,False,0.0,False
2017-11-13,Public dataset: NREL PVDAQ (Photovoltaic Data Acquisition) via OEDI data lake,,False,3.2354,3.9701,0.81494,15.69,0.0,144.03657,,False,0.85251,122.79295,,,False,0.0,False
2017-11-14,Public dataset: NREL PVDAQ (Photovoltaic Data Acquisition) via OEDI data lake,,False,3.2923,3.8782,0.84892,16.25,0.0,149.89981,,False,0.85222,127.7477,,,False,0.0,False
2017-11-15,Public dataset: NREL PVDAQ (Photovoltaic Data Acquisition) via OEDI data lake,,False,3.1291,3.7874,0.82619,15.93,0.0,142.65709,,False,0.85193,121.53369,,,False,0.0,False
2017-11-16,Public dataset: NREL PVDAQ (Photovoltaic Data Acquisition) via OEDI data lake,,False,2.3515,3.6674,0.64119,18.45,0.0,98.07405,,False,0.85147,83.50681,,,False,0.0,False
2017-11-17,Public dataset: NREL PVDAQ (Photovoltaic Data Acquisition) via OEDI data lake,,False,3.4162,3.775,0.90495,17.81,0.0,157.27502,,False,0.85101,133.84186,,,False,0.0,False
2017-11-18,Public dataset: NREL PVDAQ (Photovoltaic Data Acquisition) via OEDI data lake,,False,3.882,3.9089,0.99312,9.67,0.0,185.36593,,False,0.85054,157.66177,,,False,0.0,False
2017-11-19,Public dataset: NREL PVDAQ (Photovoltaic Data Acquisition) via OEDI data lake,,False,3.7442,3.8582,0.97045,10.38,0.0,176.37377,,False,0.85008,149.93209,,,False,0.0,False
2017-11-20,Public dataset: NREL PVDAQ (Photovoltaic Data Acquisition) via OEDI data lake,,False,2.8824,3.623,0.79558,12.71,0.0,128.96749,,False,0.84962,109.57333,,,False,0.0,False
2017-11-21,Public dataset: NREL PVDAQ (Photovoltaic Data Acquisition) via OEDI data lake,,False,2.8435,3.5102,0.81007,17.03,0.0,125.86396,,False,0.84916,106.87838,,,False,0.0,False
2017-11-22,Public dataset: NREL PVDAQ (Photovoltaic Data Acquisition) via OEDI data lake,,False,3.4666,3.4942,0.9921,18.22,0.0,159.10131,,False,0.8487,135.02867,,,False,0.0,False
2017-11-23,Public dataset: NREL PVDAQ (Photovoltaic Data Acquisition) via OEDI data lake,,False,2.951,3.5098,0.84079,19.22,0.0,132.67197,,False,0.84823,112.53692,,,False,0.0,False
2017-11-24,Public dataset: NREL PVDAQ (Photovoltaic Data Acquisition) via OEDI data lake,,False,3.0962,3.403,0.90984,18.42,0.0,140.73725,,False,0.84777,119.31318,,,False,0.0,False
2017-11-25,Public dataset: NREL PVDAQ (Photovoltaic Data Acquisition) via OEDI data lake,,False,3.3854,3.4517,0.98079,18.21,0.0,156.69844,,False,0.84731,132.77227,,,False,0.0,False
2017-11-26,Public dataset: NREL PVDAQ (Photovoltaic Data Acquisition) via OEDI data lake,,False,3.2297,3.4788,0.92839,17.96,0.0,149.22693,,False,0.84685,126.37267,,,False,0.0,False
2017-11-27,Public dataset: NREL PVDAQ (Photovoltaic Data Acquisition) via OEDI data lake,,False,2.8733,3.4903,0.82322,14.61,0.07,130.36904,,False,0.84639,110.34268,,,False,0.0,False
2017-11-28,Public dataset: NREL PVDAQ (Photovoltaic Data Acquisition) via OEDI data lake,,False,3.4548,3.5909,0.9621,11.31,0.0,164.64279,,False,0.84593,139.2755,,,False,0.0,False
2017-11-29,Public dataset: NREL PVDAQ (Photovoltaic Data Acquisition) via OEDI data lake,,False,3.2393,3.4666,0.93443,13.28,0.0,154.15529,,False,0.84546,130.33267,,,False,0.0,False
2017-11-30,Public dataset: NREL PVDAQ (Photovoltaic Data Acquisition) via OEDI data lake,,False,3.3552,3.3919,0.98918,13.13,0.0,160.14847,,False,0.845,135.32573,,,False,0.0,False
2017-12-01,Public dataset: NREL PVDAQ (Photovoltaic Data Acquisition) via OEDI data lake,,False,3.3168,3.3799,0.98133,13.87,0.0,157.22765,,False,0.84454,132.78502,,,False,0.0,False
2017-12-02,Public dataset: NREL PVDAQ (Photovoltaic Data Acquisition) via OEDI data lake,,False,3.1356,3.4272,0.91492,13.77,0.0,148.20191,,False,0.84408,125.09398,,,False,0.0,False
2017-12-03,Public dataset: NREL PVDAQ (Photovoltaic Data Acquisition) via OEDI data lake,,False,2.7151,3.4498,0.78703,14.38,0.0,124.58406,,False,0.84362,105.10114,,,False,0.0,False
2017-12-04,Public dataset: NREL PVDAQ (Photovoltaic Data Acquisition) via OEDI data lake,,False,2.9014,3.4915,0.83099,7.88,0.0,139.05456,,False,0.84315,117.24447,,,False,0.0,False
2017-12-05,Public dataset: NREL PVDAQ (Photovoltaic Data Acquisition) via OEDI data lake,,False,3.4634,3.499,0.98983,6.47,0.0,173.30819,,False,0.84269,146.04553,,,False,0.0,False
2017-12-06,Public dataset: NREL PVDAQ (Photovoltaic Data Acquisition) via OEDI data lake,,False,3.3758,3.402,0.9923,8.08,0.0,167.39496,,False,0.84223,140.9852,,,False,0.0,False
2017-12-07,Public dataset: NREL PVDAQ (Photovoltaic Data Acquisition) via OEDI data lake,,False,3.3823,3.4222,0.98834,8.29,0.0,167.7156,,False,0.84177,141.17779,,,False,0.0,False
2017-12-08,Public dataset: NREL PVDAQ (Photovoltaic Data Acquisition) via OEDI data lake,,False,3.3576,3.3811,0.99305,9.04,0.0,165.21064,,False,0.84131,138.9929,,,False,0.0,False
2017-12-09,Public dataset: NREL PVDAQ (Photovoltaic Data Acquisition) via OEDI data lake,,False,3.3386,3.3816,0.98728,9.17,0.0,164.39093,,False,0.84085,138.22735,,,False,0.0,False
2017-12-10,Public dataset: NREL PVDAQ (Photovoltaic Data Acquisition) via OEDI data lake,,False,3.2107,3.3139,0.96886,9.97,0.0,156.04345,,False,0.84038,131.13636,,,False,0.0,False
2017-12-11,Public dataset: NREL PVDAQ (Photovoltaic Data Acquisition) via OEDI data lake,,False,3.1709,3.3065,0.95899,9.65,0.0,154.72713,,False,0.83992,129.95869,,,False,0.0,False
2017-12-12,Public dataset: NREL PVDAQ (Photovoltaic Data Acquisition) via OEDI data lake,,False,3.1942,3.2513,0.98244,10.48,0.0,155.47528,,False,0.83946,130.51527,,,False,0.0,False
2017-12-13,Public dataset: NREL PVDAQ (Photovoltaic Data Acquisition) via OEDI data lake,,False,3.1735,3.246,0.97766,11.67,0.0,153.36404,,False,0.839,128.67214,,,False,0.0,False
2017-12-14,Public dataset: NREL PVDAQ (Photovoltaic Data Acquisition) via OEDI data lake,,False,3.2786,3.3084,0.99099,10.68,0.0,160.91045,,False,0.83854,134.92926,,,False,0.0,False
2017-12-15,Public dataset: NREL PVDAQ (Photovoltaic Data Acquisition) via OEDI data lake,,False,3.1486,3.2141,0.97962,9.13,0.0,154.03508,,False,0.83807,129.09288,,,False,0.0,False
2017-12-16,Public dataset: NREL PVDAQ (Photovoltaic Data Acquisition) via OEDI data lake,,False,2.0554,3.0365,0.6769,9.08,0.0,91.45184,,False,0.84024,76.84146,,,False,0.0,False
2017-12-17,Public dataset: NREL PVDAQ (Photovoltaic Data Acquisition) via OEDI data lake,,False,3.1843,3.2004,0.99497,7.12,0.0,159.46394,,False,0.8424,134.33319,,,False,0.0,False
2017-12-18,Public dataset: NREL PVDAQ (Photovoltaic Data Acquisition) via OEDI data lake,,False,2.8951,3.1978,0.90534,7.54,0.0,142.20678,,False,0.84457,120.10357,,,False,0.0,False
2017-12-19,Public dataset: NREL PVDAQ (Photovoltaic Data Acquisition) via OEDI data lake,,False,3.1435,3.1805,0.98837,9.93,0.0,154.0675,,False,0.84674,130.45436,,,False,0.0,False
2017-12-20,Public dataset: NREL PVDAQ (Photovoltaic Data Acquisition) via OEDI data lake,,False,2.9772,3.1284,0.95167,9.13,0.04,142.77271,,False,0.8489,121.19979,,,False,0.0,False
2017-12-21,Public dataset: NREL PVDAQ (Photovoltaic Data Acquisition) via OEDI data lake,,False,3.1742,3.3439,0.94925,4.49,0.0,161.69356,,False,0.85107,137.6118,,,False,0.0,False
2017-12-22,Public dataset: NREL PVDAQ (Photovoltaic Data Acquisition) via OEDI data lake,,False,2.8183,3.2782,0.85971,4.63,0.0,139.52302,,False,0.85323,119.0453,,,False,0.0,False
2017-12-23,Public dataset: NREL PVDAQ (Photovoltaic Data Acquisition) via OEDI data lake,,False,2.555,3.2026,0.79779,6.33,0.0,121.09062,,False,0.8554,103.58039,,,False,0.0,False
2017-12-24,Public dataset: NREL PVDAQ (Photovoltaic Data Acquisition) via OEDI data lake,,False,2.0981,3.1454,0.66704,8.85,0.0,96.25276,,False,0.85756,82.54259,,,False,0.0,False
2017-12-25,Public dataset: NREL PVDAQ (Photovoltaic Data Acquisition) via OEDI data lake,,False,2.1658,3.15,0.68756,11.23,0.0,100.5438,,False,0.85973,86.44012,,,False,0.0,False
2017-12-26,Public dataset: NREL PVDAQ (Photovoltaic Data Acquisition) via OEDI data lake,,False,2.3923,3.246,0.737,10.61,0.0,115.49873,,False,0.86189,99.54733,,,False,0.0,False
2017-12-27,Public dataset: NREL PVDAQ (Photovoltaic Data Acquisition) via OEDI data lake,,False,3.1747,3.2455,0.97819,10.05,0.0,154.83483,,False,0.86406,133.786,,,False,0.0,False
2017-12-28,Public dataset: NREL PVDAQ (Photovoltaic Data Acquisition) via OEDI data lake,,False,3.114,3.2515,0.95771,11.54,0.0,151.7589,,False,0.86622,131.45681,,,False,0.0,False
2017-12-29,Public dataset: NREL PVDAQ (Photovoltaic Data Acquisition) via OEDI data lake,,False,3.0245,3.2182,0.93981,11.68,0.0,144.98136,,False,0.86839,125.89986,,,False,0.0,False
2017-12-30,Public dataset: NREL PVDAQ (Photovoltaic Data Acquisition) via OEDI data lake,,False,2.4934,3.1884,0.78202,11.41,0.0,114.03755,,False,0.87055,99.27558,,,False,0.0,False
2017-12-31,Public dataset: NREL PVDAQ (Photovoltaic Data Acquisition) via OEDI data lake,,False,2.8968,3.2045,0.90398,10.94,0.0,139.92817,,False,0.87272,122.11767,,,False,0.0,False
2018-01-01,Public dataset: NREL PVDAQ (Photovoltaic Data Acquisition) via OEDI data lake,,False,2.785,3.2971,0.84468,10.72,0.0,130.13834,,False,0.87488,113.85569,,,False,0.0,False
2018-01-02,Public dataset: NREL PVDAQ (Photovoltaic Data Acquisition) via OEDI data lake,,False,1.788,3.2798,0.54516,10.58,0.0,75.65128,,False,0.87705,66.34973,,,False,0.0,False
2018-01-03,Public dataset: NREL PVDAQ (Photovoltaic Data Acquisition) via OEDI data lake,,False,2.8428,3.1985,0.88879,10.78,0.0,133.8568,,False,0.87921,117.68854,,,False,0.0,False
2018-01-04,Public dataset: NREL PVDAQ (Photovoltaic Data Acquisition) via OEDI data lake,,False,2.7866,3.2088,0.86842,12.04,0.0,130.42309,,False,0.88138,114.95196,,,False,0.0,False
2018-01-05,Public dataset: NREL PVDAQ (Photovoltaic Data Acquisition) via OEDI data lake,,False,3.023,3.179,0.95093,13.04,0.0,143.46234,,False,0.88354,126.75508,,,False,0.0,False
2018-01-06,Public dataset: NREL PVDAQ (Photovoltaic Data Acquisition) via OEDI data lake,,False,2.0834,3.1685,0.65754,13.32,0.0,91.31749,,False,0.88571,80.8806,,,False,0.0,False
2018-01-07,Public dataset: NREL PVDAQ (Photovoltaic Data Acquisition) via OEDI data lake,,False,3.2832,3.4507,0.95146,10.97,0.02,157.57476,,False,0.88787,139.90635,,,False,0.0,False
2018-01-08,Public dataset: NREL PVDAQ (Photovoltaic Data Acquisition) via OEDI data lake,,False,0.9569,3.0816,0.31052,10.48,3.65,39.43505,,False,0.89004,35.09869,,,False,0.0,False
2018-01-09,Public dataset: NREL PVDAQ (Photovoltaic Data Acquisition) via OEDI data lake,,False,0.8962,3.2724,0.27387,8.02,30.86,37.77236,,False,0.8922,33.70062,,,False,0.0,False
2018-01-10,Public dataset: NREL PVDAQ (Photovoltaic Data Acquisition) via OEDI data lake,,False,2.9054,3.3617,0.86427,9.16,0.05,137.99915,,False,0.89437,123.42206,,,False,0.0,False
2018-01-11,Public dataset: NREL PVDAQ (Photovoltaic Data Acquisition) via OEDI data lake,,False,3.3761,3.4214,0.98676,11.06,0.02,162.09454,,False,0.89653,145.32317,,,False,0.0,False
2018-01-12,Public dataset: NREL PVDAQ (Photovoltaic Data Acquisition) via OEDI data lake,,False,3.4692,3.4946,0.99273,10.48,0.0,166.52918,,False,0.8987,149.65953,,,False,0.0,False
2018-01-13,Public dataset: NREL PVDAQ (Photovoltaic Data Acquisition) via OEDI data lake,,False,3.4344,3.4778,0.98752,10.51,0.0,163.99105,,False,0.90086,147.73358,,,False,0.0,False
2018-01-14,Public dataset: NREL PVDAQ (Photovoltaic Data Acquisition) via OEDI data lake,,False,3.2316,3.4579,0.93456,11.26,0.0,151.15508,,False,0.90303,136.4974,,,False,0.0,False
2018-01-15,Public dataset: NREL PVDAQ (Photovoltaic Data Acquisition) via OEDI data lake,,False,3.2172,3.4426,0.93453,12.7,0.0,150.37359,,False,0.90519,136.11726,,,False,0.0,False
2018-01-16,Public dataset: NREL PVDAQ (Photovoltaic Data Acquisition) via OEDI data lake,,False,2.0064,3.5489,0.56536,10.77,0.0,90.53183,,False,0.90446,81.88215,,,False,0.0,False
2018-01-17,Public dataset: NREL PVDAQ (Photovoltaic Data Acquisition) via OEDI data lake,,False,2.8802,3.5369,0.81433,12.13,0.0,128.37307,,False,0.90372,116.01334,,,False,0.0,False
2018-01-18,Public dataset: NREL PVDAQ (Photovoltaic Data Acquisition) via OEDI data lake,,False,2.5759,3.504,0.73513,12.38,0.0,113.35412,,False,0.90298,102.35688,,,False,0.0,False
2018-01-19,Public dataset: NREL PVDAQ (Photovoltaic Data Acquisition) via OEDI data lake,,False,2.1569,3.4591,0.62354,12.95,0.01,90.60041,,False,0.90225,81.7439,,,False,0.0,False
2018-01-20,Public dataset: NREL PVDAQ (Photovoltaic Data Acquisition) via OEDI data lake,,False,2.0254,3.7742,0.53664,7.34,0.25,88.18498,,False,0.90151,79.49961,,,False,0.0,False
2018-01-21,Public dataset: NREL PVDAQ (Photovoltaic Data Acquisition) via OEDI data lake,,False,3.7874,3.8868,0.97443,5.0,0.0,185.36874,,False,0.90077,166.9751,,,False,0.0,False
2018-01-22,Public dataset: NREL PVDAQ (Photovoltaic Data Acquisition) via OEDI data lake,,False,3.6629,3.7546,0.97558,5.52,0.0,176.46673,,False,0.90004,158.82639,,,False,0.0,False
2018-01-23,Public dataset: NREL PVDAQ (Photovoltaic Data Acquisition) via OEDI data lake,,False,3.8273,3.858,0.99204,7.04,0.0,183.65526,,False,0.8993,165.16099,,,False,0.0,False
2018-01-24,Public dataset: NREL PVDAQ (Photovoltaic Data Acquisition) via OEDI data lake,,False,3.7207,3.8791,0.95917,7.88,0.0,175.86319,,False,0.89856,158.024,,,False,0.0,False
2018-01-25,Public dataset: NREL PVDAQ (Photovoltaic Data Acquisition) via OEDI data lake,,False,3.5436,3.8849,0.91215,8.43,0.0,165.06507,,False,0.89783,148.19959,,,False,0.0,False
2018-01-26,Public dataset: NREL PVDAQ (Photovoltaic Data Acquisition) via OEDI data lake,,False,4.0018,4.0685,0.98361,6.79,0.0,190.93143,,False,0.89709,171.28237,,,False,0.0,False
2018-01-27,Public dataset: NREL PVDAQ (Photovoltaic Data Acquisition) via OEDI data lake,,False,3.6367,3.9694,0.91618,7.85,0.0,168.44539,,False,0.89635,150.98628,,,False,0.0,False
2018-01-28,Public dataset: NREL PVDAQ (Photovoltaic Data Acquisition) via OEDI data lake,,False,3.8628,3.9718,0.97256,10.92,0.0,179.34291,,False,0.89561,160.62214,,,False,0.0,False
2018-01-29,Public dataset: NREL PVDAQ (Photovoltaic Data Acquisition) via OEDI data lake,,False,3.3732,3.9758,0.84843,12.21,0.0,149.61081,,False,0.89488,133.88339,,,False,0.0,False
2018-01-30,Public dataset: NREL PVDAQ (Photovoltaic Data Acquisition) via OEDI data lake,,False,3.8023,3.9756,0.95641,13.3,0.0,172.69599,,False,0.89414,154.41455,,,False,0.0,False
2018-01-31,Public dataset: NREL PVDAQ (Photovoltaic Data Acquisition) via OEDI data lake,,False,3.8172,4.1244,0.92552,14.26,0.0,171.61426,,False,0.8934,153.32087,,,False,0.0,False
2018-02-01,Public dataset: NREL PVDAQ (Photovoltaic Data Acquisition) via OEDI data lake,,False,3.0118,4.0994,0.73469,14.4,0.0,129.76293,,False,0.89267,115.83511,,,False,0.0,False
2018-02-02,Public dataset: NREL PVDAQ (Photovoltaic Data Acquisition) via OEDI data lake,,False,4.0543,4.1054,0.98755,14.89,0.0,183.44502,,False,0.89193,163.62017,,,False,0.0,False
2018-02-03,Public dataset: NREL PVDAQ (Photovoltaic Data Acquisition) via OEDI data lake,,False,4.1162,4.2504,0.96843,14.85,0.0,185.0401,,False,0.89119,164.90653,,,False,0.0,False
2018-02-04,Public dataset: NREL PVDAQ (Photovoltaic Data Acquisition) via OEDI data lake,,False,4.0939,4.2967,0.9528,15.4,0.0,182.16137,,False,0.89046,162.20679,,,False,0.0,False
2018-02-05,Public dataset: NREL PVDAQ (Photovoltaic Data Acquisition) via OEDI data lake,,False,4.2874,4.3241,0.99151,15.19,0.0,191.75674,,False,0.88972,170.60975,,,False,0.0,False
2018-02-06,Public dataset: NREL PVDAQ (Photovoltaic Data Acquisition) via OEDI data lake,,False,4.4722,4.505,0.99272,13.02,0.0,202.30776,,False,0.88898,179.84813,,,False,0.0,False
2018-02-07,Public dataset: NREL PVDAQ (Photovoltaic Data Acquisition) via OEDI data lake,,False,4.4405,4.4671,0.99405,11.78,0.0,201.73673,,False,0.88825,179.19184,,,False,0.0,False
2018-02-08,Public dataset: NREL PVDAQ (Photovoltaic Data Acquisition) via OEDI data lake,,False,4.3817,4.4378,0.98736,14.4,0.0,195.95276,,False,0.88751,173.90986,,,False,0.0,False
2018-02-09,Public dataset: NREL PVDAQ (Photovoltaic Data Acquisition) via OEDI data lake,,False,4.1746,4.4954,0.92864,16.52,0.0,181.77924,,False,0.88677,161.19678,,,False,0.0,False
2018-02-10,Public dataset: NREL PVDAQ (Photovoltaic Data Acquisition) via OEDI data lake,,False,4.1834,4.6181,0.90587,15.07,0.0,180.75633,,False,0.88604,160.1565,,,False,0.0,False
2018-02-11,Public dataset: NREL PVDAQ (Photovoltaic Data Acquisition) via OEDI data lake,,False,4.5043,4.8235,0.93382,8.16,0.0,200.94556,,False,0.8853,177.8968,,,False,0.0,False
2018-02-12,Public dataset: NREL PVDAQ (Photovoltaic Data Acquisition) via OEDI data lake,,False,3.1032,4.5924,0.67573,10.15,2.8,132.48355,,False,0.88456,117.18986,,,False,0.0,False
2018-02-13,Public dataset: NREL PVDAQ (Photovoltaic Data Acquisition) via OEDI data lake,,False,3.5402,4.6882,0.75513,9.0,0.15,154.80885,,False,0.88382,136.82389,,,False,0.0,False
2018-02-14,Public dataset: NREL PVDAQ (Photovoltaic Data Acquisition) via OEDI data lake,,False,2.4958,4.6954,0.53154,10.66,0.07,104.00589,,False,0.88309,91.84634,,,False,0.0,False
2018-02-15,Public dataset: NREL PVDAQ (Photovoltaic Data Acquisition) via OEDI data lake,,False,4.7446,4.9718,0.9543,9.63,0.03,213.56504,,False,0.88235,188.43933,,,False,0.0,False
2018-02-16,Public dataset: NREL PVDAQ (Photovoltaic Data Acquisition) via OEDI data lake,,False,4.877,4.9999,0.97542,7.94,0.0,220.81849,,False,0.88189,194.73738,,,False,0.0,False
2018-02-17,Public dataset: NREL PVDAQ (Photovoltaic Data Acquisition) via OEDI data lake,,False,4.9517,4.9973,0.99088,10.15,0.0,220.21017,,False,0.88143,194.09914,,,False,0.0,False
2018-02-18,Public dataset: NREL PVDAQ (Photovoltaic Data Acquisition) via OEDI data lake,,False,4.9013,5.0006,0.98014,12.24,0.0,214.4968,,False,0.88096,188.9641,,,False,0.0,False
2018-02-19,Public dataset: NREL PVDAQ (Photovoltaic Data Acquisition) via OEDI data lake,,False,4.4633,5.2894,0.84382,5.53,0.0,199.44784,,False,0.8805,175.61433,,,False,0.0,False
2018-02-20,Public dataset: NREL PVDAQ (Photovoltaic Data Acquisition) via OEDI data lake,,False,5.3215,5.3592,0.99297,2.48,0.0,242.2576,,False,0.88004,213.19648,,,False,0.0,False
2018-02-21,Public dataset: NREL PVDAQ (Photovoltaic Data Acquisition) via OEDI data lake,,False,4.1765,5.1953,0.8039,4.4,0.0,189.08241,,False,0.87958,166.31278,,,False,0.0,False
2018-02-22,Public dataset: NREL PVDAQ (Photovoltaic Data Acquisition) via OEDI data lake,,False,4.3831,5.1377,0.85312,5.81,0.0,192.58998,,False,0.87912,169.30897,,,False,0.0,False
2018-02-23,Public dataset: NREL PVDAQ (Photovoltaic Data Acquisition) via OEDI data lake,,False,3.3235,5.3254,0.62408,4.15,0.08,142.49744,,False,0.87865,125.20596,,,False,0.0,False
2018-02-24,Public dataset: NREL PVDAQ (Photovoltaic Data Acquisition) via OEDI data lake,,False,5.0162,5.43,0.92379,3.69,0.0,222.47474,,False,0.87819,195.37553,,,False,0.0,False
2018-02-25,Public dataset: NREL PVDAQ (Photovoltaic Data Acquisition) via OEDI data lake,,False,5.4732,5.537,0.98848,5.19,0.0,243.81187,,False,0.87773,214.00095,,,False,0.0,False
2018-02-26,Public dataset: NREL PVDAQ (Photovoltaic Data Acquisition) via OEDI data lake,,False,5.047,5.3798,0.93814,7.81,0.0,217.43723,,False,0.87727,190.75066,,,False,0.0,False
2018-02-27,Public dataset: NREL PVDAQ (Photovoltaic Data Acquisition) via OEDI data lake,,False,2.2001,5.1677,0.42574,7.01,0.22,92.75794,,False,0.87681,81.33068,,,False,0.0,False
2018-02-28,Public dataset: NREL PVDAQ (Photovoltaic Data Acquisition) via OEDI data lake,,False,5.2639,5.4084,0.97328,7.54,0.0,228.91155,,False,0.87634,200.60514,,,False,0.0,False
2018-03-01,Public dataset: NREL PVDAQ (Photovoltaic Data Acquisition) via OEDI data lake,,False,4.9999,5.4763,0.91301,9.33,0.0,216.13553,,False,0.87588,189.30908,,,False,0.0,False
2018-03-02,Public dataset: NREL PVDAQ (Photovoltaic Data Acquisition) via OEDI data lake,,False,5.0431,5.5296,0.91202,11.51,0.0,212.70093,,False,0.87542,186.20249,,,False,0.0,False
2018-03-03,Public dataset: NREL PVDAQ (Photovoltaic Data Acquisition) via OEDI data lake,,False,4.0802,5.6246,0.72542,10.54,0.02,171.21055,,False,0.87496,149.80189,,,False,0.0,False
2018-03-04,Public dataset: NREL PVDAQ (Photovoltaic Data Acquisition) via OEDI data lake,,False,5.6724,5.916,0.95882,7.95,0.0,244.22714,,False,0.8745,213.57542,,,False,0.0,False
2018-03-05,Public dataset: NREL PVDAQ (Photovoltaic Data Acquisition) via OEDI data lake,,False,5.9798,6.019,0.99349,7.5,0.0,256.69572,,False,0.87403,224.3605,,,False,0.0,False
2018-03-06,Public dataset: NREL PVDAQ (Photovoltaic Data Acquisition) via OEDI data lake,,False,5.8212,5.9333,0.98111,9.14,0.0,246.89978,,False,0.87357,215.68444,,,False,0.0,False
2018-03-07,Public dataset: NREL PVDAQ (Photovoltaic Data Acquisition) via OEDI data lake,,False,2.3345,5.8466,0.39929,9.71,0.0,95.9697,,False,0.87311,83.79198,,,False,0.0,False
2018-03-08,Public dataset: NREL PVDAQ (Photovoltaic Data Acquisition) via OEDI data lake,,False,4.8912,5.9033,0.82855,13.04,0.0,207.49103,,False,0.87265,181.06633,,,False,0.0,False
2018-03-09,Public dataset: NREL PVDAQ (Photovoltaic Data Acquisition) via OEDI data lake,,False,5.4874,5.8927,0.93122,15.53,0.0,226.04231,,False,0.87218,197.15058,,,False,0.0,False
2018-03-10,Public dataset: NREL PVDAQ (Photovoltaic Data Acquisition) via OEDI data lake,,False,2.5212,5.7871,0.43566,15.36,9.87,99.93837,,False,0.87172,87.11851,,,False,0.0,False
2018-03-11,Public dataset: NREL PVDAQ (Photovoltaic Data Acquisition) via OEDI data lake,,False,3.4798,5.8558,0.59425,14.49,1.21,139.97332,,False,0.87126,121.95318,,1.01951,False,0.0,False
2018-03-12,Public dataset: NREL PVDAQ (Photovoltaic Data Acquisition) via OEDI data lake,,False,4.7167,5.8589,0.80505,16.2,0.0,190.76738,,False,0.8708,166.11987,,1.0234,False,0.0,False
2018-03-13,Public dataset: NREL PVDAQ (Photovoltaic Data Acquisition) via OEDI data lake,,False,5.0316,5.957,0.84465,18.19,0.21,204.40853,,False,0.87034,177.90409,,1.02407,False,0.0,False
2018-03-14,Public dataset: NREL PVDAQ (Photovoltaic Data Acquisition) via OEDI data lake,,False,4.5734,6.1435,0.74443,15.54,0.07,186.69352,,False,0.86987,162.39981,,1.02474,False,0.0,False
2018-03-15,Public dataset: NREL PVDAQ (Photovoltaic Data Acquisition) via OEDI data lake,,False,4.0409,6.3499,0.63637,11.54,2.22,170.00685,,False,0.86941,147.80595,,1.02407,False,0.0,False
2018-03-16,Public dataset: NREL PVDAQ (Photovoltaic Data Acquisition) via OEDI data lake,,False,6.2633,6.3682,0.98353,10.82,0.0,256.78785,,False,0.86929,223.22227,,1.02407,False,0.0,False
2018-03-17,Public dataset: NREL PVDAQ (Photovoltaic Data Acquisition) via OEDI data lake,,False,5.231,6.4846,0.80668,10.22,0.28,211.094,,False,0.86916,183.47484,,1.0234,False,0.0,False
2018-03-18,Public dataset: NREL PVDAQ (Photovoltaic Data Acquisition) via OEDI data lake,,False,6.4788,6.6898,0.96846,10.56,0.32,265.5652,,False,0.86904,230.78593,,1.0234,False,0.0,False
2018-03-19,Public dataset: NREL PVDAQ (Photovoltaic Data Acquisition) via OEDI data lake,,False,6.5462,6.6019,0.99156,12.13,0.0,268.50156,,False,0.86891,233.30418,,1.01951,False,0.0,False
2018-03-20,Public dataset: NREL PVDAQ (Photovoltaic Data Acquisition) via OEDI data lake,163.0,True,4.6874,6.414,0.73081,13.51,0.0,194.1751,0.83945,False,0.86879,168.69677,0.96623,1.0234,False,0.0,False
2018-03-21,Public dataset: NREL PVDAQ (Photovoltaic Data Acquisition) via OEDI data lake,115.0,True,4.289,6.2959,0.68124,16.8,0.54,165.93469,0.69304,False,0.86866,144.14114,0.79783,1.02407,False,0.0,False
2018-03-22,Public dataset: NREL PVDAQ (Photovoltaic Data Acquisition) via OEDI data lake,69.0,True,2.0791,6.3017,0.32993,16.39,1.55,82.71389,0.8342,False,0.86854,71.84006,0.96047,1.02474,False,0.0,False
2018-03-23,Public dataset: NREL PVDAQ (Photovoltaic Data Acquisition) via OEDI data lake,236.0,True,6.631,6.7853,0.97726,15.55,1.86,265.12623,0.89014,True,0.86841,230.23878,1.02502,1.02407,False,0.0,False
2018-03-24,Public dataset: NREL PVDAQ (Photovoltaic Data Acquisition) via OEDI data lake,228.0,True,6.3871,6.9446,0.91972,13.67,0.0,259.94487,0.87711,True,0.86829,225.70673,1.01016,1.02407,False,0.0,False
2018-03-25,Public dataset: NREL PVDAQ (Photovoltaic Data Acquisition) via OEDI data lake,246.0,True,6.9338,7.0039,0.98999,12.13,0.0,279.44552,0.88031,True,0.86816,242.60396,1.014,1.0234,False,0.0,False
2018-03-26,Public dataset: NREL PVDAQ (Photovoltaic Data Acquisition) via OEDI data lake,255.0,True,6.9758,7.0711,0.98652,10.8,0.0,284.29876,0.89694,True,0.86804,246.78183,1.0333,1.0234,False,0.0,False
2018-03-27,Public dataset: NREL PVDAQ (Photovoltaic Data Acquisition) via OEDI data lake,253.0,True,7.0706,7.1006,0.99578,12.0,0.0,284.83923,0.88822,True,0.86791,247.21538,1.0234,1.02264,False,0.0,False
2018-03-28,Public dataset: NREL PVDAQ (Photovoltaic Data Acquisition) via OEDI data lake,237.0,True,6.7848,6.8309,0.99325,16.67,0.0,266.51435,0.88926,True,0.86779,231.27768,1.02474,1.02264,False,0.0,False
2018-03-29,Public dataset: NREL PVDAQ (Photovoltaic Data Acquisition) via OEDI data lake,220.0,True,6.3895,6.9955,0.91337,18.65,0.0,245.73469,0.89527,True,0.86766,213.21466,1.03182,1.02264,False,0.0,False
2018-03-30,Public dataset: NREL PVDAQ (Photovoltaic Data Acquisition) via OEDI data lake,234.0,True,6.8724,7.0102,0.98034,20.08,0.0,263.95223,0.88652,True,0.86754,228.98833,1.02189,1.02264,False,0.0,False
2018-03-31,Public dataset: NREL PVDAQ (Photovoltaic Data Acquisition) via OEDI data lake,203.0,True,5.8277,7.0207,0.83007,21.59,0.0,221.79635,0.91525,False,0.86741,192.38883,1.05515,1.02189,False,0.0,False
2018-04-01,Public dataset: NREL PVDAQ (Photovoltaic Data Acquisition) via OEDI data lake,208.0,True,6.2124,7.207,0.862,21.35,0.0,238.86067,0.8708,True,0.86729,207.16077,1.00405,1.02189,False,0.0,False
2018-04-02,Public dataset: NREL PVDAQ (Photovoltaic Data Acquisition) via OEDI data lake,199.0,True,5.6734,7.1796,0.79021,20.67,0.0,211.06525,0.94284,False,0.86716,183.02779,1.08727,1.02189,False,0.0,False
2018-04-03,Public dataset: NREL PVDAQ (Photovoltaic Data Acquisition) via OEDI data lake,251.0,True,7.433,7.4712,0.99489,17.82,0.39,290.14748,0.86508,True,0.86704,251.56863,0.99774,1.02189,False,0.0,False
2018-04-04,Public dataset: NREL PVDAQ (Photovoltaic Data Acquisition) via OEDI data lake,216.0,True,5.7898,7.0596,0.82013,20.13,0.0,229.11747,0.94275,False,0.86691,198.62471,1.08748,1.02189,False,0.0,False
2018-04-05,Public dataset: NREL PVDAQ (Photovoltaic Data Acquisition) via OEDI data lake,202.0,True,5.8121,7.1359,0.81449,23.22,0.0,221.80726,0.9107,False,0.86679,192.25969,1.05066,1.02189,False,0.0,False
2018-04-06,Public dataset: NREL PVDAQ (Photovoltaic Data Acquisition) via OEDI data lake,173.0,True,6.0552,7.2223,0.8384,24.0,0.0,227.73405,0.75966,False,0.86666,197.36849,0.87653,1.0095,False,0.0,False
2018-04-07,Public dataset: NREL PVDAQ (Photovoltaic Data Acquisition) via OEDI data lake,223.0,True,5.5582,7.1659,0.77565,23.34,0.01,204.48854,1.09053,False,0.86654,177.19693,1.25849,1.00695,False,0.0,False
2018-04-08,Public dataset: NREL PVDAQ (Photovoltaic Data Acquisition) via OEDI data lake,256.0,True,7.8125,7.8336,0.99731,21.33,0.0,293.43233,0.87243,True,0.86641,254.23335,1.00695,1.00695,False,0.0,False
2018-04-09,Public dataset: NREL PVDAQ (Photovoltaic Data Acquisition) via OEDI data lake,245.0,True,7.3982,7.542,0.98093,19.98,0.0,280.15554,0.87451,True,0.86629,242.69517,1.0095,1.0095,False,0.0,False
2018-04-10,Public dataset: NREL PVDAQ (Photovoltaic Data Acquisition) via OEDI data lake,240.0,True,6.815,7.4455,0.91532,22.3,0.0,256.87857,0.93429,True,0.86616,222.49853,1.07866,1.00822,False,0.0,False
2018-04-11,Public dataset: NREL PVDAQ (Photovoltaic Data Acquisition) via OEDI data lake,243.0,True,7.2233,7.6195,0.948,24.98,0.0,263.93435,0.92068,True,0.86604,228.57699,1.0631,1.01861,False,0.0,False
2018-04-12,Public dataset: NREL PVDAQ (Photovoltaic Data Acquisition) via OEDI data lake,271.0,True,7.9296,8.0038,0.99073,16.03,0.0,304.52173,0.88992,True,0.86591,263.68911,1.02773,1.01861,False,0.0,False
2018-04-13,Public dataset: NREL PVDAQ (Photovoltaic Data Acquisition) via OEDI data lake,263.0,True,7.9135,7.9447,0.99607,13.16,0.0,307.29684,0.85585,True,0.86579,266.05371,0.98852,1.02293,False,0.0,False
2018-04-14,Public dataset: NREL PVDAQ (Photovoltaic Data Acquisition) via OEDI data lake,256.0,True,7.7573,7.7868,0.99621,16.85,0.0,295.81671,0.8654,True,0.86566,256.07739,0.9997,1.01621,False,0.0,False
2018-04-15,Public dataset: NREL PVDAQ (Photovoltaic Data Acquisition) via OEDI data lake,206.0,True,5.1288,7.601,0.67475,20.59,0.0,194.75486,1.05774,False,0.86554,168.56761,1.22206,1.0095,False,0.0,False
2018-04-16,Public dataset: NREL PVDAQ (Photovoltaic Data Acquisition) via OEDI data lake,264.0,True,7.7741,7.853,0.98995,18.03,0.0,293.16964,0.9005,True,0.86594,253.86611,1.03992,1.01965,False,0.0,False
2018-04-17,Public dataset: NREL PVDAQ (Photovoltaic Data Acquisition) via OEDI data lake,269.0,True,8.034,8.1398,0.987,13.86,0.01,310.44641,0.86649,True,0.86633,268.95042,1.00018,1.01965,False,0.0,False
2018-04-18,Public dataset: NREL PVDAQ (Photovoltaic Data Acquisition) via OEDI data lake,254.0,True,7.4573,8.0136,0.93058,15.86,0.0,280.83293,0.90445,True,0.86673,243.40715,1.04352,1.00018,False,0.0,False
2018-04-19,Public dataset: NREL PVDAQ (Photovoltaic Data Acquisition) via OEDI data lake,228.0,True,5.9004,7.6126,0.77508,14.42,0.09,225.18687,1.01249,False,0.86713,195.26663,1.16763,1.00018,False,0.0,False
2018-04-20,Public dataset: NREL PVDAQ (Photovoltaic Data Acquisition) via OEDI data lake,261.0,True,7.8252,7.9274,0.98711,18.31,0.0,294.11069,0.88742,True,0.86753,255.14985,1.02293,1.00018,False,0.0,False
2018-04-21,Public dataset: NREL PVDAQ (Photovoltaic Data Acquisition) via OEDI data lake,253.0,True,8.0405,8.1098,0.99145,21.65,0.0,296.19425,0.85417,True,0.86793,257.07545,0.98415,1.01513,False,0.0,False
2018-04-22,Public dataset: NREL PVDAQ (Photovoltaic Data Acquisition) via OEDI data lake,238.0,True,7.6315,7.896,0.9665,23.33,0.0,280.70956,0.84785,True,0.86833,243.74771,0.97642,1.01513,False,0.0,False
2018-04-23,Public dataset: NREL PVDAQ (Photovoltaic Data Acquisition) via OEDI data lake,253.0,True,7.9306,8.0054,0.99066,25.02,0.0,285.61782,0.8858,True,0.86873,248.12351,1.01965,1.01513,False,0.0,False
2018-04-24,Public dataset: NREL PVDAQ (Photovoltaic Data Acquisition) via OEDI data lake,235.0,True,7.607,7.9267,0.95967,24.88,0.0,274.37937,0.85648,True,0.86912,238.46973,0.98545,1.00766,False,0.0,False
2018-04-25,Public dataset: NREL PVDAQ (Photovoltaic Data Acquisition) via OEDI data lake,233.0,True,7.6438,7.915,0.96574,25.48,0.0,275.37702,0.84611,True,0.86952,239.44656,0.97308,1.01513,False,0.0,False
2018-04-26,Public dataset: NREL PVDAQ (Photovoltaic Data Acquisition) via OEDI data lake,247.0,True,7.7719,7.8487,0.99021,27.38,0.0,278.36141,0.88734,True,0.86992,242.15249,1.02002,1.01513,False,0.0,False
2018-04-27,Public dataset: NREL PVDAQ (Photovoltaic Data Acquisition) via OEDI data lake,255.0,True,8.0916,8.1473,0.99316,26.88,0.0,288.62762,0.88349,True,0.87032,251.19831,1.01513,1.01378,False,0.0,False
2018-04-28,Public dataset: NREL PVDAQ (Photovoltaic Data Acquisition) via OEDI data lake,272.0,True,8.5214,8.5721,0.99409,22.55,0.0,305.42502,0.89056,True,0.87072,265.93914,1.02279,1.01378,False,0.0,False
2018-04-29,Public dataset: NREL PVDAQ (Photovoltaic Data Acquisition) via OEDI data lake,260.0,True,8.2277,8.3669,0.98336,20.4,0.0,300.99395,0.8638,True,0.87112,262.20088,0.99161,1.01513,False,0.0,False
2018-04-30,Public dataset: NREL PVDAQ (Photovoltaic Data Acquisition) via OEDI data lake,219.0,True,6.2107,8.2207,0.7555,18.62,0.0,229.41735,0.95459,False,0.87152,199.94073,1.09532,1.01513,False,0.0,False
2018-05-01,Public dataset: NREL PVDAQ (Photovoltaic Data Acquisition) via OEDI data lake,142.0,True,3.5712,7.7623,0.46007,15.54,4.66,139.04103,1.02128,False,0.87191,121.2318,1.17131,1.01513,False,0.0,False
2018-05-02,Public dataset: NREL PVDAQ (Photovoltaic Data Acquisition) via OEDI data lake,232.0,True,4.8082,7.8125,0.61545,13.85,1.21,193.12169,1.20132,False,0.87231,168.46244,1.37716,1.01513,False,0.0,False
2018-05-03,Public dataset: NREL PVDAQ (Photovoltaic Data Acquisition) via OEDI data lake,262.0,True,7.9296,8.2169,0.96504,18.93,0.0,292.73835,0.895,True,0.87271,255.47595,1.02554,1.01513,False,0.0,False
2018-05-04,Public dataset: NREL PVDAQ (Photovoltaic Data Acquisition) via OEDI data lake,258.0,True,8.0957,8.2238,0.98442,23.22,0.0,291.87065,0.88395,True,0.87311,254.83502,1.01242,1.01513,False,0.0,False
2018-05-05,Public dataset: NREL PVDAQ (Photovoltaic Data Acquisition) via OEDI data lake,238.0,True,7.5674,8.3258,0.90891,26.35,0.0,267.79659,0.88873,True,0.87351,233.92245,1.01743,1.01242,False,0.0,False
2018-05-06,Public dataset: NREL PVDAQ (Photovoltaic Data Acquisition) via OEDI data lake,198.0,True,6.2618,8.4442,0.74155,27.66,0.0,227.96422,0.86856,False,0.87391,199.21941,0.99388,1.00254,False,0.0,False
2018-05-07,Public dataset: NREL PVDAQ (Photovoltaic Data Acquisition) via OEDI data lake,253.0,True,8.2946,8.448,0.98184,28.34,0.0,291.79639,0.86704,True,0.87431,255.11905,0.99169,1.00748,False,0.0,False
2018-05-08,Public dataset: NREL PVDAQ (Photovoltaic Data Acquisition) via OEDI data lake,246.0,True,8.0057,8.3734,0.95609,28.82,0.0,275.71579,0.89222,True,0.8747,241.16958,1.02003,1.01242,False,0.0,False
2018-05-09,Public dataset: NREL PVDAQ (Photovoltaic Data Acquisition) via OEDI data lake,248.0,True,8.2596,8.5469,0.96639,30.8,0.0,284.12452,0.87286,True,0.8751,248.63796,0.99743,1.01493,False,0.0,False
2018-05-10,Public dataset: NREL PVDAQ (Photovoltaic Data Acquisition) via OEDI data lake,257.0,True,8.6028,8.7739,0.9805,28.61,0.0,297.16683,0.86483,True,0.8755,260.16974,0.98782,1.01242,False,0.0,False
2018-05-11,Public dataset: NREL PVDAQ (Photovoltaic Data Acquisition) via OEDI data lake,274.0,True,8.4122,8.5498,0.98391,24.96,0.0,297.13674,0.92213,True,0.8759,260.26182,1.05279,1.01242,False,0.0,False
2018-05-12,Public dataset: NREL PVDAQ (Photovoltaic Data Acquisition) via OEDI data lake,274.0,True,8.6462,8.7437,0.98885,20.81,0.0,311.88753,0.87852,True,0.8763,273.30632,1.00254,1.00998,False,0.0,False
2018-05-13,Public dataset: NREL PVDAQ (Photovoltaic Data Acquisition) via OEDI data lake,223.0,True,7.5722,8.4506,0.89605,22.18,0.0,270.83378,0.82338,True,0.8767,237.43895,0.93919,1.00254,False,0.0,False
2018-05-14,Public dataset: NREL PVDAQ (Photovoltaic Data Acquisition) via OEDI data lake,253.0,True,6.4306,8.4914,0.75731,23.58,0.0,230.20822,1.09901,False,0.87709,201.91442,1.25301,1.00254,False,0.0,False
2018-05-15,Public dataset: NREL PVDAQ (Photovoltaic Data Acquisition) via OEDI data lake,266.0,True,8.322,8.4845,0.98085,24.77,0.0,295.3095,0.90075,True,0.87749,259.13209,1.0265,1.01128,False,0.0,False
2018-05-16,Public dataset: NREL PVDAQ (Photovoltaic Data Acquisition) via OEDI data lake,277.0,True,8.7178,8.778,0.99314,25.59,0.0,304.62373,0.90932,True,0.87733,267.25608,1.03646,1.01452,False,0.0,False
2018-05-17,Public dataset: NREL PVDAQ (Photovoltaic Data Acquisition) via OEDI data lake,270.0,True,8.7274,8.7622,0.99603,23.83,0.0,307.26091,0.87873,True,0.87717,269.52015,1.00178,1.01993,False,0.0,False
2018-05-18,Public dataset: NREL PVDAQ (Photovoltaic Data Acquisition) via OEDI data lake,260.0,True,7.7986,8.5406,0.91312,25.09,0.0,274.96366,0.94558,True,0.87701,241.14556,1.07819,1.02527,False,0.0,False
2018-05-19,Public dataset: NREL PVDAQ (Photovoltaic Data Acquisition) via OEDI data lake,227.0,True,6.5693,8.2951,0.79195,27.23,0.02,228.64837,0.99279,False,0.87685,200.48971,1.13223,1.02527,False,0.0,False
2018-05-20,Public dataset: NREL PVDAQ (Photovoltaic Data Acquisition) via OEDI data lake,239.0,True,7.02,8.4194,0.83379,26.67,0.03,248.12692,0.96322,False,0.87669,217.52936,1.0987,1.0265,False,0.0,False
2018-05-21,Public dataset: NREL PVDAQ (Photovoltaic Data Acquisition) via OEDI data lake,173.0,True,4.2626,8.1386,0.52375,23.14,0.16,161.12267,1.07372,False,0.87652,141.22795,1.22497,1.03441,False,0.0,False
2018-05-22,Public dataset: NREL PVDAQ (Photovoltaic Data Acquisition) via OEDI data lake,192.0,True,5.8901,8.383,0.70262,24.78,0.11,213.39182,0.89975,False,0.87636,187.00867,1.02669,1.03046,False,0.0,False
2018-05-23,Public dataset: NREL PVDAQ (Photovoltaic Data Acquisition) via OEDI data lake,260.0,True,8.0124,8.3945,0.95448,25.89,0.0,284.03911,0.91537,True,0.8762,248.87547,1.0447,1.03544,False,0.0,False
2018-05-24,Public dataset: NREL PVDAQ (Photovoltaic Data Acquisition) via OEDI data lake,268.0,True,8.6698,8.7072,0.9957,26.33,0.0,301.88938,0.88774,True,0.87604,264.46715,1.01336,1.03601,False,0.0,False
2018-05-25,Public dataset: NREL PVDAQ (Photovoltaic Data Acquisition) via OEDI data lake,277.0,True,8.8591,8.8927,0.99622,24.98,0.0,308.83005,0.89693,True,0.87588,270.49758,1.02404,1.03601,False,0.0,False
2018-05-26,Public dataset: NREL PVDAQ (Photovoltaic Data Acquisition) via OEDI data lake,270.0,True,8.1778,8.7874,0.93063,21.31,0.0,294.40927,0.91709,True,0.87572,257.81919,1.04725,1.02923,False,0.0,False
2018-05-27,Public dataset: NREL PVDAQ (Photovoltaic Data Acquisition) via OEDI data lake,229.0,True,6.9434,8.6491,0.80279,24.34,0.03,245.93762,0.93113,False,0.87556,215.33203,1.06347,1.02404,False,0.0,False
2018-05-28,Public dataset: NREL PVDAQ (Photovoltaic Data Acquisition) via OEDI data lake,266.0,True,8.4151,8.7826,0.95816,26.66,0.01,293.75441,0.90552,True,0.87539,257.15084,1.03441,1.0187,False,0.0,False
2018-05-29,Public dataset: NREL PVDAQ (Photovoltaic Data Acquisition) via OEDI data lake,241.0,True,8.4612,8.8586,0.95514,28.66,0.0,290.98507,0.82822,True,0.87523,254.67959,0.94629,1.01336,False,0.0,False
2018-05-30,Public dataset: NREL PVDAQ (Photovoltaic Data Acquisition) via OEDI data lake,264.0,True,8.1607,8.6683,0.94144,30.45,0.0,282.1485,0.93568,True,0.87507,246.89998,1.06926,1.01619,False,0.0,False
2018-05-31,Public dataset: NREL PVDAQ (Photovoltaic Data Acquisition) via OEDI data lake,271.0,True,8.5207,9.0134,0.94534,26.26,0.0,298.51922,0.90781,True,0.87491,261.17731,1.03761,1.01445,False,0.0,False
2018-06-01,Public dataset: NREL PVDAQ (Photovoltaic Data Acquisition) via OEDI data lake,267.0,True,9.108,9.1944,0.9906,26.01,0.0,315.89074,0.84523,True,0.87475,276.32481,0.96625,1.00279,False,0.0,False
2018-06-02,Public dataset: NREL PVDAQ (Photovoltaic Data Acquisition) via OEDI data lake,232.0,True,8.4876,9.0329,0.93963,29.07,0.0,289.47812,0.80144,True,0.87459,253.17367,0.91637,1.00279,False,0.0,False
2018-06-03,Public dataset: NREL PVDAQ (Photovoltaic Data Acquisition) via OEDI data lake,260.0,True,8.9234,8.9477,0.99728,31.47,0.0,300.33141,0.86571,True,0.87443,262.61732,0.99003,0.9927,False,0.0,False
2018-06-04,Public dataset: NREL PVDAQ (Photovoltaic Data Acquisition) via OEDI data lake,247.0,True,8.7461,9.0024,0.97153,32.52,0.0,289.80972,0.85228,True,0.87426,253.37009,0.97486,0.99003,False,0.0,False
2018-06-05,Public dataset: NREL PVDAQ (Photovoltaic Data Acquisition) via OEDI data lake,225.0,True,8.1487,9.0451,0.9009,30.79,0.0,273.99767,0.82117,True,0.8741,239.50195,0.93945,0.98798,False,0.0,False
2018-06-06,Public dataset: NREL PVDAQ (Photovoltaic Data Acquisition) via OEDI data lake,268.0,True,8.8214,9.0122,0.97883,29.9,0.0,300.93006,0.89057,True,0.87394,262.99501,1.01903,0.98798,False,0.0,False
2018-06-07,Public dataset: NREL PVDAQ (Photovoltaic Data Acquisition) via OEDI data lake,269.0,True,8.9112,9.0062,0.98945,28.8,0.0,303.14618,0.88736,True,0.87378,264.88281,1.01554,0.98798,False,0.0,False
2018-06-08,Public dataset: NREL PVDAQ (Photovoltaic Data Acquisition) via OEDI data lake,262.0,True,8.9678,9.0134,0.99494,29.79,0.0,304.32109,0.86093,True,0.87362,265.86028,0.98548,0.98673,False,0.0,False
2018-06-09,Public dataset: NREL PVDAQ (Photovoltaic Data Acquisition) via OEDI data lake,272.0,True,8.8661,8.9983,0.98531,30.34,0.0,298.14651,0.9123,True,0.87346,260.41791,1.04448,0.98673,False,0.0,False
2018-06-10,Public dataset: NREL PVDAQ (Photovoltaic Data Acquisition) via OEDI data lake,265.0,True,8.916,9.0002,0.99064,29.21,0.0,304.8607,0.86925,True,0.87329,266.23324,0.99537,0.98901,False,0.0,False
2018-06-11,Public dataset: NREL PVDAQ (Photovoltaic Data Acquisition) via OEDI data lake,259.0,True,8.9124,8.9561,0.99512,31.34,0.0,301.0251,0.86039,True,0.87313,262.83502,0.98541,0.98673,False,0.0,False
2018-06-12,Public dataset: NREL PVDAQ (Photovoltaic Data Acquisition) via OEDI data lake,256.0,True,8.8459,8.8788,0.99629,32.9,0.0,296.81974,0.86248,True,0.87297,259.11525,0.98798,0.98953,False,0.0,False
2018-06-13,Public dataset: NREL PVDAQ (Photovoltaic Data Acquisition) via OEDI data lake,251.0,True,8.9743,9.0773,0.98865,33.29,0.0,298.1815,0.84177,True,0.87281,260.25587,0.96444,0.99035,False,0.0,False
2018-06-14,Public dataset: NREL PVDAQ (Photovoltaic Data Acquisition) via OEDI data lake,272.0,True,9.03,9.0965,0.99269,32.74,0.0,301.00022,0.90365,True,0.87265,262.66747,1.03553,0.99035,False,0.0,False
2018-06-15,Public dataset: NREL PVDAQ (Photovoltaic Data Acquisition) via OEDI data lake,212.0,True,7.3222,8.8759,0.82495,31.48,0.0,253.92158,0.8349,False,0.87249,221.54336,0.95692,0.98879,False,0.0,False
2018-06-16,Public dataset: NREL PVDAQ (Photovoltaic Data Acquisition) via OEDI data lake,247.0,True,8.9791,9.0233,0.9951,28.97,0.0,306.58859,0.80564,True,0.87274,267.57322,0.92311,0.99035,False,0.0,False
2018-06-17,Public dataset: NREL PVDAQ (Photovoltaic Data Acquisition) via OEDI data lake,282.0,True,9.0732,9.1277,0.99403,26.61,0.0,312.65845,0.90194,True,0.873,272.95077,1.03315,0.98879,False,0.0,False
2018-06-18,Public dataset: NREL PVDAQ (Photovoltaic Data Acquisition) via OEDI data lake,269.0,True,9.1884,9.2198,0.99659,27.07,0.0,314.89444,0.85425,True,0.87326,274.9835,0.97824,0.98879,False,0.0,False
2018-06-19,Public dataset: NREL PVDAQ (Photovoltaic Data Acquisition) via OEDI data lake,264.0,True,8.9734,9.0314,0.99358,30.34,0.0,304.94688,0.86572,True,0.87351,266.37488,0.99108,0.99035,False,0.0,False
2018-06-20,Public dataset: NREL PVDAQ (Photovoltaic Data Acquisition) via OEDI data lake,259.0,True,8.9518,8.9894,0.99582,33.22,0.0,299.52847,0.86469,True,0.87377,261.71859,0.98961,0.99155,False,0.0,False
2018-06-21,Public dataset: NREL PVDAQ (Photovoltaic Data Acquisition) via OEDI data lake,263.0,True,9.0977,9.2611,0.98236,35.26,0.0,297.66782,0.88354,True,0.87402,260.1691,1.01088,0.99607,False,0.0,False
2018-06-22,Public dataset: NREL PVDAQ (Photovoltaic Data Acquisition) via OEDI data lake,259.0,True,9.1786,9.2196,0.99555,34.39,0.0,303.45333,0.85351,True,0.87428,265.30355,0.97624,0.99383,False,0.0,False
2018-06-23,Public dataset: NREL PVDAQ (Photovoltaic Data Acquisition) via OEDI data lake,262.0,True,9.1913,9.2244,0.99641,34.56,0.0,301.99895,0.86755,True,0.87454,264.10941,0.99201,0.99207,False,0.0,False
2018-06-24,Public dataset: NREL PVDAQ (Photovoltaic Data Acquisition) via OEDI data lake,251.0,True,8.9472,9.0041,0.99368,32.47,0.0,300.39746,0.83556,True,0.87479,262.78583,0.95515,0.99565,False,0.0,False
2018-06-25,Public dataset: NREL PVDAQ (Photovoltaic Data Acquisition) via OEDI data lake,255.0,True,8.7617,8.8025,0.99536,33.66,0.0,291.37554,0.87516,True,0.87505,254.96818,1.00012,0.99565,False,0.0,False
2018-06-26,Public dataset: NREL PVDAQ (Photovoltaic Data Acquisition) via OEDI data lake,261.0,True,8.7965,8.8118,0.99826,34.05,0.0,292.26126,0.89304,True,0.87531,255.81813,1.02026,0.99803,False,0.0,False
2018-06-27,Public dataset: NREL PVDAQ (Photovoltaic Data Acquisition) via OEDI data lake,260.0,True,8.8135,8.8606,0.99468,33.92,0.0,293.22861,0.88668,True,0.87556,256.74,1.0127,0.99803,False,0.0,False
2018-06-28,Public dataset: NREL PVDAQ (Photovoltaic Data Acquisition) via OEDI data lake,278.0,True,9.1296,9.3185,0.97973,32.75,0.0,304.47519,0.91305,True,0.87582,266.66512,1.04251,0.99803,False,0.0,False
2018-06-29,Public dataset: NREL PVDAQ (Photovoltaic Data Acquisition) via OEDI data lake,265.0,True,9.0185,9.0703,0.99429,30.52,0.0,303.80803,0.87226,True,0.87608,266.15866,0.99565,0.99565,False,0.0,False
2018-06-30,Public dataset: NREL PVDAQ (Photovoltaic Data Acquisition) via OEDI data lake,256.0,True,8.735,8.7607,0.99707,31.91,0.0,294.46336,0.86938,True,0.87633,258.0475,0.99207,0.99684,False,0.0,False
2018-07-01,Public dataset: NREL PVDAQ (Photovoltaic Data Acquisition) via OEDI data lake,255.0,True,8.6818,8.7091,0.99687,33.06,0.0,291.47544,0.87486,True,0.87659,255.50379,0.99803,0.99803,False,0.0,False
2018-07-02,Public dataset: NREL PVDAQ (Photovoltaic Data Acquisition) via OEDI data lake,259.0,True,8.6609,8.6966,0.99589,33.75,0.0,289.01886,0.89614,True,0.87684,253.42445,1.022,0.99908,False,0.0,False
2018-07-03,Public dataset: NREL PVDAQ (Photovoltaic Data Acquisition) via OEDI data lake,265.0,True,8.8831,8.9304,0.9947,32.79,0.0,297.78857,0.88989,True,0.8771,261.19043,1.01459,1.00536,False,0.0,False
2018-07-04,Public dataset: NREL PVDAQ (Photovoltaic Data Acquisition) via OEDI data lake,260.0,True,8.9638,8.9803,0.99816,31.9,0.0,301.32764,0.86285,True,0.87736,264.37178,0.98346,0.99803,False,0.0,False
2018-07-05,Public dataset: NREL PVDAQ (Photovoltaic Data Acquisition) via OEDI data lake,254.0,True,8.8992,8.9294,0.99662,33.99,0.0,296.8794,0.85557,True,0.87761,260.54517,0.97488,0.99684,False,0.0,False
2018-07-06,Public dataset: NREL PVDAQ (Photovoltaic Data Acquisition) via OEDI data lake,247.0,True,8.6724,8.7125,0.9954,36.44,0.0,285.81381,0.8642,True,0.87787,250.90711,0.98443,0.99565,False,0.0,False
2018-07-07,Public dataset: NREL PVDAQ (Photovoltaic Data Acquisition) via OEDI data lake,171.0,True,5.3472,8.2337,0.64943,35.22,0.53,184.49557,0.92685,False,0.87813,162.01024,1.05549,0.99505,False,0.0,False
2018-07-08,Public dataset: NREL PVDAQ (Photovoltaic Data Acquisition) via OEDI data lake,185.0,True,6.2362,8.0424,0.77542,36.75,0.02,210.06135,0.8807,False,0.87838,184.51403,1.00263,1.00631,False,0.0,False
2018-07-09,Public dataset: NREL PVDAQ (Photovoltaic Data Acquisition) via OEDI data lake,224.0,True,5.6383,7.9498,0.70924,33.57,1.58,198.3664,1.12922,False,0.87864,174.29224,1.2852,1.01829,False,0.0,False
2018-07-10,Public dataset: NREL PVDAQ (Photovoltaic Data Acquisition) via OEDI data lake,247.0,True,7.8329,8.1413,0.96212,29.31,9.36,274.79646,0.89885,True,0.87889,241.51701,1.0227,1.01864,False,0.0,False
2018-07-11,Public dataset: NREL PVDAQ (Photovoltaic Data Acquisition) via OEDI data lake,249.0,True,6.4094,8.0868,0.79258,30.35,1.95,228.14562,1.09141,False,0.87915,200.57433,1.24144,1.0227,False,0.0,False
2018-07-12,Public dataset: NREL PVDAQ (Photovoltaic Data Acquisition) via OEDI data lake,157.0,True,4.859,8.107,0.59936,29.54,2.08,172.71122,0.90903,False,0.87941,151.88341,1.03369,1.03798,False,0.0,False
2018-07-13,Public dataset: NREL PVDAQ (Photovoltaic Data Acquisition) via OEDI data lake,220.0,True,5.7763,8.1379,0.7098,29.63,2.16,208.34214,1.05596,False,0.87966,183.27088,1.20041,1.03798,False,0.0,False
2018-07-14,Public dataset: NREL PVDAQ (Photovoltaic Data Acquisition) via OEDI data lake,231.0,True,6.6055,8.0633,0.81921,32.77,0.26,227.42354,1.01573,False,0.87992,200.11436,1.15434,1.05327,False,0.0,False
2018-07-15,Public dataset: NREL PVDAQ (Photovoltaic Data Acquisition) via OEDI data lake,244.0,True,7.5504,8.1079,0.93124,31.18,4.32,262.79969,0.92846,True,0.88018,231.30987,1.05486,1.04555,False,0.0,False
2018-07-16,Public dataset: NREL PVDAQ (Photovoltaic Data Acquisition) via OEDI data lake,237.0,True,7.4906,8.1674,0.91713,33.87,0.08,255.64511,0.92707,True,0.88018,225.01433,1.05327,1.05327,False,0.0,False
2018-07-17,Public dataset: NREL PVDAQ (Photovoltaic Data Acquisition) via OEDI data lake,244.0,True,7.6488,8.0914,0.9453,33.75,0.03,262.29098,0.93026,True,0.88019,230.86571,1.05689,1.05327,False,0.0,False
2018-07-18,Public dataset: NREL PVDAQ (Photovoltaic Data Acquisition) via OEDI data lake,232.0,True,6.0401,7.8922,0.76533,33.63,0.3,212.68398,1.09082,False,0.8802,187.20363,1.23929,1.05486,False,0.0,False
2018-07-19,Public dataset: NREL PVDAQ (Photovoltaic Data Acquisition) via OEDI data lake,222.0,True,6.5165,7.915,0.82331,35.21,1.97,222.90448,0.99594,False,0.8802,196.2012,1.13149,1.05406,False,0.0,False
2018-07-20,Public dataset: NREL PVDAQ (Photovoltaic Data Acquisition) via OEDI data lake,203.0,True,7.1146,8.1137,0.87686,33.6,1.17,243.62004,0.83326,True,0.88021,214.43677,0.94667,1.05327,False,0.0,False
2018-07-21,Public dataset: NREL PVDAQ (Photovoltaic Data Acquisition) via OEDI data lake,115.0,True,5.4247,7.9697,0.68067,32.45,0.76,186.88333,0.61536,False,0.88022,164.49784,0.6991,1.04555,False,0.0,False
2018-07-22,Public dataset: NREL PVDAQ (Photovoltaic Data Acquisition) via OEDI data lake,243.0,True,7.6807,7.9584,0.96511,32.76,0.07,266.00083,0.91353,True,0.88022,234.14021,1.03784,1.03784,False,0.0,False
2018-07-23,Public dataset: NREL PVDAQ (Photovoltaic Data Acquisition) via OEDI data lake,241.0,True,7.5564,8.0938,0.9336,36.36,0.02,256.86963,0.93822,True,0.88023,226.10447,1.06588,1.03308,False,0.0,False
2018-07-24,Public dataset: NREL PVDAQ (Photovoltaic Data Acquisition) via OEDI data lake,207.0,True,6.7918,8.179,0.83039,38.08,0.06,230.92841,0.89638,False,0.88024,203.27181,1.01834,1.03308,False,0.0,False
2018-07-25,Public dataset: NREL PVDAQ (Photovoltaic Data Acquisition) via OEDI data lake,232.0,True,7.4052,8.2104,0.90193,38.51,0.85,246.51598,0.94112,True,0.88024,216.99426,1.06915,1.01836,False,0.0,False
2018-07-26,Public dataset: NREL PVDAQ (Photovoltaic Data Acquisition) via OEDI data lake,198.0,True,6.8278,8.0242,0.8509,38.31,0.0,227.25022,0.87129,True,0.88025,200.03724,0.98982,1.01836,False,0.0,False
2018-07-27,Public dataset: NREL PVDAQ (Photovoltaic Data Acquisition) via OEDI data lake,234.0,True,7.7249,8.1266,0.95057,38.18,0.33,258.50764,0.9052,True,0.88026,227.5534,1.02833,1.00839,False,0.0,False
2018-07-28,Public dataset: NREL PVDAQ (Photovoltaic Data Acquisition) via OEDI data lake,238.0,True,8.1331,8.2471,0.98618,36.54,0.0,274.32788,0.86757,True,0.88026,241.48117,0.98558,1.00839,False,0.0,False
2018-07-29,Public dataset: NREL PVDAQ (Photovoltaic Data Acquisition) via OEDI data lake,179.0,True,6.9348,7.8182,0.88701,35.44,0.02,233.66005,0.76607,True,0.88027,205.68432,0.87027,1.00572,False,0.0,False
2018-07-30,Public dataset: NREL PVDAQ (Photovoltaic Data Acquisition) via OEDI data lake,202.0,True,6.0228,7.5564,0.79705,35.04,3.32,206.33438,0.97899,False,0.88028,181.63172,1.11214,0.99643,False,0.0,False
2018-07-31,Public dataset: NREL PVDAQ (Photovoltaic Data Acquisition) via OEDI data lake,208.0,True,6.5186,7.4062,0.88015,34.66,0.56,224.02931,0.92845,True,0.88029,197.20972,1.05471,0.98826,False,0.0,False
2018-08-01,Public dataset: NREL PVDAQ (Photovoltaic Data Acquisition) via OEDI data lake,219.0,True,7.1995,7.7153,0.93315,36.56,0.0,246.70997,0.88768,True,0.88029,217.17687,1.00839,0.9897,False,0.0,False
2018-08-02,Public dataset: NREL PVDAQ (Photovoltaic Data Acquisition) via OEDI data lake,153.0,True,6.3418,7.813,0.8117,35.46,0.55,216.47425,0.70678,False,0.8803,190.56209,0.80289,0.98671,False,0.0,False
2018-08-03,Public dataset: NREL PVDAQ (Photovoltaic Data Acquisition) via OEDI data lake,222.0,True,7.4618,7.7618,0.96135,33.73,2.7,258.75412,0.85796,True,0.88031,227.78279,0.97461,0.98558,False,0.0,False
2018-08-04,Public dataset: NREL PVDAQ (Photovoltaic Data Acquisition) via OEDI data lake,241.0,True,8.053,8.2241,0.9792,35.22,0.0,272.93636,0.88299,True,0.88031,240.26938,1.00304,0.98558,False,0.0,False
2018-08-05,Public dataset: NREL PVDAQ (Photovoltaic Data Acquisition) via OEDI data lake,243.0,True,8.3731,8.4062,0.99606,33.12,0.0,284.51695,0.85408,True,0.88032,250.46588,0.97019,0.98671,False,0.0,False
2018-08-06,Public dataset: NREL PVDAQ (Photovoltaic Data Acquisition) via OEDI data lake,241.0,True,8.1365,8.1509,0.99823,34.85,0.0,277.44828,0.86863,True,0.88033,244.24509,0.98671,0.9897,False,0.0,False
2018-08-07,Public dataset: NREL PVDAQ (Photovoltaic Data Acquisition) via OEDI data lake,232.0,True,8.1722,8.1866,0.99824,36.44,0.0,276.63442,0.83865,True,0.88033,243.53052,0.95265,0.9882,False,0.0,False
2018-08-08,Public dataset: NREL PVDAQ (Photovoltaic Data Acquisition) via OEDI data lake,217.0,True,7.243,7.6961,0.94113,34.78,0.02,249.0621,0.87127,True,0.88034,219.2594,0.9897,0.98671,False,0.0,False
2018-08-09,Public dataset: NREL PVDAQ (Photovoltaic Data Acquisition) via OEDI data lake,212.0,True,7.1443,7.5461,0.94675,34.94,0.35,245.61221,0.86315,True,0.88035,216.224,0.98046,0.98359,False,0.0,False
2018-08-10,Public dataset: NREL PVDAQ (Photovoltaic Data Acquisition) via OEDI data lake,218.0,True,7.3018,7.459,0.97892,34.29,0.53,254.05412,0.85808,True,0.88035,223.65756,0.9747,0.98671,False,0.0,False
2018-08-11,Public dataset: NREL PVDAQ (Photovoltaic Data Acquisition) via OEDI data lake,220.0,True,7.0277,7.2125,0.97438,34.11,1.11,246.70645,0.89175,True,0.88036,217.1907,1.01293,0.9897,False,0.0,False
2018-08-12,Public dataset: NREL PVDAQ (Photovoltaic Data Acquisition) via OEDI data lake,230.0,True,6.157,7.1995,0.8552,31.61,6.73,220.82181,1.04156,True,0.88037,194.40439,1.1831,0.9897,False,0.0,False
2018-08-13,Public dataset: NREL PVDAQ (Photovoltaic Data Acquisition) via OEDI data lake,231.0,True,7.0205,7.3678,0.95286,32.8,0.0,245.61342,0.9405,True,0.88037,216.23181,1.0683,1.01293,False,0.0,False
2018-08-14,Public dataset: NREL PVDAQ (Photovoltaic Data Acquisition) via OEDI data lake,188.0,True,6.5498,7.4448,0.87978,33.69,0.0,226.19981,0.83112,True,0.88038,199.14212,0.94405,1.02876,False,0.0,False
2018-08-15,Public dataset: NREL PVDAQ (Photovoltaic Data Acquisition) via OEDI data lake,197.0,True,6.2158,7.4323,0.83632,32.69,1.15,216.95652,0.90802,False,0.88039,191.00598,1.03138,1.02876,False,0.0,False
2018-08-16,Public dataset: NREL PVDAQ (Photovoltaic Data Acquisition) via OEDI data lake,173.0,True,5.911,7.3714,0.80188,30.62,2.57,210.61022,0.82142,False,0.88,185.33693,0.93344,1.03017,False,0.0,False
2018-08-17,Public dataset: NREL PVDAQ (Photovoltaic Data Acquisition) via OEDI data lake,229.0,True,6.787,7.4616,0.90959,32.89,0.54,240.16129,0.95353,True,0.87961,211.24853,1.08403,1.03017,False,0.0,False
2018-08-18,Public dataset: NREL PVDAQ (Photovoltaic Data Acquisition) via OEDI data lake,225.0,True,7.0973,7.5302,0.94251,34.23,0.0,248.75341,0.90451,True,0.87922,218.70959,1.02876,1.03752,False,0.0,False
2018-08-19,Public dataset: NREL PVDAQ (Photovoltaic Data Acquisition) via OEDI data lake,225.0,True,6.5326,7.3735,0.88596,35.6,0.0,227.43676,0.98929,True,0.87883,199.87913,1.12568,1.03752,False,0.0,False
2018-08-20,Public dataset: NREL PVDAQ (Photovoltaic Data Acquisition) via OEDI data lake,229.0,True,7.2528,7.6826,0.94406,35.47,0.0,251.25991,0.91141,True,0.87845,220.71808,1.03752,1.03017,False,0.0,False
2018-08-21,Public dataset: NREL PVDAQ (Photovoltaic Data Acquisition) via OEDI data lake,239.0,True,6.8174,7.5286,0.90553,34.57,0.02,241.9059,0.98799,True,0.87806,212.40709,1.1252,1.02876,False,0.0,False
2018-08-22,Public dataset: NREL PVDAQ (Photovoltaic Data Acquisition) via OEDI data lake,222.0,True,7.0846,7.5307,0.94076,32.75,0.18,251.36548,0.88318,True,0.87767,220.61545,1.00628,1.02876,False,0.0,False
2018-08-23,Public dataset: NREL PVDAQ (Photovoltaic Data Acquisition) via OEDI data lake,235.0,True,7.3282,7.506,0.97631,32.85,0.01,260.02937,0.90374,True,0.87728,228.11842,1.03017,1.02025,False,0.0,False
2018-08-24,Public dataset: NREL PVDAQ (Photovoltaic Data Acquisition) via OEDI data lake,218.0,True,7.483,7.7858,0.96111,32.26,0.0,263.67875,0.82676,True,0.87689,231.21748,0.94284,1.01174,False,0.0,False
2018-08-25,Public dataset: NREL PVDAQ (Photovoltaic Data Acquisition) via OEDI data lake,227.0,True,6.4438,7.4503,0.8649,31.98,0.0,233.28095,0.97308,True,0.8765,204.47127,1.11018,1.00639,False,0.0,False
2018-08-26,Public dataset: NREL PVDAQ (Photovoltaic Data Acquisition) via OEDI data lake,236.0,True,7.475,7.5221,0.99374,32.06,0.0,266.24673,0.8864,True,0.87611,233.26239,1.01174,1.00639,False,0.0,False
2018-08-27,Public dataset: NREL PVDAQ (Photovoltaic Data Acquisition) via OEDI data lake,243.0,True,7.9135,7.9522,0.99513,29.75,0.0,282.46295,0.86029,True,0.87573,247.35987,0.98237,1.00633,False,0.0,False
2018-08-28,Public dataset: NREL PVDAQ (Photovoltaic Data Acquisition) via OEDI data lake,231.0,True,7.4287,7.5403,0.9852,29.0,0.0,268.93235,0.85895,True,0.87534,235.40627,0.98128,1.00628,False,0.0,False
2018-08-29,Public dataset: NREL PVDAQ (Photovoltaic Data Acquisition) via OEDI data lake,200.0,True,6.4536,7.2612,0.88878,30.33,0.0,229.59639,0.87109,True,0.87495,200.88485,0.9956,1.00628,False,0.0,False
2018-08-30,Public dataset: NREL PVDAQ (Photovoltaic Data Acquisition) via OEDI data lake,215.0,True,6.6581,7.4746,0.89076,30.27,0.0,244.27711,0.88015,True,0.87456,213.63478,1.00639,1.00639,False,0.0,False
2018-08-31,Public dataset: NREL PVDAQ (Photovoltaic Data Acquisition) via OEDI data lake,241.0,True,7.583,7.6481,0.99149,29.55,0.0,274.13086,0.87914,True,0.87417,239.63713,1.00569,1.00569,False,0.0,False
2018-09-01,Public dataset: NREL PVDAQ (Photovoltaic Data Acquisition) via OEDI data lake,214.0,True,7.2962,7.4446,0.98007,30.32,0.0,263.31432,0.81272,True,0.87378,230.0793,0.93011,1.00569,False,0.0,False
2018-09-02,Public dataset: NREL PVDAQ (Photovoltaic Data Acquisition) via OEDI data lake,221.0,True,6.1745,6.913,0.89317,30.63,0.0,221.98428,0.99557,True,0.87339,193.8796,1.13988,1.00382,False,0.0,False
2018-09-03,Public dataset: NREL PVDAQ (Photovoltaic Data Acquisition) via OEDI data lake,216.0,True,5.6458,6.8016,0.83007,29.99,0.14,202.1788,1.06836,False,0.873,176.50305,1.22377,1.00306,False,0.0,False
2018-09-04,Public dataset: NREL PVDAQ (Photovoltaic Data Acquisition) via OEDI data lake,214.0,True,4.9786,6.637,0.75013,28.32,1.15,185.75182,1.15207,False,0.87262,162.09004,1.32025,1.00306,False,0.0,False
2018-09-05,Public dataset: NREL PVDAQ (Photovoltaic Data Acquisition) via OEDI data lake,215.0,True,5.6402,6.5815,0.85698,30.45,0.35,207.07115,1.03829,True,0.87223,180.61316,1.19039,1.00382,False,0.0,False
2018-09-06,Public dataset: NREL PVDAQ (Photovoltaic Data Acquisition) via OEDI data lake,218.0,True,5.9779,6.7073,0.89125,31.81,0.0,219.77063,0.99194,True,0.87184,191.60459,1.13776,1.00569,False,0.0,False
2018-09-07,Public dataset: NREL PVDAQ (Photovoltaic Data Acquisition) via OEDI data lake,216.0,True,6.7882,7.0488,0.96303,33.13,0.0,246.91934,0.87478,True,0.87145,215.17794,1.00382,1.00569,False,0.0,False
2018-09-08,Public dataset: NREL PVDAQ (Photovoltaic Data Acquisition) via OEDI data lake,220.0,True,7.0106,7.0536,0.9939,33.67,0.0,251.79562,0.87372,True,0.87106,219.32952,1.00306,1.00872,False,0.0,False
2018-09-09,Public dataset: NREL PVDAQ (Photovoltaic Data Acquisition) via OEDI data lake,220.0,True,6.9749,6.9977,0.99674,32.14,0.0,252.808,0.87023,True,0.87067,220.11313,0.99949,1.00952,False,0.0,False
2018-09-10,Public dataset: NREL PVDAQ (Photovoltaic Data Acquisition) via OEDI data lake,219.0,True,7.0886,7.1105,0.99692,30.65,0.0,258.56921,0.84697,True,0.87028,225.02877,0.97321,1.00952,False,0.0,False
2018-09-11,Public dataset: NREL PVDAQ (Photovoltaic Data Acquisition) via OEDI data lake,222.0,True,7.0994,7.1218,0.99685,30.15,0.0,260.22081,0.85312,True,0.8699,226.36501,0.98072,1.01255,False,0.0,False
2018-09-12,Public dataset: NREL PVDAQ (Photovoltaic Data Acquisition) via OEDI data lake,230.0,True,7.0632,7.0848,0.99695,28.44,0.0,262.2297,0.87709,True,0.86951,228.01063,1.00872,1.00952,False,0.0,False
2018-09-13,Public dataset: NREL PVDAQ (Photovoltaic Data Acquisition) via OEDI data lake,235.0,True,6.9775,7.1215,0.97978,27.39,0.0,258.70921,0.90836,True,0.86912,224.849,1.04515,1.00872,False,0.0,False
2018-09-14,Public dataset: NREL PVDAQ (Photovoltaic Data Acquisition) via OEDI data lake,223.0,True,6.8834,6.9137,0.99562,28.83,0.0,254.27556,0.877,True,0.86873,220.89682,1.00952,1.00382,False,0.0,False
2018-09-15,Public dataset: NREL PVDAQ (Photovoltaic Data Acquisition) via OEDI data lake,219.0,True,6.5568,6.6994,0.97871,30.34,0.0,241.18739,0.90801,True,0.86834,209.433,1.04568,1.00609,False,0.0,False
2018-09-16,Public dataset: NREL PVDAQ (Photovoltaic Data Acquisition) via OEDI data lake,214.0,True,6.5542,6.6643,0.98348,30.21,0.0,242.73692,0.88161,True,0.8681,210.71891,1.01557,1.00872,False,0.0,False
2018-09-17,Public dataset: NREL PVDAQ (Photovoltaic Data Acquisition) via OEDI data lake,220.0,True,6.697,6.7174,0.99696,29.41,0.0,249.04827,0.88336,True,0.86785,216.13659,1.01787,1.00952,False,0.0,False
2018-09-18,Public dataset: NREL PVDAQ (Photovoltaic Data Acquisition) via OEDI data lake,229.0,True,6.955,6.9991,0.9937,28.38,0.0,258.11479,0.8872,True,0.8676,223.94157,1.02259,1.00952,False,0.0,False
2018-09-19,Public dataset: NREL PVDAQ (Photovoltaic Data Acquisition) via OEDI data lake,225.0,True,7.103,7.1333,0.99575,27.49,0.0,265.07007,0.84883,True,0.86736,229.9109,0.97864,1.00952,False,0.0,False
2018-09-20,Public dataset: NREL PVDAQ (Photovoltaic Data Acquisition) via OEDI data lake,215.0,True,6.7726,6.8066,0.995,27.96,0.0,257.18965,0.83596,True,0.86711,223.01258,0.96407,1.01557,False,0.0,False
2018-09-21,Public dataset: NREL PVDAQ (Photovoltaic Data Acquisition) via OEDI data lake,206.0,True,6.331,6.353,0.99654,28.41,0.0,239.7218,0.85933,True,0.86687,207.80709,0.9913,1.01557,False,0.0,False
2018-09-22,Public dataset: NREL PVDAQ (Photovoltaic Data Acquisition) via OEDI data lake,204.0,True,6.1882,6.2191,0.99503,29.48,0.0,233.97117,0.8719,True,0.86662,202.76459,1.00609,1.01787,False,0.0,False
2018-09-23,Public dataset: NREL PVDAQ (Photovoltaic Data Acquisition) via OEDI data lake,198.0,True,5.8092,6.2609,0.92785,29.64,0.0,220.62095,0.89747,True,0.86638,191.1408,1.03589,1.01787,False,0.0,False
2018-09-24,Public dataset: NREL PVDAQ (Photovoltaic Data Acquisition) via OEDI data lake,196.0,True,5.8754,6.2467,0.94056,29.34,0.0,221.01137,0.88683,True,0.86613,191.42477,1.0239,1.02023,False,0.0,False
2018-09-25,Public dataset: NREL PVDAQ (Photovoltaic Data Acquisition) via OEDI data lake,203.0,True,6.175,6.2035,0.99541,28.52,0.0,237.23635,0.85569,True,0.86589,205.41946,0.98822,1.02259,False,0.0,False
2018-09-26,Public dataset: NREL PVDAQ (Photovoltaic Data Acquisition) via OEDI data lake,208.0,True,6.1795,6.217,0.99397,27.75,0.01,238.14665,0.87341,True,0.86564,206.14918,1.00898,1.01644,False,0.0,False
2018-09-27,Public dataset: NREL PVDAQ (Photovoltaic Data Acquisition) via OEDI data lake,206.0,True,6.0058,6.1135,0.98238,28.47,0.0,230.65431,0.89311,True,0.86539,199.60686,1.03203,1.02512,False,0.0,False
2018-09-28,Public dataset: NREL PVDAQ (Photovoltaic Data Acquisition) via OEDI data lake,193.0,True,5.6856,5.9683,0.95263,29.38,0.0,217.35667,0.88794,True,0.86515,188.04578,1.02635,1.02512,False,0.0,False
2018-09-29,Public dataset: NREL PVDAQ (Photovoltaic Data Acquisition) via OEDI data lake,198.0,True,5.7571,6.0187,0.95654,28.71,0.0,223.03336,0.88776,True,0.8649,192.90217,1.02643,1.02635,False,0.0,False
2018-09-30,Public dataset: NREL PVDAQ (Photovoltaic Data Acquisition) via OEDI data lake,201.0,True,5.7098,5.9263,0.96347,27.93,0.01,219.51832,0.91564,True,0.86466,189.80809,1.05896,1.02639,False,0.0,False
2018-10-01,Public dataset: NREL PVDAQ (Photovoltaic Data Acquisition) via OEDI data lake,171.0,True,4.3258,5.6004,0.77241,26.12,0.65,164.64606,1.03859,False,0.86441,142.32196,1.2015,1.02639,False,0.0,False
2018-10-02,Public dataset: NREL PVDAQ (Photovoltaic Data Acquisition) via OEDI data lake,121.0,True,3.6715,5.4631,0.67205,25.79,0.14,141.35927,0.85597,False,0.86417,122.15787,0.99052,1.02639,False,0.0,False
2018-10-03,Public dataset: NREL PVDAQ (Photovoltaic Data Acquisition) via OEDI data lake,149.0,True,4.4333,5.5886,0.79328,25.27,2.66,172.59709,0.86328,False,0.86392,149.11014,0.99926,1.02639,False,0.0,False
2018-10-04,Public dataset: NREL PVDAQ (Photovoltaic Data Acquisition) via OEDI data lake,182.0,True,4.9944,5.6496,0.88403,22.17,0.89,200.32569,0.90852,True,0.86367,173.01623,1.05192,1.02643,False,0.0,False
2018-10-05,Public dataset: NREL PVDAQ (Photovoltaic Data Acquisition) via OEDI data lake,187.0,True,5.3736,5.7362,0.93679,22.56,0.05,217.28757,0.86061,True,0.86343,187.6124,0.99674,1.02643,False,0.0,False
2018-10-06,Public dataset: NREL PVDAQ (Photovoltaic Data Acquisition) via OEDI data lake,122.0,True,3.2038,5.5306,0.57929,20.81,0.66,128.40247,0.95014,False,0.86318,110.83488,1.10074,1.03129,False,0.0,False
2018-10-07,Public dataset: NREL PVDAQ (Photovoltaic Data Acquisition) via OEDI data lake,53.0,True,3.0926,5.645,0.54785,17.94,0.05,123.83547,0.42799,False,0.86294,106.86231,0.49597,1.03129,False,0.0,False
2018-10-08,Public dataset: NREL PVDAQ (Photovoltaic Data Acquisition) via OEDI data lake,202.0,True,5.5236,5.6834,0.97188,18.22,0.0,227.04737,0.88968,True,0.86269,195.872,1.03129,1.0076,False,0.0,False
2018-10-09,Public dataset: NREL PVDAQ (Photovoltaic Data Acquisition) via OEDI data lake,199.0,True,5.5663,5.5994,0.99409,19.32,0.0,230.2718,0.8642,True,0.86245,198.59713,1.00203,1.0076,False,0.0,False
2018-10-10,Public dataset: NREL PVDAQ (Photovoltaic Data Acquisition) via OEDI data lake,187.0,True,5.2486,5.4509,0.96289,19.44,0.02,215.63752,0.8672,True,0.8622,185.92288,1.00579,1.0067,False,0.0,False
2018-10-11,Public dataset: NREL PVDAQ (Photovoltaic Data Acquisition) via OEDI data lake,177.0,True,4.2523,5.257,0.80888,19.86,0.64,171.54918,1.03177,False,0.86196,147.86774,1.19702,1.00579,False,0.0,False
2018-10-12,Public dataset: NREL PVDAQ (Photovoltaic Data Acquisition) via OEDI data lake,195.0,True,5.161,5.2164,0.98938,20.02,0.1,215.41958,0.90521,True,0.86171,185.62915,1.05048,1.00579,False,0.0,False
2018-10-13,Public dataset: NREL PVDAQ (Photovoltaic Data Acquisition) via OEDI data lake,184.0,True,4.9613,5.2469,0.94557,20.1,0.24,206.96232,0.88905,True,0.86146,178.29061,1.03202,1.0076,False,0.0,False
2018-10-14,Public dataset: NREL PVDAQ (Photovoltaic Data Acquisition) via OEDI data lake,202.0,True,5.5637,5.6086,0.99199,16.43,0.0,235.82634,0.85656,True,0.86122,203.09801,0.99459,1.0076,False,0.0,False
2018-10-15,Public dataset: NREL PVDAQ (Photovoltaic Data Acquisition) via OEDI data lake,208.0,True,5.5332,5.5697,0.99345,12.81,0.0,239.76574,0.86751,True,0.86097,206.4318,1.0076,1.01199,False,0.0,False
2018-10-16,Public dataset: NREL PVDAQ (Photovoltaic Data Acquisition) via OEDI data lake,130.0,True,4.5442,5.347,0.84986,13.43,0.0,189.73387,0.68517,False,0.86068,163.30036,0.79608,1.01199,False,0.0,False
2018-10-17,Public dataset: NREL PVDAQ (Photovoltaic Data Acquisition) via OEDI data lake,188.0,True,5.1293,5.172,0.99174,15.2,0.0,220.79176,0.85148,True,0.86039,189.96689,0.98965,1.02323,False,0.0,False
2018-10-18,Public dataset: NREL PVDAQ (Photovoltaic Data Acquisition) via OEDI data lake,185.0,True,5.1077,5.1302,0.99561,16.57,0.0,219.06411,0.8445,True,0.8601,188.41653,0.98187,1.02323,False,0.0,False
2018-10-19,Public dataset: NREL PVDAQ (Photovoltaic Data Acquisition) via OEDI data lake,190.0,True,5.0957,5.1233,0.99461,17.77,0.0,217.41751,0.87389,True,0.85981,186.93686,1.01639,1.01639,False,0.0,False
2018-10-20,Public dataset: NREL PVDAQ (Photovoltaic Data Acquisition) via OEDI data lake,175.0,True,4.7088,4.9411,0.95299,20.2,0.03,197.66038,0.88536,True,0.85951,169.8919,1.03007,1.01639,False,0.0,False
2018-10-21,Public dataset: NREL PVDAQ (Photovoltaic Data Acquisition) via OEDI data lake,178.0,True,3.7318,4.7287,0.78918,19.84,4.78,159.76505,1.11414,False,0.85922,137.27372,1.29668,1.0076,False,0.0,False
2018-10-22,Public dataset: NREL PVDAQ (Photovoltaic Data Acquisition) via OEDI data lake,179.0,True,4.332,4.7587,0.91033,18.94,3.6,182.76029,0.97943,True,0.85893,156.97842,1.14028,1.00861,False,0.0,False
2018-10-23,Public dataset: NREL PVDAQ (Photovoltaic Data Acquisition) via OEDI data lake,175.0,True,4.5029,4.7573,0.94652,19.14,0.0,191.92479,0.91182,True,0.85864,164.7941,1.06193,1.00985,False,0.0,False
2018-10-24,Public dataset: NREL PVDAQ (Photovoltaic Data Acquisition) via OEDI data lake,175.0,True,4.6145,4.657,0.99087,19.85,0.0,197.62014,0.88554,True,0.85835,169.62669,1.03168,1.00923,False,0.0,False
2018-10-25,Public dataset: NREL PVDAQ (Photovoltaic Data Acquisition) via OEDI data lake,164.0,True,4.4758,4.7059,0.9511,21.29,0.0,190.89781,0.8591,True,0.85806,163.80091,1.00122,1.01312,False,0.0,False
2018-10-26,Public dataset: NREL PVDAQ (Photovoltaic Data Acquisition) via OEDI data lake,171.0,True,4.6238,4.6882,0.98626,20.11,0.0,197.94487,0.86388,True,0.85776,169.78992,1.00713,1.02323,False,0.0,False
2018-10-27,Public dataset: NREL PVDAQ (Photovoltaic Data Acquisition) via OEDI data lake,166.0,True,4.153,4.5725,0.90826,20.89,0.0,176.36144,0.94125,True,0.85747,151.22499,1.0977,1.03087,False,0.0,False
2018-10-28,Public dataset: NREL PVDAQ (Photovoltaic Data Acquisition) via OEDI data lake,151.0,True,4.3932,4.56,0.96342,20.42,0.0,186.24028,0.81078,True,0.85718,159.64148,0.94587,1.03168,False,0.0,False
2018-10-29,Public dataset: NREL PVDAQ (Photovoltaic Data Acquisition) via OEDI data lake,165.0,True,4.4695,4.5706,0.97788,20.18,0.0,190.91358,0.86427,True,0.85689,163.59164,1.00861,1.02076,False,0.0,False
2018-10-30,Public dataset: NREL PVDAQ (Photovoltaic Data Acquisition) via OEDI data lake,176.0,True,4.6313,4.6637,0.99305,16.71,0.0,203.4599,0.86504,True,0.8566,174.28308,1.00985,1.00923,False,0.0,False
2018-10-31,Public dataset: NREL PVDAQ (Photovoltaic Data Acquisition) via OEDI data lake,173.0,True,4.5857,4.6176,0.99309,14.04,0.0,204.92474,0.84421,True,0.8563,175.47808,0.98588,1.00787,False,0.0,False
2018-11-01,Public dataset: NREL PVDAQ (Photovoltaic Data Acquisition) via OEDI data lake,160.0,True,4.0267,4.3325,0.92942,16.94,0.0,175.37702,0.91232,True,0.85601,150.12505,1.06578,1.00625,False,0.0,False
2018-11-02,Public dataset: NREL PVDAQ (Photovoltaic Data Acquisition) via OEDI data lake,162.0,True,4.2233,4.3889,0.96227,18.29,0.0,183.00064,0.88524,True,0.85572,156.59759,1.0345,1.00787,False,0.0,False
2018-11-03,Public dataset: NREL PVDAQ (Photovoltaic Data Acquisition) via OEDI data lake,158.0,True,3.9802,4.3807,0.90858,17.83,0.0,170.88676,0.92459,True,0.85543,146.18162,1.08085,1.00699,False,0.0,False
2018-11-04,Public dataset: NREL PVDAQ (Photovoltaic Data Acquisition) via OEDI data lake,127.0,True,3.4874,4.2451,0.82151,17.02,0.0,148.9526,0.85262,False,0.85514,127.37503,0.99706,1.00023,False,0.0,False
2018-11-05,Public dataset: NREL PVDAQ (Photovoltaic Data Acquisition) via OEDI data lake,158.0,True,4.2072,4.2972,0.97906,17.88,0.0,186.70269,0.84627,True,0.85485,159.6021,0.98996,1.00699,False,0.0,False
2018-11-06,Public dataset: NREL PVDAQ (Photovoltaic Data Acquisition) via OEDI data lake,161.0,True,4.3306,4.362,0.9928,17.68,0.0,193.73022,0.83105,True,0.85455,165.55303,0.9725,1.00761,False,0.0,False
2018-11-07,Public dataset: NREL PVDAQ (Photovoltaic Data Acquisition) via OEDI data lake,161.0,True,4.2761,4.3193,0.99,15.53,0.0,192.38554,0.83686,True,0.85426,164.3478,0.97963,1.00841,False,0.0,False
2018-11-08,Public dataset: NREL PVDAQ (Photovoltaic Data Acquisition) via OEDI data lake,171.0,True,4.3082,4.3363,0.99352,11.94,0.0,199.16977,0.85856,True,0.85397,170.08521,1.00538,1.00841,False,0.0,False
2018-11-09,Public dataset: NREL PVDAQ (Photovoltaic Data Acquisition) via OEDI data lake,170.0,True,4.2444,4.2713,0.9937,10.3,0.0,196.886,0.86344,True,0.85368,168.0775,1.01144,1.00538,False,0.0,False
2018-11-10,Public dataset: NREL PVDAQ (Photovoltaic Data Acquisition) via OEDI data lake,161.0,True,4.1722,4.2151,0.98982,10.84,0.0,192.52752,0.83624,True,0.85339,164.30059,0.97991,1.00538,False,0.0,False
2018-11-11,Public dataset: NREL PVDAQ (Photovoltaic Data Acquisition) via OEDI data lake,169.0,True,4.2516,4.278,0.99383,9.0,0.0,199.07984,0.84891,True,0.8531,169.83417,0.99509,1.00116,False,0.0,False
2018-11-12,Public dataset: NREL PVDAQ (Photovoltaic Data Acquisition) via OEDI data lake,168.0,True,4.1242,4.163,0.99068,7.25,0.0,194.71671,0.86279,True,0.8528,166.0552,1.01171,0.99812,False,0.0,False
2018-11-13,Public dataset: NREL PVDAQ (Photovoltaic Data Acquisition) via OEDI data lake,157.0,True,3.6163,4.0128,0.90119,7.76,0.0,170.04431,0.92329,True,0.85251,144.96487,1.08302,1.00327,False,0.0,False
2018-11-14,Public dataset: NREL PVDAQ (Photovoltaic Data Acquisition) via OEDI data lake,155.0,True,3.779,3.9024,0.96838,11.0,0.0,177.08759,0.87527,True,0.85222,150.91769,1.02705,1.00841,False,0.0,False
2018-11-15,Public dataset: NREL PVDAQ (Photovoltaic Data Acquisition) via OEDI data lake,148.0,True,3.7567,3.8402,0.97826,12.97,0.0,173.52198,0.85292,True,0.85193,147.82838,1.00116,1.01157,False,0.0,False
2018-11-16,Public dataset: NREL PVDAQ (Photovoltaic Data Acquisition) via OEDI data lake,116.0,True,3.1013,3.7046,0.83715,12.93,0.0,140.91402,0.8232,False,0.85147,119.98364,0.9668,1.01157,False,0.0,False
2018-11-17,Public dataset: NREL PVDAQ (Photovoltaic Data Acquisition) via OEDI data lake,139.0,True,3.4416,3.6439,0.94448,13.12,0.0,159.19213,0.87316,True,0.85101,135.47333,1.02603,1.00644,False,0.0,False
2018-11-18,Public dataset: NREL PVDAQ (Photovoltaic Data Acquisition) via OEDI data lake,151.0,True,3.8237,3.853,0.9924,10.72,0.0,180.9954,0.83428,True,0.85054,153.94444,0.98087,1.01171,False,0.0,False
2018-11-19,Public dataset: NREL PVDAQ (Photovoltaic Data Acquisition) via OEDI data lake,142.0,True,3.6422,3.925,0.92795,9.59,0.0,170.49767,0.83286,True,0.85008,144.93693,0.97974,1.02603,False,0.0,False
2018-11-20,Public dataset: NREL PVDAQ (Photovoltaic Data Acquisition) via OEDI data lake,145.0,True,3.3012,3.7046,0.89111,10.45,0.0,155.79733,0.9307,True,0.84962,132.36849,1.09543,1.02654,False,0.0,False
2018-11-21,Public dataset: NREL PVDAQ (Photovoltaic Data Acquisition) via OEDI data lake,139.0,True,3.3876,3.6134,0.93751,11.72,0.0,156.42115,0.88863,True,0.84916,132.82627,1.04648,1.02603,False,0.0,False
2018-11-22,Public dataset: NREL PVDAQ (Photovoltaic Data Acquisition) via OEDI data lake,146.0,True,3.1255,3.5674,0.87613,12.39,0.22,145.9254,1.00051,True,0.8487,123.84632,1.17888,1.0136,False,0.0,False
2018-11-23,Public dataset: NREL PVDAQ (Photovoltaic Data Acquisition) via OEDI data lake,128.0,True,3.2738,3.595,0.91065,10.84,0.0,154.50787,0.82844,True,0.84823,131.05888,0.97666,1.02603,False,0.0,False
2018-11-24,Public dataset: NREL PVDAQ (Photovoltaic Data Acquisition) via OEDI data lake,138.0,True,3.5299,3.57,0.98877,12.13,0.0,167.36543,0.82454,True,0.84777,141.88781,0.9726,1.03626,False,0.0,False
2018-11-25,Public dataset: NREL PVDAQ (Photovoltaic Data Acquisition) via OEDI data lake,124.0,True,2.9587,3.553,0.83273,9.08,0.0,137.79702,0.89987,False,0.84731,116.75689,1.06204,1.02422,False,0.0,False
2018-11-26,Public dataset: NREL PVDAQ (Photovoltaic Data Acquisition) via OEDI data lake,139.0,True,3.3134,3.582,0.92501,9.13,0.0,155.45789,0.89413,True,0.84685,131.64935,1.05584,1.03111,False,0.0,False
2018-11-27,Public dataset: NREL PVDAQ (Photovoltaic Data Acquisition) via OEDI data lake,115.0,True,2.9172,3.4354,0.84916,10.79,0.0,136.8644,0.84025,False,0.84639,115.84026,0.99275,1.04648,False,0.0,False
2018-11-28,Public dataset: NREL PVDAQ (Photovoltaic Data Acquisition) via OEDI data lake,116.0,True,2.3045,3.3024,0.69783,13.01,0.21,99.95076,1.16057,False,0.84593,84.55087,1.37196,1.03111,False,0.0,False
2018-11-29,Public dataset: NREL PVDAQ (Photovoltaic Data Acquisition) via OEDI data lake,43.0,True,1.3078,3.329,0.39285,10.62,7.23,54.27256,,False,0.84546,45.88547,,1.01574,False,0.0,False
2018-11-30,Public dataset: NREL PVDAQ (Photovoltaic Data Acquisition) via OEDI data lake,117.0,True,2.8752,3.4411,0.83555,9.76,0.5,135.62486,0.86267,False,0.845,114.60323,1.02091,1.00885,False,0.0,False
2018-12-01,Public dataset: NREL PVDAQ (Photovoltaic Data Acquisition) via OEDI data lake,136.0,True,3.0818,3.3943,0.90793,8.7,0.0,146.95507,0.92545,True,0.84454,124.10942,1.09581,1.00885,False,0.0,False
2018-12-02,Public dataset: NREL PVDAQ (Photovoltaic Data Acquisition) via OEDI data lake,146.0,True,3.4886,3.5436,0.98448,7.21,0.0,172.63052,0.84574,True,0.84408,145.71363,1.00197,1.03579,False,0.0,False
2018-12-03,Public dataset: NREL PVDAQ (Photovoltaic Data Acquisition) via OEDI data lake,143.0,True,3.3434,3.4454,0.9704,5.06,0.0,166.88124,0.8569,True,0.84362,140.78372,1.01574,1.03579,False,0.0,False
2018-12-04,Public dataset: NREL PVDAQ (Photovoltaic Data Acquisition) via OEDI data lake,125.0,True,2.8087,3.3113,0.84822,5.51,0.0,134.57466,0.92885,False,0.84315,113.46722,1.10164,1.01053,False,0.0,False
2018-12-05,Public dataset: NREL PVDAQ (Photovoltaic Data Acquisition) via OEDI data lake,44.0,True,1.3315,3.2688,0.40734,5.8,0.14,56.28321,,False,0.84269,47.42944,,1.00532,False,0.0,False
2018-12-06,Public dataset: NREL PVDAQ (Photovoltaic Data Acquisition) via OEDI data lake,41.0,True,1.5557,3.2062,0.48522,7.9,1.88,65.66011,0.62443,False,0.84223,55.30096,0.7414,1.00364,False,0.0,False
2018-12-07,Public dataset: NREL PVDAQ (Photovoltaic Data Acquisition) via OEDI data lake,49.0,True,1.8103,3.2244,0.56144,8.61,3.39,78.25523,0.62616,False,0.84177,65.87283,0.74386,1.00364,False,0.0,False
2018-12-08,Public dataset: NREL PVDAQ (Photovoltaic Data Acquisition) via OEDI data lake,130.0,True,3.2141,3.3113,0.97065,9.94,0.0,156.52908,0.83052,True,0.84131,131.68904,0.98717,1.00197,False,0.0,False
2018-12-09,Public dataset: NREL PVDAQ (Photovoltaic Data Acquisition) via OEDI data lake,132.0,True,3.0372,3.2455,0.93582,8.28,0.0,146.77541,0.89933,True,0.84085,123.41543,1.06956,1.00197,False,0.0,False
2018-12-10,Public dataset: NREL PVDAQ (Photovoltaic Data Acquisition) via OEDI data lake,117.0,True,2.0899,3.1956,0.65399,9.56,0.0,93.11248,1.25654,False,0.84038,78.2502,1.4952,1.00187,False,0.0,False
2018-12-11,Public dataset: NREL PVDAQ (Photovoltaic Data Acquisition) via OEDI data lake,132.0,True,3.186,3.2443,0.98203,10.81,0.0,156.32595,0.84439,True,0.83992,131.30157,1.00532,1.00187,False,0.0,False
2018-12-12,Public dataset: NREL PVDAQ (Photovoltaic Data Acquisition) via OEDI data lake,123.0,True,3.0269,3.3283,0.90944,9.4,0.0,146.75525,0.83813,True,0.83946,123.19516,0.99842,1.00532,False,0.0,False
2018-12-13,Public dataset: NREL PVDAQ (Photovoltaic Data Acquisition) via OEDI data lake,134.0,True,3.2434,3.2736,0.99077,6.47,0.0,162.04399,0.82694,True,0.839,135.95461,0.98562,1.00532,False,0.0,False
2018-12-14,Public dataset: NREL PVDAQ (Photovoltaic Data Acquisition) via OEDI data lake,76.0,True,2.2454,3.1598,0.71061,6.75,0.0,103.80448,0.73215,False,0.83854,87.04383,0.87312,1.00532,False,0.0,False
2018-12-15,Public dataset: NREL PVDAQ (Photovoltaic Data Acquisition) via OEDI data lake,132.0,True,3.2357,3.2782,0.98704,8.89,0.0,160.54347,0.82221,True,0.83807,134.54739,0.98107,1.00187,False,0.0,False
2018-12-16,Public dataset: NREL PVDAQ (Photovoltaic Data Acquisition) via OEDI data lake,131.0,True,3.1541,3.1961,0.98686,9.97,0.0,155.02133,0.84505,True,0.84024,130.25507,1.00572,1.00532,False,0.0,False
2018-12-17,Public dataset: NREL PVDAQ (Photovoltaic Data Acquisition) via OEDI data lake,73.0,True,1.7902,3.0946,0.57849,10.18,0.06,80.18495,0.9104,False,0.8424,67.54819,1.08071,1.00187,False,0.0,False
2018-12-18,Public dataset: NREL PVDAQ (Photovoltaic Data Acquisition) via OEDI data lake,115.0,True,2.7838,3.2098,0.86728,9.84,0.0,133.02866,0.86448,True,0.84457,112.35201,1.02357,1.00187,False,0.0,False
2018-12-19,Public dataset: NREL PVDAQ (Photovoltaic Data Acquisition) via OEDI data lake,127.0,True,3.0619,3.2311,0.94763,10.36,0.0,148.14198,0.85729,True,0.84674,125.43702,1.01246,0.99202,False,0.0,False
2018-12-20,Public dataset: NREL PVDAQ (Photovoltaic Data Acquisition) via OEDI data lake,98.0,True,2.616,3.2162,0.81338,10.31,0.0,121.36513,0.80748,False,0.8489,103.02689,0.95121,0.98562,False,0.0,False
2018-12-21,Public dataset: NREL PVDAQ (Photovoltaic Data Acquisition) via OEDI data lake,95.0,True,2.4542,3.1282,0.78454,10.66,0.0,119.75294,0.7933,False,0.85107,101.91759,0.93213,0.99339,False,0.0,False
2018-12-22,Public dataset: NREL PVDAQ (Photovoltaic Data Acquisition) via OEDI data lake,125.0,True,3.2052,3.3106,0.96816,9.65,0.0,157.27824,0.79477,True,0.85323,134.19459,0.93148,0.98107,True,0.01893,False
2018-12-23,Public dataset: NREL PVDAQ (Photovoltaic Data Acquisition) via OEDI data lake,91.0,True,2.3482,3.1567,0.74388,9.66,0.0,106.23259,0.85661,False,0.8554,90.8709,1.00142,0.98589,True,0.01411,False
2018-12-24,Public dataset: NREL PVDAQ (Photovoltaic Data Acquisition) via OEDI data lake,111.0,True,2.4173,3.1526,0.76676,9.31,0.01,113.04405,0.98192,False,0.85756,96.94215,1.14501,0.97993,True,0.02007,False
2018-12-25,Public dataset: NREL PVDAQ (Photovoltaic Data Acquisition) via OEDI data lake,99.0,True,1.997,3.1601,0.63194,8.02,0.49,87.84054,1.12704,False,0.85973,75.51879,1.31093,0.96837,True,0.03163,False
2018-12-26,Public dataset: NREL PVDAQ (Photovoltaic Data Acquisition) via OEDI data lake,134.0,True,3.192,3.3286,0.95896,6.87,0.0,158.65644,0.84459,True,0.86189,136.74457,0.97993,0.96472,True,0.03528,False
2018-12-27,Public dataset: NREL PVDAQ (Photovoltaic Data Acquisition) via OEDI data lake,124.0,True,2.7449,3.311,0.82902,5.06,0.06,132.05285,0.93902,False,0.86406,114.10109,1.08676,0.95516,True,0.04484,False
2018-12-28,Public dataset: NREL PVDAQ (Photovoltaic Data Acquisition) via OEDI data lake,116.0,True,2.7878,3.3377,0.83525,3.07,0.0,137.20272,0.84546,False,0.86622,118.84793,0.97604,0.95681,True,0.04319,False
2018-12-29,Public dataset: NREL PVDAQ (Photovoltaic Data Acquisition) via OEDI data lake,137.0,True,3.251,3.2935,0.9871,3.13,0.0,164.8852,0.83088,True,0.86839,143.18409,0.95681,0.95681,True,0.04319,False
2018-12-30,Public dataset: NREL PVDAQ (Photovoltaic Data Acquisition) via OEDI data lake,136.0,True,3.1826,3.2978,0.96507,5.31,0.0,158.45823,0.85827,True,0.87055,137.94607,0.98589,0.96237,True,0.03763,False
2018-12-31,Public dataset: NREL PVDAQ (Photovoltaic Data Acquisition) via OEDI data lake,128.0,True,3.0898,3.4025,0.9081,3.66,0.46,155.25229,0.82446,True,0.87272,135.49128,0.94471,0.96237,True,0.03763,False
2019-01-01,Public dataset: NREL PVDAQ (Photovoltaic Data Acquisition) via OEDI data lake,146.0,True,3.4056,3.4598,0.98433,0.13,0.0,175.01438,0.83422,True,0.87488,153.11692,0.95352,0.96237,True,0.03763,False
2019-01-02,Public dataset: NREL PVDAQ (Photovoltaic Data Acquisition) via OEDI data lake,145.0,True,3.324,3.3972,0.97845,0.37,0.0,169.98008,0.85304,True,0.87705,149.08054,0.97263,0.96794,True,0.03206,False
2019-01-03,Public dataset: NREL PVDAQ (Photovoltaic Data Acquisition) via OEDI data lake,140.0,True,3.3266,3.3461,0.99417,3.31,0.0,167.7391,0.83463,True,0.87921,147.47827,0.94929,0.95681,True,0.04319,False
2019-01-04,Public dataset: NREL PVDAQ (Photovoltaic Data Acquisition) via OEDI data lake,140.0,True,3.2962,3.3929,0.9715,5.25,0.0,164.10375,0.85312,True,0.88138,144.63733,0.96794,0.95681,True,0.04319,False
2019-01-05,Public dataset: NREL PVDAQ (Photovoltaic Data Acquisition) via OEDI data lake,36.0,True,1.4124,3.2885,0.4295,4.56,6.32,60.45374,,False,0.88354,53.41345,,0.95681,True,0.04319,False
2019-01-06,Public dataset: NREL PVDAQ (Photovoltaic Data Acquisition) via OEDI data lake,90.0,True,1.7261,3.3547,0.51453,5.65,3.46,76.32091,1.17923,False,0.88571,67.59802,1.3314,0.96481,True,0.03519,False
2019-01-07,Public dataset: NREL PVDAQ (Photovoltaic Data Acquisition) via OEDI data lake,52.0,True,1.6973,3.2573,0.52108,7.11,0.09,72.90004,0.71331,False,0.88787,64.72596,0.80339,0.95916,True,0.04084,False
2019-01-08,Public dataset: NREL PVDAQ (Photovoltaic Data Acquisition) via OEDI data lake,103.0,True,2.5579,3.2801,0.77982,7.57,0.0,118.44438,0.86961,False,0.89004,105.42,0.97704,0.96481,True,0.03519,False
2019-01-09,Public dataset: NREL PVDAQ (Photovoltaic Data Acquisition) via OEDI data lake,135.0,True,3.2218,3.3953,0.9489,9.46,0.0,154.06812,0.87624,True,0.8922,137.46005,0.9821,0.96637,True,0.03363,False
2019-01-10,Public dataset: NREL PVDAQ (Photovoltaic Data Acquisition) via OEDI data lake,136.0,True,3.3139,3.3986,0.97508,10.04,0.03,160.13157,0.8493,True,0.89437,143.21659,0.94961,0.96481,True,0.03519,False
2019-01-11,Public dataset: NREL PVDAQ (Photovoltaic Data Acquisition) via OEDI data lake,117.0,True,2.747,3.4997,0.78492,7.97,0.0,125.32515,0.93357,False,0.89653,112.35818,1.04131,0.96794,True,0.03206,False
2019-01-12,Public dataset: NREL PVDAQ (Photovoltaic Data Acquisition) via OEDI data lake,78.0,True,2.5303,3.461,0.73109,6.49,0.01,115.3102,0.67644,False,0.8987,103.62911,0.75268,0.9821,True,0.0179,False
2019-01-13,Public dataset: NREL PVDAQ (Photovoltaic Data Acquisition) via OEDI data lake,146.0,True,3.4517,3.5664,0.96784,6.09,0.0,167.97816,0.86916,True,0.90086,151.32542,0.96481,0.9821,True,0.0179,False
2019-01-14,Public dataset: NREL PVDAQ (Photovoltaic Data Acquisition) via OEDI data lake,59.0,True,2.1742,3.4205,0.63564,6.64,7.82,95.50922,0.61774,False,0.90303,86.24757,0.68408,0.9821,True,0.0179,False
2019-01-15,Public dataset: NREL PVDAQ (Photovoltaic Data Acquisition) via OEDI data lake,22.0,True,0.9089,3.3566,0.27078,7.06,10.54,38.18061,,False,0.90519,34.56086,,0.97346,True,0.02654,False
2019-01-16,Public dataset: NREL PVDAQ (Photovoltaic Data Acquisition) via OEDI data lake,88.0,True,2.022,3.443,0.58728,8.75,0.46,86.79897,1.01384,False,0.90446,78.50594,1.12093,0.96481,True,0.03519,False
2019-01-17,Public dataset: NREL PVDAQ (Photovoltaic Data Acquisition) via OEDI data lake,44.0,True,1.9236,3.4284,0.56108,10.51,3.47,81.29405,0.54125,False,0.90372,73.46708,0.59891,0.94961,True,0.05039,False
2019-01-18,Public dataset: NREL PVDAQ (Photovoltaic Data Acquisition) via OEDI data lake,147.0,True,3.4848,3.6163,0.96364,9.97,0.0,165.68496,0.88723,True,0.90298,149.61076,0.98255,0.94918,True,0.05082,False
2019-01-19,Public dataset: NREL PVDAQ (Photovoltaic Data Acquisition) via OEDI data lake,144.0,True,3.4008,3.6209,0.93921,9.48,0.0,162.26524,0.88744,True,0.90225,146.40324,0.98358,0.95699,True,0.04301,False
2019-01-20,Public dataset: NREL PVDAQ (Photovoltaic Data Acquisition) via OEDI data lake,110.0,True,2.4854,3.6005,0.69029,9.36,0.0,109.18515,1.00746,False,0.90151,98.43146,1.11753,0.96481,True,0.03519,False
2019-01-21,Public dataset: NREL PVDAQ (Photovoltaic Data Acquisition) via OEDI data lake,89.0,True,1.4674,3.8256,0.38357,8.75,0.2,60.82482,,False,0.90077,54.78934,,0.94918,True,0.05082,False
2019-01-22,Public dataset: NREL PVDAQ (Photovoltaic Data Acquisition) via OEDI data lake,165.0,True,3.9262,3.9809,0.98626,4.16,0.0,193.207,0.85401,True,0.90004,173.89323,0.94886,0.94918,True,0.05082,False
2019-01-23,Public dataset: NREL PVDAQ (Photovoltaic Data Acquisition) via OEDI data lake,154.0,True,3.7466,3.8206,0.98063,5.57,0.0,180.82318,0.85166,True,0.8993,162.61411,0.94703,0.95773,True,0.04227,False
2019-01-24,Public dataset: NREL PVDAQ (Photovoltaic Data Acquisition) via OEDI data lake,158.0,True,3.8681,3.9346,0.9831,7.94,0.0,185.33642,0.8525,True,0.89856,166.53629,0.94874,0.95773,True,0.04227,False
2019-01-25,Public dataset: NREL PVDAQ (Photovoltaic Data Acquisition) via OEDI data lake,156.0,True,3.8489,3.9485,0.97478,7.8,0.0,183.05588,0.8522,True,0.89783,164.3522,0.94918,0.94918,True,0.05082,False
2019-01-26,Public dataset: NREL PVDAQ (Photovoltaic Data Acquisition) via OEDI data lake,156.0,True,3.8657,3.9862,0.96977,8.73,0.0,179.96454,0.86684,True,0.89709,161.4441,0.96628,0.94902,True,0.05098,False
2019-01-27,Public dataset: NREL PVDAQ (Photovoltaic Data Acquisition) via OEDI data lake,150.0,True,3.6799,3.9466,0.93242,11.18,0.0,171.25519,0.87589,True,0.89635,153.50485,0.97717,0.94886,True,0.05114,False
2019-01-28,Public dataset: NREL PVDAQ (Photovoltaic Data Acquisition) via OEDI data lake,129.0,True,3.7346,3.9689,0.94097,11.07,0.0,168.7363,0.76451,True,0.89561,151.1227,0.85361,0.94886,True,0.05114,False
2019-01-29,Public dataset: NREL PVDAQ (Photovoltaic Data Acquisition) via OEDI data lake,111.0,True,3.0446,3.881,0.78449,10.76,0.0,136.27779,0.81451,False,0.89488,121.95197,0.91019,0.94886,True,0.05114,False
2019-01-30,Public dataset: NREL PVDAQ (Photovoltaic Data Acquisition) via OEDI data lake,148.0,True,3.7613,4.0032,0.93957,10.53,0.0,171.2926,0.86402,True,0.89414,153.15972,0.96631,0.94918,True,0.05082,False
2019-01-31,Public dataset: NREL PVDAQ (Photovoltaic Data Acquisition) via OEDI data lake,95.0,True,2.7228,3.9614,0.68733,11.24,0.0,117.23869,0.81031,False,0.8934,104.74152,0.90699,0.94918,True,0.05082,False
2019-02-01,Public dataset: NREL PVDAQ (Photovoltaic Data Acquisition) via OEDI data lake,141.0,True,3.8702,4.0651,0.95206,12.03,0.0,174.46956,0.80816,True,0.89267,155.74325,0.90534,0.96628,True,0.03372,False
2019-02-02,Public dataset: NREL PVDAQ (Photovoltaic Data Acquisition) via OEDI data lake,17.0,True,0.9098,4.0318,0.22566,12.24,10.52,37.18953,,False,0.89193,33.17047,,0.9663,True,0.0337,False
2019-02-03,Public dataset: NREL PVDAQ (Photovoltaic Data Acquisition) via OEDI data lake,171.0,True,3.1104,4.1868,0.74291,9.24,0.05,135.56198,1.26142,False,0.89119,120.81195,1.41542,0.96631,True,0.03369,False
2019-02-04,Public dataset: NREL PVDAQ (Photovoltaic Data Acquisition) via OEDI data lake,92.0,True,1.9075,4.2221,0.45179,9.41,2.36,78.92553,1.16566,False,0.89046,70.27976,1.30905,0.96631,True,0.03369,False
2019-02-05,Public dataset: NREL PVDAQ (Photovoltaic Data Acquisition) via OEDI data lake,92.0,True,2.4454,4.3891,0.55715,6.43,3.89,105.76382,0.86986,False,0.88972,94.10015,0.97768,0.97412,True,0.02588,False
2019-02-06,Public dataset: NREL PVDAQ (Photovoltaic Data Acquisition) via OEDI data lake,172.0,True,4.0265,4.6058,0.87422,2.76,0.0,188.95536,0.91027,True,0.88898,167.97808,1.02394,0.97412,True,0.02588,False
2019-02-07,Public dataset: NREL PVDAQ (Photovoltaic Data Acquisition) via OEDI data lake,183.0,True,4.5775,4.6687,0.98047,2.4,0.0,217.53897,0.84123,True,0.88825,193.22811,0.94707,0.98192,True,0.01808,False
2019-02-08,Public dataset: NREL PVDAQ (Photovoltaic Data Acquisition) via OEDI data lake,181.0,True,4.4119,4.6183,0.95531,3.79,0.0,207.69572,0.87147,True,0.88751,184.33184,0.98192,0.9645,True,0.0355,False
2019-02-09,Public dataset: NREL PVDAQ (Photovoltaic Data Acquisition) via OEDI data lake,174.0,True,3.5899,4.5319,0.79214,5.61,0.0,165.99415,1.04823,False,0.88677,147.199,1.18207,0.9645,True,0.0355,False
2019-02-10,Public dataset: NREL PVDAQ (Photovoltaic Data Acquisition) via OEDI data lake,161.0,True,3.3934,4.5809,0.74077,5.55,0.85,147.61278,1.09069,False,0.88604,130.79014,1.23098,0.9645,True,0.0355,False
2019-02-11,Public dataset: NREL PVDAQ (Photovoltaic Data Acquisition) via OEDI data lake,187.0,True,4.4218,4.7952,0.92213,3.36,0.0,206.22746,0.90677,True,0.8853,182.57286,1.02425,0.9645,True,0.0355,False
2019-02-12,Public dataset: NREL PVDAQ (Photovoltaic Data Acquisition) via OEDI data lake,164.0,True,4.015,4.8257,0.832,5.4,0.0,183.29194,0.89475,False,0.88456,162.13302,1.01152,0.98192,True,0.01808,False
2019-02-13,Public dataset: NREL PVDAQ (Photovoltaic Data Acquisition) via OEDI data lake,59.0,True,1.6382,4.597,0.35636,6.97,0.17,68.26399,0.86429,False,0.88382,60.3334,0.9779,0.98192,True,0.01808,False
2019-02-14,Public dataset: NREL PVDAQ (Photovoltaic Data Acquisition) via OEDI data lake,18.0,True,0.7601,4.5295,0.16781,7.35,29.8,32.25474,,False,0.88309,28.48377,,0.9645,True,0.0355,False
2019-02-15,Public dataset: NREL PVDAQ (Photovoltaic Data Acquisition) via OEDI data lake,154.0,True,4.5456,4.8799,0.93149,8.45,0.19,204.33405,0.75367,True,0.88235,180.29435,0.85416,1.00309,False,0.0,False
2019-02-16,Public dataset: NREL PVDAQ (Photovoltaic Data Acquisition) via OEDI data lake,139.0,True,4.4638,4.9896,0.89462,7.03,0.17,196.97293,0.70568,True,0.88189,173.70824,0.80019,1.0184,False,0.0,False
2019-02-17,Public dataset: NREL PVDAQ (Photovoltaic Data Acquisition) via OEDI data lake,109.0,True,3.2738,4.9723,0.65841,4.22,2.9,139.42695,0.78177,False,0.88143,122.89465,0.88694,1.02069,False,0.0,False
2019-02-18,Public dataset: NREL PVDAQ (Photovoltaic Data Acquisition) via OEDI data lake,207.0,True,3.9826,5.1535,0.7728,3.82,0.98,175.72058,1.17801,False,0.88096,154.80362,1.33718,1.02247,False,0.0,False
2019-02-19,Public dataset: NREL PVDAQ (Photovoltaic Data Acquisition) via OEDI data lake,209.0,True,4.7899,5.2286,0.9161,2.77,0.0,218.90347,0.95476,True,0.8805,192.74506,1.08433,1.02069,False,0.0,False
2019-02-20,Public dataset: NREL PVDAQ (Photovoltaic Data Acquisition) via OEDI data lake,91.0,True,3.0482,4.9778,0.61236,3.12,1.84,129.89033,0.70059,False,0.88004,114.30874,0.79609,1.01661,False,0.0,False
2019-02-21,Public dataset: NREL PVDAQ (Photovoltaic Data Acquisition) via OEDI data lake,63.0,True,2.8315,5.1938,0.54517,1.39,6.2,122.24642,0.51535,False,0.87958,107.5253,0.58591,1.02069,False,0.0,False
2019-02-22,Public dataset: NREL PVDAQ (Photovoltaic Data Acquisition) via OEDI data lake,204.0,True,4.7724,5.3539,0.89139,3.0,0.06,217.21242,0.93917,True,0.87912,190.95496,1.06831,1.02069,False,0.0,False
2019-02-23,Public dataset: NREL PVDAQ (Photovoltaic Data Acquisition) via OEDI data lake,187.0,True,4.7988,5.4048,0.88788,4.56,0.63,210.1893,0.88967,True,0.87865,184.68369,1.01254,1.02661,False,0.0,False
2019-02-24,Public dataset: NREL PVDAQ (Photovoltaic Data Acquisition) via OEDI data lake,204.0,True,5.1089,5.3278,0.95891,6.59,0.0,227.58753,0.89636,True,0.87819,199.86554,1.02069,1.03254,False,0.0,False
2019-02-25,Public dataset: NREL PVDAQ (Photovoltaic Data Acquisition) via OEDI data lake,181.0,True,4.5084,5.2632,0.85659,9.07,0.0,199.71533,0.90629,True,0.87773,175.2961,1.03254,1.02661,False,0.0,False
2019-02-26,Public dataset: NREL PVDAQ (Photovoltaic Data Acquisition) via OEDI data lake,167.0,True,4.1935,5.3213,0.78806,10.64,0.0,174.00882,0.95972,False,0.87727,152.65232,1.09399,1.02661,False,0.0,False
2019-02-27,Public dataset: NREL PVDAQ (Photovoltaic Data Acquisition) via OEDI data lake,168.0,True,4.8679,5.3544,0.90914,12.96,0.0,208.5851,0.80543,True,0.87681,182.88858,0.91859,1.02069,False,0.0,False
2019-02-28,Public dataset: NREL PVDAQ (Photovoltaic Data Acquisition) via OEDI data lake,201.0,True,5.2248,5.3998,0.96759,14.57,0.0,222.02241,0.90531,True,0.87634,194.56789,1.03306,1.01661,False,0.0,False
2019-03-01,Public dataset: NREL PVDAQ (Photovoltaic Data Acquisition) via OEDI data lake,142.0,True,3.8016,5.4742,0.69446,14.34,0.0,155.54873,0.9129,False,0.87588,136.24224,1.04226,1.01661,False,0.0,False
2019-03-02,Public dataset: NREL PVDAQ (Photovoltaic Data Acquisition) via OEDI data lake,118.0,True,2.9237,5.405,0.54093,14.08,4.73,118.76184,0.99359,False,0.87542,103.9664,1.13498,0.96557,True,0.03443,False
2019-03-03,Public dataset: NREL PVDAQ (Photovoltaic Data Acquisition) via OEDI data lake,210.0,True,4.4225,5.5627,0.79503,13.41,0.01,182.98172,1.14766,False,0.87496,160.10116,1.31167,0.91859,True,0.08141,False
2019-03-04,Public dataset: NREL PVDAQ (Photovoltaic Data Acquisition) via OEDI data lake,108.0,True,4.9802,5.6726,0.87794,12.87,0.0,207.8197,0.51968,True,0.8745,181.73729,0.59426,0.77649,True,0.22351,False
2019-03-05,Public dataset: NREL PVDAQ (Photovoltaic Data Acquisition) via OEDI data lake,98.0,True,3.2947,5.5486,0.59379,14.71,0.37,133.29971,0.73519,False,0.87403,116.50833,0.84114,0.63439,True,0.36561,False
2019-03-06,Public dataset: NREL PVDAQ (Photovoltaic Data Acquisition) via OEDI data lake,36.0,True,2.1228,5.5116,0.38515,13.11,10.73,87.13844,0.41314,False,0.87357,76.1216,0.47293,0.61433,True,0.38567,False
2019-03-07,Public dataset: NREL PVDAQ (Photovoltaic Data Acquisition) via OEDI data lake,122.0,True,5.2831,5.8997,0.89549,12.87,0.05,220.25918,0.55389,True,0.87311,192.3102,0.63439,0.59395,True,0.40605,False
2019-03-08,Public dataset: NREL PVDAQ (Photovoltaic Data Acquisition) via OEDI data lake,108.0,True,4.3049,5.8536,0.73543,8.89,0.07,183.54957,0.5884,False,0.87265,160.1739,0.67427,0.59164,True,0.40836,False
2019-03-09,Public dataset: NREL PVDAQ (Photovoltaic Data Acquisition) via OEDI data lake,121.0,True,5.5452,6.017,0.92159,8.25,0.0,235.28291,0.51427,True,0.87218,205.21009,0.58964,0.58964,True,0.41036,False
2019-03-10,Public dataset: NREL PVDAQ (Photovoltaic Data Acquisition) via OEDI data lake,77.0,True,2.8565,5.9311,0.48161,9.34,0.01,116.61717,0.66028,False,0.87172,101.65779,0.75744,0.57738,True,0.42262,False
2019-03-11,Public dataset: NREL PVDAQ (Photovoltaic Data Acquisition) via OEDI data lake,85.0,True,4.7232,5.9892,0.78862,10.92,1.95,190.67739,0.44578,False,0.87126,166.12962,0.51165,0.57519,True,0.42481,False
2019-03-12,Public dataset: NREL PVDAQ (Photovoltaic Data Acquisition) via OEDI data lake,95.0,True,4.5691,5.9731,0.76495,11.91,3.61,188.57891,0.50377,False,0.8708,164.21416,0.57851,0.57016,True,0.42984,False
2019-03-13,Public dataset: NREL PVDAQ (Photovoltaic Data Acquisition) via OEDI data lake,133.0,True,6.0612,6.4862,0.93448,7.96,0.4,257.41959,0.51667,True,0.87034,224.04152,0.59364,0.57016,True,0.42984,False
2019-03-14,Public dataset: NREL PVDAQ (Photovoltaic Data Acquisition) via OEDI data lake,129.0,True,6.3523,6.4867,0.97928,7.11,0.0,267.50826,0.48223,True,0.86987,232.69844,0.55437,0.57016,True,0.42984,False
2019-03-15,Public dataset: NREL PVDAQ (Photovoltaic Data Acquisition) via OEDI data lake,131.0,True,6.4229,6.5374,0.98249,9.09,0.0,266.62597,0.49132,True,0.86941,231.80774,0.56512,0.55974,True,0.44026,False
2019-03-16,Public dataset: NREL PVDAQ (Photovoltaic Data Acquisition) via OEDI data lake,125.0,True,6.3799,6.4421,0.99034,12.01,0.0,261.03353,0.47887,True,0.86929,226.91299,0.55087,0.56512,True,0.43488,False
2019-03-17,Public dataset: NREL PVDAQ (Photovoltaic Data Acquisition) via OEDI data lake,122.0,True,6.3389,6.3986,0.99067,14.88,0.0,257.15468,0.47442,True,0.86916,223.50902,0.54584,0.55437,True,0.44563,False
2019-03-18,Public dataset: NREL PVDAQ (Photovoltaic Data Acquisition) via OEDI data lake,121.0,True,5.9945,6.2926,0.95263,16.37,0.0,242.06775,0.49986,True,0.86904,210.36578,0.57519,0.55356,True,0.44644,False
2019-03-19,Public dataset: NREL PVDAQ (Photovoltaic Data Acquisition) via OEDI data lake,101.0,True,4.8151,6.2928,0.76518,16.92,0.0,190.84305,0.52923,False,0.86891,165.82578,0.60907,0.55356,True,0.44644,False
2019-03-20,Public dataset: NREL PVDAQ (Photovoltaic Data Acquisition) via OEDI data lake,37.0,True,1.6956,6.2316,0.2721,13.79,1.25,67.91332,0.54481,False,0.86879,59.0022,0.6271,0.55276,True,0.44724,False
2019-03-21,Public dataset: NREL PVDAQ (Photovoltaic Data Acquisition) via OEDI data lake,112.0,True,3.239,6.3353,0.51126,11.17,0.3,130.79671,0.85629,False,0.86866,113.61811,0.98576,0.55087,True,0.44913,False
2019-03-22,Public dataset: NREL PVDAQ (Photovoltaic Data Acquisition) via OEDI data lake,119.0,True,6.1373,6.5832,0.93227,13.2,0.0,247.87015,0.48009,True,0.86854,215.28436,0.55276,0.54804,True,0.45196,False
2019-03-23,Public dataset: NREL PVDAQ (Photovoltaic Data Acquisition) via OEDI data lake,122.0,True,5.8882,6.4644,0.91087,15.13,0.0,235.1319,0.51886,True,0.86841,204.19134,0.59748,0.54804,True,0.45196,False
2019-03-24,Public dataset: NREL PVDAQ (Photovoltaic Data Acquisition) via OEDI data lake,126.0,True,6.7447,6.8422,0.98575,14.43,0.0,268.87099,0.46863,True,0.86829,233.45716,0.53971,0.54804,True,0.45196,False
2019-03-25,Public dataset: NREL PVDAQ (Photovoltaic Data Acquisition) via OEDI data lake,127.0,True,6.7306,6.833,0.98501,16.12,0.0,266.92412,0.47579,True,0.86816,231.73336,0.54804,0.54832,True,0.45168,False
2019-03-26,Public dataset: NREL PVDAQ (Photovoltaic Data Acquisition) via OEDI data lake,115.0,True,5.6347,6.9041,0.81614,17.98,0.0,222.63735,0.51654,False,0.86804,193.25745,0.59506,0.54804,True,0.45196,False
2019-03-27,Public dataset: NREL PVDAQ (Photovoltaic Data Acquisition) via OEDI data lake,114.0,True,6.0233,6.852,0.87906,15.66,0.0,244.54651,0.46617,True,0.86791,212.24484,0.53712,0.54832,True,0.45168,False
2019-03-28,Public dataset: NREL PVDAQ (Photovoltaic Data Acquisition) via OEDI data lake,119.0,True,6.6418,7.0663,0.93993,15.27,0.0,266.16931,0.44708,True,0.86779,230.97826,0.5152,0.54832,True,0.45168,False
2019-03-29,Public dataset: NREL PVDAQ (Photovoltaic Data Acquisition) via OEDI data lake,132.0,True,7.0044,7.0927,0.98755,14.67,0.0,277.90156,0.47499,True,0.86766,241.12463,0.54743,0.54832,True,0.45168,False
2019-03-30,Public dataset: NREL PVDAQ (Photovoltaic Data Acquisition) via OEDI data lake,133.0,True,6.9494,7.001,0.99263,13.57,0.0,276.73428,0.48061,True,0.86754,240.07724,0.55399,0.54832,True,0.45168,False
2019-03-31,Public dataset: NREL PVDAQ (Photovoltaic Data Acquisition) via OEDI data lake,134.0,True,7.1062,7.1635,0.992,14.49,0.0,281.59095,0.47587,True,0.86741,244.25538,0.54861,0.54774,True,0.45226,False
2019-04-01,Public dataset: NREL PVDAQ (Photovoltaic Data Acquisition) via OEDI data lake,105.0,True,5.4804,6.9826,0.78487,17.14,0.0,213.9454,0.49078,False,0.86729,185.55208,0.56588,0.54804,True,0.45196,False
2019-04-02,Public dataset: NREL PVDAQ (Photovoltaic Data Acquisition) via OEDI data lake,120.0,True,5.2128,6.9317,0.75202,19.06,0.01,206.53449,0.58102,False,0.86716,179.09889,0.67002,0.54861,True,0.45139,False
2019-04-03,Public dataset: NREL PVDAQ (Photovoltaic Data Acquisition) via OEDI data lake,124.0,True,6.7812,7.2672,0.93312,17.35,0.01,260.20067,0.47656,True,0.86704,225.60364,0.54964,0.54912,True,0.45088,False
2019-04-04,Public dataset: NREL PVDAQ (Photovoltaic Data Acquisition) via OEDI data lake,105.0,True,5.148,6.9874,0.73675,17.61,0.0,204.68746,0.51298,False,0.86691,177.44605,0.59173,0.54964,True,0.45036,False
2019-04-05,Public dataset: NREL PVDAQ (Photovoltaic Data Acquisition) via OEDI data lake,112.0,True,6.0307,7.129,0.84594,16.86,0.0,234.65556,0.4773,False,0.86679,203.39642,0.55065,0.55181,True,0.44819,False
2019-04-06,Public dataset: NREL PVDAQ (Photovoltaic Data Acquisition) via OEDI data lake,124.0,True,6.6576,7.3399,0.90704,17.38,0.0,255.99032,0.48439,True,0.86666,221.85713,0.55892,0.55181,True,0.44819,False
2019-04-07,Public dataset: NREL PVDAQ (Photovoltaic Data Acquisition) via OEDI data lake,128.0,True,7.0346,7.3015,0.96345,20.43,0.0,269.88557,0.47428,True,0.86654,233.86588,0.54732,0.55428,True,0.44572,False
2019-04-08,Public dataset: NREL PVDAQ (Photovoltaic Data Acquisition) via OEDI data lake,103.0,True,5.6431,7.2108,0.78259,21.23,0.0,218.6935,0.47098,False,0.86641,189.47872,0.5436,0.55892,True,0.44108,False
2019-04-09,Public dataset: NREL PVDAQ (Photovoltaic Data Acquisition) via OEDI data lake,130.0,True,6.8724,7.4309,0.92484,19.77,0.0,260.25545,0.49951,True,0.86629,225.45598,0.57661,0.55892,True,0.44108,False
2019-04-10,Public dataset: NREL PVDAQ (Photovoltaic Data Acquisition) via OEDI data lake,142.0,True,7.1273,7.7621,0.91822,14.19,0.0,278.31814,0.51021,True,0.86616,241.06867,0.58904,0.56088,True,0.43912,False
2019-04-11,Public dataset: NREL PVDAQ (Photovoltaic Data Acquisition) via OEDI data lake,117.0,True,5.6921,7.6051,0.74846,14.56,0.0,219.95809,0.53192,False,0.86604,190.4919,0.6142,0.56972,True,0.43028,False
2019-04-12,Public dataset: NREL PVDAQ (Photovoltaic Data Acquisition) via OEDI data lake,110.0,True,6.0434,7.6834,0.78655,14.06,0.16,240.77311,0.45686,False,0.86591,208.4884,0.52761,0.57661,True,0.42339,False
2019-04-13,Public dataset: NREL PVDAQ (Photovoltaic Data Acquisition) via OEDI data lake,139.0,True,7.7621,7.8029,0.99477,15.86,0.0,297.86035,0.46666,True,0.86579,257.88372,0.539,0.58283,True,0.41717,False
2019-04-14,Public dataset: NREL PVDAQ (Photovoltaic Data Acquisition) via OEDI data lake,137.0,True,7.4326,7.531,0.98693,19.06,0.0,281.18294,0.48723,True,0.86566,243.40948,0.56284,0.58904,True,0.41096,False
2019-04-15,Public dataset: NREL PVDAQ (Photovoltaic Data Acquisition) via OEDI data lake,111.0,True,5.8349,7.674,0.76035,19.31,0.0,220.37922,0.50368,False,0.86554,190.74645,0.58192,0.95716,True,0.04284,False
2019-04-16,Public dataset: NREL PVDAQ (Photovoltaic Data Acquisition) via OEDI data lake,92.0,True,2.9885,7.6327,0.39154,14.87,2.15,120.70745,0.76217,False,0.86594,104.52491,0.88017,0.97905,True,0.02095,False
2019-04-17,Public dataset: NREL PVDAQ (Photovoltaic Data Acquisition) via OEDI data lake,264.0,True,7.8814,7.9186,0.9953,17.52,0.0,298.16997,0.8854,True,0.86633,258.31491,1.02201,1.00357,False,0.0,False
2019-04-18,Public dataset: NREL PVDAQ (Photovoltaic Data Acquisition) via OEDI data lake,255.0,True,7.8674,7.9406,0.99078,20.66,0.0,292.39619,0.8721,True,0.86673,253.42941,1.0062,1.00987,False,0.0,False
2019-04-19,Public dataset: NREL PVDAQ (Photovoltaic Data Acquisition) via OEDI data lake,217.0,True,7.1155,7.7839,0.91413,22.3,0.0,261.45193,0.82998,True,0.86713,226.7132,0.95716,1.01316,False,0.0,False
2019-04-20,Public dataset: NREL PVDAQ (Photovoltaic Data Acquisition) via OEDI data lake,255.0,True,7.4066,7.7688,0.95338,22.73,0.0,269.85655,0.94495,True,0.86753,234.10865,1.08924,1.00968,False,0.0,False
2019-04-21,Public dataset: NREL PVDAQ (Photovoltaic Data Acquisition) via OEDI data lake,244.0,True,6.4082,7.9584,0.80521,19.6,0.03,240.86675,1.01301,False,0.86793,209.05513,1.16716,1.00968,False,0.0,False
2019-04-22,Public dataset: NREL PVDAQ (Photovoltaic Data Acquisition) via OEDI data lake,258.0,True,6.8069,7.921,0.85935,18.98,0.03,256.6069,1.00543,True,0.86833,222.81872,1.15789,1.01316,False,0.0,False
2019-04-23,Public dataset: NREL PVDAQ (Photovoltaic Data Acquisition) via OEDI data lake,254.0,True,7.914,7.9968,0.98965,22.5,0.0,292.10955,0.86954,True,0.86873,253.76305,1.00093,1.01316,False,0.0,False
2019-04-24,Public dataset: NREL PVDAQ (Photovoltaic Data Acquisition) via OEDI data lake,250.0,True,7.8166,7.8578,0.99476,24.45,0.0,283.80218,0.8809,True,0.86912,246.65932,1.01354,1.01335,False,0.0,False
2019-04-25,Public dataset: NREL PVDAQ (Photovoltaic Data Acquisition) via OEDI data lake,234.0,True,7.3205,7.7198,0.94828,26.51,0.0,263.40749,0.88836,True,0.86952,229.03879,1.02166,1.00968,False,0.0,False
2019-04-26,Public dataset: NREL PVDAQ (Photovoltaic Data Acquisition) via OEDI data lake,247.0,True,7.8302,7.9898,0.98002,26.81,0.0,280.2462,0.88137,True,0.86992,243.79211,1.01316,1.00705,False,0.0,False
2019-04-27,Public dataset: NREL PVDAQ (Photovoltaic Data Acquisition) via OEDI data lake,222.0,True,7.621,8.1206,0.93848,25.51,0.0,269.59261,0.82346,True,0.87032,234.63176,0.94616,1.01335,False,0.0,False
2019-04-28,Public dataset: NREL PVDAQ (Photovoltaic Data Acquisition) via OEDI data lake,240.0,True,8.0556,8.2378,0.97788,25.23,0.0,286.74069,0.83699,True,0.87072,249.67035,0.96127,1.00705,False,0.0,False
2019-04-29,Public dataset: NREL PVDAQ (Photovoltaic Data Acquisition) via OEDI data lake,87.0,True,1.8749,7.9644,0.23541,20.96,8.34,72.9406,1.19275,False,0.87112,63.53978,1.36922,1.01316,False,0.0,False
2019-04-30,Public dataset: NREL PVDAQ (Photovoltaic Data Acquisition) via OEDI data lake,223.0,True,6.1207,8.058,0.75958,18.59,0.02,231.535,0.96314,False,0.87152,201.7863,1.10513,1.00705,False,0.0,False
2019-05-01,Public dataset: NREL PVDAQ (Photovoltaic Data Acquisition) via OEDI data lake,270.0,True,8.0731,8.4353,0.95706,17.85,0.0,303.57198,0.88941,True,0.87191,264.68861,1.02007,1.01335,False,0.0,False
2019-05-02,Public dataset: NREL PVDAQ (Photovoltaic Data Acquisition) via OEDI data lake,261.0,True,8.2224,8.2541,0.99616,19.75,0.0,301.93806,0.86442,True,0.87231,263.38431,0.99095,1.01316,False,0.0,False
2019-05-03,Public dataset: NREL PVDAQ (Photovoltaic Data Acquisition) via OEDI data lake,228.0,True,7.8528,8.2056,0.957,22.43,0.0,285.70445,0.79803,True,0.87271,249.33739,0.91442,1.00205,False,0.0,False
2019-05-04,Public dataset: NREL PVDAQ (Photovoltaic Data Acquisition) via OEDI data lake,254.0,True,7.9488,8.0602,0.98618,24.29,0.0,284.55041,0.89264,True,0.87311,248.44365,1.02236,1.00551,False,0.0,False
2019-05-05,Public dataset: NREL PVDAQ (Photovoltaic Data Acquisition) via OEDI data lake,241.0,True,8.0803,8.2147,0.98364,23.47,0.0,288.63639,0.83496,True,0.87351,252.12619,0.95587,1.00803,False,0.0,False
2019-05-06,Public dataset: NREL PVDAQ (Photovoltaic Data Acquisition) via OEDI data lake,270.0,True,7.8154,8.2639,0.94573,20.8,0.0,281.51271,0.9591,True,0.87391,246.01579,1.09749,1.01517,False,0.0,False
2019-05-07,Public dataset: NREL PVDAQ (Photovoltaic Data Acquisition) via OEDI data lake,221.0,True,6.8758,8.1905,0.83948,21.31,0.47,246.32756,0.89718,False,0.87431,215.36543,1.02616,1.01027,False,0.0,False
2019-05-08,Public dataset: NREL PVDAQ (Photovoltaic Data Acquisition) via OEDI data lake,247.0,True,7.3325,8.3777,0.87524,22.33,0.01,261.86532,0.94323,True,0.8747,229.05453,1.07835,1.01027,False,0.0,False
2019-05-09,Public dataset: NREL PVDAQ (Photovoltaic Data Acquisition) via OEDI data lake,137.0,True,5.2486,8.0602,0.65117,19.57,13.35,196.84991,0.69596,False,0.8751,172.26377,0.79529,1.00313,False,0.0,False
2019-05-10,Public dataset: NREL PVDAQ (Photovoltaic Data Acquisition) via OEDI data lake,262.0,True,5.7334,7.9728,0.71912,18.23,4.98,221.21093,1.18439,False,0.8755,193.67031,1.35281,1.01027,False,0.0,False
2019-05-11,Public dataset: NREL PVDAQ (Photovoltaic Data Acquisition) via OEDI data lake,261.0,True,7.7693,8.3232,0.93345,21.22,0.16,281.74326,0.92638,True,0.8759,246.77868,1.05763,1.01027,False,0.0,False
2019-05-12,Public dataset: NREL PVDAQ (Photovoltaic Data Acquisition) via OEDI data lake,259.0,True,8.2966,8.4694,0.9796,23.07,0.0,296.748,0.87279,True,0.8763,260.03958,0.996,1.00313,False,0.0,False
2019-05-13,Public dataset: NREL PVDAQ (Photovoltaic Data Acquisition) via OEDI data lake,248.0,True,7.9541,8.2498,0.96416,25.38,0.0,280.00539,0.8857,True,0.8767,245.47966,1.01027,1.01027,False,0.0,False
2019-05-14,Public dataset: NREL PVDAQ (Photovoltaic Data Acquisition) via OEDI data lake,254.0,True,8.4082,8.6016,0.97752,25.86,0.0,294.66211,0.862,True,0.87709,258.44659,0.98279,1.00313,False,0.0,False
2019-05-15,Public dataset: NREL PVDAQ (Photovoltaic Data Acquisition) via OEDI data lake,199.0,True,6.336,8.4559,0.7493,24.92,0.0,227.62962,0.87423,False,0.87749,199.74346,0.99628,1.00313,False,0.0,False
2019-05-16,Public dataset: NREL PVDAQ (Photovoltaic Data Acquisition) via OEDI data lake,187.0,True,4.5214,8.4336,0.53612,17.9,1.05,177.65329,1.05261,False,0.87733,155.86088,1.19979,0.996,False,0.0,False
2019-05-17,Public dataset: NREL PVDAQ (Photovoltaic Data Acquisition) via OEDI data lake,249.0,True,7.3776,8.8526,0.83338,17.01,0.0,273.37157,0.91085,False,0.87717,239.79342,1.03839,0.996,False,0.0,False
2019-05-18,Public dataset: NREL PVDAQ (Photovoltaic Data Acquisition) via OEDI data lake,250.0,True,8.1646,8.6909,0.93944,18.88,0.0,294.02932,0.85026,True,0.87701,257.86631,0.96949,0.996,False,0.0,False
2019-05-19,Public dataset: NREL PVDAQ (Photovoltaic Data Acquisition) via OEDI data lake,267.0,True,6.5969,8.6676,0.7611,16.78,1.85,251.5313,1.0615,False,0.87685,220.55455,1.21058,0.9894,False,0.0,False
2019-05-20,Public dataset: NREL PVDAQ (Photovoltaic Data Acquisition) via OEDI data lake,277.0,True,6.0934,8.8202,0.69085,15.13,0.04,237.61223,1.16576,False,0.87669,208.31128,1.32974,1.00117,False,0.0,False
2019-05-21,Public dataset: NREL PVDAQ (Photovoltaic Data Acquisition) via OEDI data lake,219.0,True,6.8549,8.8373,0.77568,15.93,0.02,246.41416,0.88875,False,0.87652,215.98802,1.01395,1.01295,False,0.0,False
2019-05-22,Public dataset: NREL PVDAQ (Photovoltaic Data Acquisition) via OEDI data lake,142.0,True,5.1926,8.7322,0.59465,14.27,2.18,197.53159,0.71887,False,0.87636,173.10936,0.82029,1.02472,False,0.0,False
2019-05-23,Public dataset: NREL PVDAQ (Photovoltaic Data Acquisition) via OEDI data lake,124.0,True,4.7366,8.7413,0.54186,15.59,0.9,180.59828,0.68661,False,0.8762,158.24047,0.78362,1.0365,False,0.0,False
2019-05-24,Public dataset: NREL PVDAQ (Photovoltaic Data Acquisition) via OEDI data lake,269.0,True,6.0067,8.683,0.69178,19.1,0.07,223.70349,1.20248,False,0.87604,195.97319,1.37264,1.04827,False,0.0,False
2019-05-25,Public dataset: NREL PVDAQ (Photovoltaic Data Acquisition) via OEDI data lake,221.0,True,6.7207,8.569,0.7843,22.1,0.0,242.55761,0.91112,False,0.87588,212.45098,1.04024,1.06005,False,0.0,False
2019-05-26,Public dataset: NREL PVDAQ (Photovoltaic Data Acquisition) via OEDI data lake,164.0,True,5.4288,8.7581,0.61986,18.23,0.39,200.92314,0.81623,False,0.87572,175.9518,0.93207,1.07183,False,0.0,False
2019-05-27,Public dataset: NREL PVDAQ (Photovoltaic Data Acquisition) via OEDI data lake,237.0,True,6.1675,8.8466,0.69716,16.61,0.13,234.92461,1.00883,False,0.87556,205.68953,1.15222,1.0836,False,0.0,False
2019-05-28,Public dataset: NREL PVDAQ (Photovoltaic Data Acquisition) via OEDI data lake,206.0,True,6.4829,8.7197,0.74348,20.49,0.46,232.26513,0.88692,False,0.87539,203.3235,1.01316,1.09538,False,0.0,False
2019-05-29,Public dataset: NREL PVDAQ (Photovoltaic Data Acquisition) via OEDI data lake,258.0,True,7.1983,8.7262,0.82491,22.57,0.16,257.04894,1.0037,False,0.87523,224.97759,1.14678,1.08459,False,0.0,False
2019-05-30,Public dataset: NREL PVDAQ (Photovoltaic Data Acquisition) via OEDI data lake,230.0,True,6.0912,8.4998,0.71663,25.56,0.03,216.47145,1.0625,False,0.87507,189.42789,1.21418,1.07692,False,0.0,False
2019-05-31,Public dataset: NREL PVDAQ (Photovoltaic Data Acquisition) via OEDI data lake,239.0,True,6.9072,8.5171,0.81098,26.08,0.0,241.73783,0.98867,False,0.87491,211.49873,1.13003,1.06925,False,0.0,False
2019-06-01,Public dataset: NREL PVDAQ (Photovoltaic Data Acquisition) via OEDI data lake,271.0,True,8.1571,8.6513,0.94288,25.99,0.0,285.64172,0.94874,True,0.87475,249.86454,1.08459,1.04404,False,0.0,False
2019-06-02,Public dataset: NREL PVDAQ (Photovoltaic Data Acquisition) via OEDI data lake,253.0,True,7.4808,8.5438,0.87558,25.61,0.04,261.51585,0.96744,True,0.87459,228.71825,1.10616,1.02794,False,0.0,False
2019-06-03,Public dataset: NREL PVDAQ (Photovoltaic Data Acquisition) via OEDI data lake,264.0,True,7.765,8.6654,0.89609,27.3,0.0,270.37133,0.97643,True,0.87443,236.41948,1.11666,1.02338,False,0.0,False
2019-06-04,Public dataset: NREL PVDAQ (Photovoltaic Data Acquisition) via OEDI data lake,259.0,True,8.5834,8.8046,0.97488,29.5,0.0,294.49686,0.87947,True,0.87426,257.46789,1.00595,1.01882,False,0.0,False
2019-06-05,Public dataset: NREL PVDAQ (Photovoltaic Data Acquisition) via OEDI data lake,252.0,True,7.9111,8.6875,0.91063,31.23,0.0,269.62337,0.93464,True,0.8741,235.67836,1.06925,1.01504,False,0.0,False
2019-06-06,Public dataset: NREL PVDAQ (Photovoltaic Data Acquisition) via OEDI data lake,225.0,True,8.027,8.82,0.91009,31.88,0.0,274.31341,0.82023,True,0.87394,239.73364,0.93854,1.01882,False,0.0,False
2019-06-07,Public dataset: NREL PVDAQ (Photovoltaic Data Acquisition) via OEDI data lake,249.0,True,8.2886,9.1274,0.9081,29.22,0.0,279.7043,0.89023,True,0.87378,244.39979,1.01882,1.01882,False,0.0,False
2019-06-08,Public dataset: NREL PVDAQ (Photovoltaic Data Acquisition) via OEDI data lake,270.0,True,9.0718,9.1301,0.99361,25.89,0.0,315.52165,0.85573,True,0.87362,275.64529,0.97952,1.02338,False,0.0,False
2019-06-09,Public dataset: NREL PVDAQ (Photovoltaic Data Acquisition) via OEDI data lake,280.0,True,8.9652,9.1207,0.98295,25.18,0.0,311.8517,0.89786,True,0.87346,272.3888,1.02794,1.01882,False,0.0,False
2019-06-10,Public dataset: NREL PVDAQ (Photovoltaic Data Acquisition) via OEDI data lake,244.0,True,8.2457,9.0542,0.9107,29.04,0.0,281.60683,0.86646,True,0.87329,245.92575,0.99217,1.01882,False,0.0,False
2019-06-11,Public dataset: NREL PVDAQ (Photovoltaic Data Acquisition) via OEDI data lake,210.0,True,7.8142,8.8872,0.87926,32.41,0.0,263.19424,0.79789,True,0.87313,229.80364,0.91382,1.01882,False,0.0,False
2019-06-12,Public dataset: NREL PVDAQ (Photovoltaic Data Acquisition) via OEDI data lake,254.0,True,8.4936,8.6182,0.98554,33.6,0.0,287.72117,0.8828,True,0.87297,251.17246,1.01126,1.01882,False,0.0,False
2019-06-13,Public dataset: NREL PVDAQ (Photovoltaic Data Acquisition) via OEDI data lake,264.0,True,8.4804,8.9314,0.9495,33.04,0.0,283.222,0.93213,True,0.87281,247.19907,1.06797,1.01882,False,0.0,False
2019-06-14,Public dataset: NREL PVDAQ (Photovoltaic Data Acquisition) via OEDI data lake,181.0,True,7.0032,8.6414,0.81042,31.29,0.35,237.99515,0.76052,False,0.87265,207.68617,0.87151,1.01882,False,0.0,False
2019-06-15,Public dataset: NREL PVDAQ (Photovoltaic Data Acquisition) via OEDI data lake,246.0,True,7.8413,8.7578,0.89535,32.43,0.16,265.32156,0.92718,True,0.87249,231.48969,1.06268,1.01126,False,0.0,False
2019-06-16,Public dataset: NREL PVDAQ (Photovoltaic Data Acquisition) via OEDI data lake,211.0,True,6.4154,8.4641,0.75795,31.68,0.01,221.42785,0.95291,False,0.87274,193.24974,1.09185,1.01126,False,0.0,False
2019-06-17,Public dataset: NREL PVDAQ (Photovoltaic Data Acquisition) via OEDI data lake,236.0,True,6.997,8.1826,0.85511,30.09,0.02,240.75512,0.98025,True,0.873,210.17918,1.12285,1.00727,False,0.0,False
2019-06-18,Public dataset: NREL PVDAQ (Photovoltaic Data Acquisition) via OEDI data lake,254.0,True,8.2934,8.7574,0.94702,31.26,0.01,283.19569,0.89691,True,0.87326,247.30237,1.02708,1.00927,False,0.0,False
2019-06-19,Public dataset: NREL PVDAQ (Photovoltaic Data Acquisition) via OEDI data lake,253.0,True,8.8862,8.9678,0.9909,33.18,0.0,296.56581,0.8531,True,0.87351,259.05391,0.97663,1.01303,False,0.0,False
2019-06-20,Public dataset: NREL PVDAQ (Photovoltaic Data Acquisition) via OEDI data lake,267.0,True,8.748,9.0811,0.96332,31.69,0.0,297.01386,0.89895,True,0.87377,259.52141,1.02882,1.01104,False,0.0,False
2019-06-21,Public dataset: NREL PVDAQ (Photovoltaic Data Acquisition) via OEDI data lake,261.0,True,8.9767,9.2491,0.97055,28.69,0.0,308.26958,0.84666,True,0.87402,269.4353,0.96869,1.00048,False,0.0,False
2019-06-22,Public dataset: NREL PVDAQ (Photovoltaic Data Acquisition) via OEDI data lake,276.0,True,9.2112,9.2854,0.99201,25.85,0.0,319.68194,0.86336,True,0.87428,279.49192,0.98751,1.00048,False,0.0,False
2019-06-23,Public dataset: NREL PVDAQ (Photovoltaic Data Acquisition) via OEDI data lake,267.0,True,9.1238,9.1718,0.99477,27.05,0.0,313.18731,0.85252,True,0.87454,273.89405,0.97483,0.99368,False,0.0,False
2019-06-24,Public dataset: NREL PVDAQ (Photovoltaic Data Acquisition) via OEDI data lake,262.0,True,8.8404,9.0665,0.97506,31.0,0.0,297.33646,0.88116,True,0.87479,260.10809,1.00727,0.9949,False,0.0,False
2019-06-25,Public dataset: NREL PVDAQ (Photovoltaic Data Acquisition) via OEDI data lake,220.0,True,7.3951,8.911,0.82988,30.92,0.0,252.25596,0.87213,False,0.87505,220.73659,0.99666,0.9949,False,0.0,False
2019-06-26,Public dataset: NREL PVDAQ (Photovoltaic Data Acquisition) via OEDI data lake,269.0,True,8.9033,8.9314,0.99685,29.54,0.0,302.83833,0.88826,True,0.87531,265.07631,1.0148,0.9949,False,0.0,False
2019-06-27,Public dataset: NREL PVDAQ (Photovoltaic Data Acquisition) via OEDI data lake,265.0,True,8.988,9.0972,0.988,29.47,0.0,305.00752,0.86883,True,0.87556,267.05318,0.99231,0.9949,False,0.0,False
2019-06-28,Public dataset: NREL PVDAQ (Photovoltaic Data Acquisition) via OEDI data lake,266.0,True,9.1202,9.2086,0.9904,30.58,0.0,305.64767,0.87028,True,0.87582,267.692,0.99368,0.99408,False,0.0,False
2019-06-29,Public dataset: NREL PVDAQ (Photovoltaic Data Acquisition) via OEDI data lake,196.0,True,7.3726,8.9743,0.82152,30.18,0.0,252.69488,0.77564,False,0.87608,221.37971,0.88536,0.99408,False,0.0,False
2019-06-30,Public dataset: NREL PVDAQ (Photovoltaic Data Acquisition) via OEDI data lake,218.0,True,7.2458,8.7583,0.82731,31.53,0.04,255.33789,0.85377,False,0.87633,223.76062,0.97426,0.99408,False,0.0,False
2019-07-01,Public dataset: NREL PVDAQ (Photovoltaic Data Acquisition) via OEDI data lake,266.0,True,9.1342,9.1843,0.99455,32.27,0.0,304.63283,0.87318,True,0.87659,267.0374,0.99612,0.9953,False,0.0,False
2019-07-02,Public dataset: NREL PVDAQ (Photovoltaic Data Acquisition) via OEDI data lake,260.0,True,8.7074,9.3775,0.92854,32.09,0.0,287.38952,0.9047,True,0.87684,251.99577,1.03176,0.99408,False,0.0,False
2019-07-03,Public dataset: NREL PVDAQ (Photovoltaic Data Acquisition) via OEDI data lake,255.0,True,8.3899,9.1339,0.91855,30.86,0.0,283.71424,0.89879,True,0.8771,248.84583,1.02473,0.99368,False,0.0,False
2019-07-04,Public dataset: NREL PVDAQ (Photovoltaic Data Acquisition) via OEDI data lake,266.0,True,9.041,9.0912,0.99448,30.12,0.0,305.39328,0.87101,True,0.87736,267.93879,0.99276,0.99276,False,0.0,False
2019-07-05,Public dataset: NREL PVDAQ (Photovoltaic Data Acquisition) via OEDI data lake,234.0,True,7.8348,8.718,0.89869,31.14,0.0,268.11279,0.87277,True,0.87761,235.29922,0.99448,0.99322,False,0.0,False
2019-07-06,Public dataset: NREL PVDAQ (Photovoltaic Data Acquisition) via OEDI data lake,261.0,True,9.0115,9.0377,0.9971,32.14,0.0,302.1583,0.86379,True,0.87787,265.25543,0.98396,0.98836,False,0.0,False
2019-07-07,Public dataset: NREL PVDAQ (Photovoltaic Data Acquisition) via OEDI data lake,232.0,True,7.8242,8.8591,0.88318,31.23,0.0,270.85887,0.85653,True,0.87813,237.84805,0.97541,0.98396,False,0.0,False
2019-07-08,Public dataset: NREL PVDAQ (Photovoltaic Data Acquisition) via OEDI data lake,262.0,True,8.7326,8.7588,0.99701,30.09,0.0,297.66334,0.88019,True,0.87838,261.46201,1.00206,0.97968,False,0.0,False
2019-07-09,Public dataset: NREL PVDAQ (Photovoltaic Data Acquisition) via OEDI data lake,142.0,True,8.6237,8.6539,0.99651,31.25,0.0,292.08357,0.48616,True,0.87864,256.6357,0.55331,0.97428,False,0.0,False
2019-07-10,Public dataset: NREL PVDAQ (Photovoltaic Data Acquisition) via OEDI data lake,138.0,True,8.8334,8.8502,0.9981,33.41,0.0,295.3896,0.46718,True,0.87889,259.61621,0.53155,0.97428,False,0.0,False
2019-07-11,Public dataset: NREL PVDAQ (Photovoltaic Data Acquisition) via OEDI data lake,140.0,True,8.6453,8.8092,0.98139,35.45,0.0,286.86745,0.48803,True,0.87915,252.19966,0.55512,0.97428,False,0.0,False
2019-07-12,Public dataset: NREL PVDAQ (Photovoltaic Data Acquisition) via OEDI data lake,105.0,True,6.48,8.5049,0.76191,36.06,0.01,218.53683,0.48047,False,0.87941,192.18277,0.54635,0.97428,False,0.0,False
2019-07-13,Public dataset: NREL PVDAQ (Photovoltaic Data Acquisition) via OEDI data lake,133.0,True,8.3405,8.7185,0.95664,36.57,0.08,277.88814,0.47861,True,0.87966,244.44792,0.54408,0.97428,False,0.0,False
2019-07-14,Public dataset: NREL PVDAQ (Photovoltaic Data Acquisition) via OEDI data lake,140.0,True,8.9302,8.9494,0.99785,36.01,0.0,295.28762,0.47411,True,0.87992,259.82927,0.53882,0.97428,False,0.0,False
2019-07-15,Public dataset: NREL PVDAQ (Photovoltaic Data Acquisition) via OEDI data lake,142.0,True,9.1318,9.1855,0.99415,35.29,0.0,300.55025,0.47247,True,0.88018,264.53699,0.53679,0.97315,False,0.0,False
2019-07-16,Public dataset: NREL PVDAQ (Photovoltaic Data Acquisition) via OEDI data lake,259.0,True,9.1687,9.2035,0.99622,34.19,0.0,302.37522,0.85655,True,0.88018,266.14536,0.97315,0.76413,False,0.0,False
2019-07-17,Public dataset: NREL PVDAQ (Photovoltaic Data Acquisition) via OEDI data lake,263.0,True,8.7922,8.8958,0.98835,32.55,0.0,294.40376,0.89333,True,0.88019,259.13104,1.01493,0.97315,False,0.0,False
2019-07-18,Public dataset: NREL PVDAQ (Photovoltaic Data Acquisition) via OEDI data lake,261.0,True,8.712,8.7394,0.99686,33.0,0.0,291.58818,0.8951,True,0.8802,256.6548,1.01693,0.98235,False,0.0,False
2019-07-19,Public dataset: NREL PVDAQ (Photovoltaic Data Acquisition) via OEDI data lake,262.0,True,8.4698,8.6551,0.97859,32.62,0.0,285.60937,0.91734,True,0.8802,251.39423,1.04219,0.99505,False,0.0,False
2019-07-20,Public dataset: NREL PVDAQ (Photovoltaic Data Acquisition) via OEDI data lake,254.0,True,8.5579,8.5922,0.99601,32.82,0.0,288.98413,0.87894,True,0.88021,254.36669,0.99856,0.99856,True,0.00144,False
2019-07-21,Public dataset: NREL PVDAQ (Photovoltaic Data Acquisition) via OEDI data lake,248.0,True,8.4624,8.5135,0.994,33.91,0.0,284.14964,0.87278,True,0.88022,250.11327,0.99155,1.01493,False,0.0,False
2019-07-22,Public dataset: NREL PVDAQ (Photovoltaic Data Acquisition) via OEDI data lake,210.0,True,6.9938,8.347,0.83788,35.06,0.0,233.9695,0.89755,False,0.88022,205.94548,1.01969,1.01493,False,0.0,False
2019-07-23,Public dataset: NREL PVDAQ (Photovoltaic Data Acquisition) via OEDI data lake,167.0,True,4.3942,7.825,0.56156,33.36,0.03,158.8244,1.05148,False,0.88023,139.80208,1.19455,1.01493,False,0.0,False
2019-07-24,Public dataset: NREL PVDAQ (Photovoltaic Data Acquisition) via OEDI data lake,122.0,True,4.7158,7.817,0.60327,33.41,1.59,167.98692,0.72625,False,0.88024,147.86836,0.82506,1.01493,False,0.0,False
2019-07-25,Public dataset: NREL PVDAQ (Photovoltaic Data Acquisition) via OEDI data lake,183.0,True,4.8302,7.5209,0.64224,33.57,1.51,175.7189,1.04144,False,0.88024,154.67555,1.18312,0.99856,True,0.00144,False
2019-07-26,Public dataset: NREL PVDAQ (Photovoltaic Data Acquisition) via OEDI data lake,228.0,True,6.8935,7.8638,0.87661,34.78,0.0,239.69221,0.95122,True,0.88025,210.98932,1.08062,0.99155,True,0.00845,False
2019-07-27,Public dataset: NREL PVDAQ (Photovoltaic Data Acquisition) via OEDI data lake,236.0,True,7.5154,8.1046,0.9273,35.17,0.0,255.58757,0.92336,True,0.88026,224.98298,1.04897,0.9561,True,0.0439,False
2019-07-28,Public dataset: NREL PVDAQ (Photovoltaic Data Acquisition) via OEDI data lake,233.0,True,7.4894,8.2865,0.90381,36.4,0.0,254.67135,0.9149,True,0.88026,224.17822,1.03935,0.54442,True,0.45558,False
2019-07-29,Public dataset: NREL PVDAQ (Photovoltaic Data Acquisition) via OEDI data lake,243.0,True,8.6758,8.741,0.99254,36.61,0.0,288.72697,0.84163,True,0.88027,254.15816,0.9561,0.54442,True,0.45558,False
2019-07-30,Public dataset: NREL PVDAQ (Photovoltaic Data Acquisition) via OEDI data lake,130.0,True,8.1127,8.4206,0.96343,34.3,0.0,276.3662,0.47039,True,0.88028,243.27922,0.53437,0.54442,True,0.45558,False
2019-07-31,Public dataset: NREL PVDAQ (Photovoltaic Data Acquisition) via OEDI data lake,90.0,True,7.1909,8.2087,0.87601,32.21,0.9,252.51568,0.35641,True,0.88029,222.28586,0.40488,0.54442,True,0.45558,False
2019-08-01,Public dataset: NREL PVDAQ (Photovoltaic Data Acquisition) via OEDI data lake,131.0,True,7.9529,8.2056,0.9692,33.6,0.57,273.34618,0.47925,True,0.88029,240.62452,0.54442,0.75026,True,0.24974,False
2019-08-02,Public dataset: NREL PVDAQ (Photovoltaic Data Acquisition) via OEDI data lake,126.0,True,8.1264,8.3532,0.97285,35.21,0.0,275.10147,0.45801,True,0.8803,242.17158,0.52029,0.9561,True,0.0439,False
2019-08-03,Public dataset: NREL PVDAQ (Photovoltaic Data Acquisition) via OEDI data lake,124.0,True,7.8173,8.0429,0.97195,36.07,0.0,265.35919,0.46729,True,0.88031,233.59728,0.53083,0.9561,True,0.0439,False
2019-08-04,Public dataset: NREL PVDAQ (Photovoltaic Data Acquisition) via OEDI data lake,123.0,True,7.7645,8.1302,0.95502,35.75,0.0,264.08401,0.46576,True,0.88031,232.47654,0.52909,0.9561,True,0.0439,False
2019-08-05,Public dataset: NREL PVDAQ (Photovoltaic Data Acquisition) via OEDI data lake,230.0,True,8.0796,8.1876,0.98681,36.56,0.0,272.47263,0.84412,True,0.88032,239.86302,0.95888,0.9561,True,0.0439,False
2019-08-06,Public dataset: NREL PVDAQ (Photovoltaic Data Acquisition) via OEDI data lake,158.0,True,4.2842,7.8432,0.54623,34.29,0.0,152.44055,1.03647,False,0.88033,134.19747,1.17737,0.95888,True,0.04112,False
2019-08-07,Public dataset: NREL PVDAQ (Photovoltaic Data Acquisition) via OEDI data lake,142.0,True,6.5134,7.9394,0.82039,33.26,1.76,221.77611,0.64029,False,0.88033,195.23692,0.72732,0.96221,True,0.03779,False
2019-08-08,Public dataset: NREL PVDAQ (Photovoltaic Data Acquisition) via OEDI data lake,211.0,True,6.7298,7.8094,0.86176,32.09,0.21,236.53305,0.89205,True,0.88034,208.22957,1.0133,0.96221,True,0.03779,False
2019-08-09,Public dataset: NREL PVDAQ (Photovoltaic Data Acquisition) via OEDI data lake,252.0,True,8.417,8.4358,0.99777,31.65,0.0,290.69377,0.86689,True,0.88035,255.91143,0.98472,0.96248,True,0.03752,False
2019-08-10,Public dataset: NREL PVDAQ (Photovoltaic Data Acquisition) via OEDI data lake,254.0,True,8.3146,8.335,0.99755,30.36,0.0,288.65876,0.87993,True,0.88035,254.1219,0.99952,0.97553,True,0.02447,False
2019-08-11,Public dataset: NREL PVDAQ (Photovoltaic Data Acquisition) via OEDI data lake,248.0,True,8.4118,8.4377,0.99693,29.78,0.0,292.76652,0.84709,True,0.88036,257.74018,0.96221,0.97553,True,0.02447,False
2019-08-12,Public dataset: NREL PVDAQ (Photovoltaic Data Acquisition) via OEDI data lake,241.0,True,8.2003,8.221,0.99748,31.58,0.0,284.42091,0.84734,True,0.88037,250.39499,0.96248,0.97684,True,0.02316,False
2019-08-13,Public dataset: NREL PVDAQ (Photovoltaic Data Acquisition) via OEDI data lake,239.0,True,7.9826,8.009,0.9967,33.11,0.0,276.72668,0.86367,True,0.88037,243.62313,0.98102,0.98102,True,0.01898,False
2019-08-14,Public dataset: NREL PVDAQ (Photovoltaic Data Acquisition) via OEDI data lake,237.0,True,7.9942,8.0256,0.99609,34.6,0.0,275.58349,0.85999,True,0.88038,242.61859,0.97684,0.98153,True,0.01847,False
2019-08-15,Public dataset: NREL PVDAQ (Photovoltaic Data Acquisition) via OEDI data lake,237.0,True,8.207,8.2294,0.99728,34.99,0.0,280.91026,0.84369,True,0.88039,247.31011,0.95831,0.98102,True,0.01898,False
2019-08-16,Public dataset: NREL PVDAQ (Photovoltaic Data Acquisition) via OEDI data lake,238.0,True,8.0767,8.107,0.99626,34.39,0.0,277.2395,0.85846,True,0.88,243.97068,0.97553,0.98102,True,0.01898,False
2019-08-17,Public dataset: NREL PVDAQ (Photovoltaic Data Acquisition) via OEDI data lake,250.0,True,7.9726,8.0088,0.99548,32.75,0.0,276.04356,0.90565,True,0.87961,242.81098,1.02961,0.98102,True,0.01898,False
2019-08-18,Public dataset: NREL PVDAQ (Photovoltaic Data Acquisition) via OEDI data lake,214.0,True,7.3716,7.9745,0.9244,31.27,0.0,257.33208,0.83161,True,0.87922,226.25215,0.94585,0.98102,True,0.01898,False
2019-08-19,Public dataset: NREL PVDAQ (Photovoltaic Data Acquisition) via OEDI data lake,239.0,True,7.7304,7.8031,0.99068,31.47,0.0,271.44949,0.88046,True,0.87883,238.55901,1.00185,0.98102,True,0.01898,False
2019-08-20,Public dataset: NREL PVDAQ (Photovoltaic Data Acquisition) via OEDI data lake,237.0,True,7.739,7.7938,0.99297,33.04,0.0,271.08379,0.87427,True,0.87845,238.13227,0.99525,0.98203,True,0.01797,False
2019-08-21,Public dataset: NREL PVDAQ (Photovoltaic Data Acquisition) via OEDI data lake,234.0,True,7.8418,7.9265,0.98931,34.04,0.0,271.37514,0.86228,True,0.87806,238.28275,0.98203,0.99525,False,0.0,False
2019-08-22,Public dataset: NREL PVDAQ (Photovoltaic Data Acquisition) via OEDI data lake,228.0,True,7.6205,8.0335,0.94859,32.37,0.0,267.07305,0.8537,True,0.87767,234.40149,0.97269,0.99525,False,0.0,False
2019-08-23,Public dataset: NREL PVDAQ (Photovoltaic Data Acquisition) via OEDI data lake,236.0,True,7.5689,7.704,0.98246,31.82,0.0,267.28545,0.88295,True,0.87728,234.48403,1.00647,0.99613,False,0.0,False
2019-08-24,Public dataset: NREL PVDAQ (Photovoltaic Data Acquisition) via OEDI data lake,231.0,True,7.4011,7.4244,0.99686,32.12,0.0,261.98547,0.88173,True,0.87689,229.73266,1.00552,0.99613,False,0.0,False
2019-08-25,Public dataset: NREL PVDAQ (Photovoltaic Data Acquisition) via OEDI data lake,231.0,True,7.3762,7.4071,0.99583,33.49,0.0,259.9502,0.88863,True,0.8765,227.84692,1.01384,0.99525,False,0.0,False
2019-08-26,Public dataset: NREL PVDAQ (Photovoltaic Data Acquisition) via OEDI data lake,222.0,True,7.3846,7.5024,0.9843,34.07,0.0,260.50362,0.8522,True,0.87611,228.23077,0.9727,0.99569,False,0.0,False
2019-08-27,Public dataset: NREL PVDAQ (Photovoltaic Data Acquisition) via OEDI data lake,212.0,True,6.8734,7.1686,0.95882,34.7,0.05,241.64321,0.87733,True,0.87573,211.613,1.00183,0.98864,True,0.01136,False
2019-08-28,Public dataset: NREL PVDAQ (Photovoltaic Data Acquisition) via OEDI data lake,223.0,True,7.2674,7.297,0.99594,35.56,0.05,255.74978,0.87195,True,0.87534,223.86709,0.99613,0.97736,True,0.02264,False
2019-08-29,Public dataset: NREL PVDAQ (Photovoltaic Data Acquisition) via OEDI data lake,222.0,True,7.3277,7.3716,0.99404,33.74,0.0,260.88407,0.85095,True,0.87495,228.25994,0.97258,0.9727,True,0.0273,False
2019-08-30,Public dataset: NREL PVDAQ (Photovoltaic Data Acquisition) via OEDI data lake,234.0,True,7.4472,7.4676,0.99727,34.02,0.0,262.89901,0.89008,True,0.87456,229.92074,1.01774,0.9727,True,0.0273,False
2019-08-31,Public dataset: NREL PVDAQ (Photovoltaic Data Acquisition) via OEDI data lake,223.0,True,7.5182,7.5408,0.997,33.88,0.0,265.04858,0.84136,True,0.87417,231.69767,0.96246,0.97258,True,0.02742,False
2019-09-01,Public dataset: NREL PVDAQ (Photovoltaic Data Acquisition) via OEDI data lake,118.0,True,7.1014,7.2842,0.9749,34.33,0.19,251.27018,0.46961,True,0.87378,219.55535,0.53745,0.96246,True,0.03754,False
2019-09-02,Public dataset: NREL PVDAQ (Photovoltaic Data Acquisition) via OEDI data lake,89.0,True,4.7177,6.8093,0.69283,32.58,0.05,177.61801,0.50108,False,0.87339,155.13039,0.57371,0.61604,True,0.38396,False
2019-09-03,Public dataset: NREL PVDAQ (Photovoltaic Data Acquisition) via OEDI data lake,115.0,True,6.0518,6.8688,0.88106,34.47,0.0,213.83188,0.53781,True,0.873,186.67625,0.61604,0.61604,True,0.38396,False
2019-09-04,Public dataset: NREL PVDAQ (Photovoltaic Data Acquisition) via OEDI data lake,114.0,True,6.1874,6.8599,0.90197,35.44,0.13,218.09564,0.52271,True,0.87262,190.31377,0.59901,0.61604,True,0.38396,False
2019-09-05,Public dataset: NREL PVDAQ (Photovoltaic Data Acquisition) via OEDI data lake,94.0,True,4.4638,6.6823,0.668,34.37,0.42,161.20388,0.58311,False,0.87223,140.60646,0.66853,0.61604,True,0.38396,False
2019-09-06,Public dataset: NREL PVDAQ (Photovoltaic Data Acquisition) via OEDI data lake,117.0,True,6.4656,6.7843,0.95302,33.35,0.11,233.39716,0.50129,True,0.87184,203.48473,0.57498,0.61604,True,0.38396,False
2019-09-07,Public dataset: NREL PVDAQ (Photovoltaic Data Acquisition) via OEDI data lake,105.0,True,6.7555,6.8633,0.98429,33.38,0.0,243.4027,0.43138,True,0.87145,212.11336,0.49502,0.61604,True,0.38396,False
2019-09-08,Public dataset: NREL PVDAQ (Photovoltaic Data Acquisition) via OEDI data lake,123.0,True,7.056,7.075,0.99731,28.66,0.0,260.61525,0.47196,True,0.87106,227.01196,0.54182,0.59901,True,0.40099,False
2019-09-09,Public dataset: NREL PVDAQ (Photovoltaic Data Acquisition) via OEDI data lake,126.0,True,6.8436,6.8657,0.99678,28.23,0.0,253.31747,0.4974,True,0.87067,220.5567,0.57128,0.60753,True,0.39247,False
2019-09-10,Public dataset: NREL PVDAQ (Photovoltaic Data Acquisition) via OEDI data lake,226.0,True,7.0003,7.0385,0.99457,26.63,0.01,261.28679,0.86495,True,0.87028,227.39384,0.99387,0.61604,True,0.38396,False
2019-09-11,Public dataset: NREL PVDAQ (Photovoltaic Data Acquisition) via OEDI data lake,221.0,True,6.9074,6.9274,0.99711,25.67,0.01,260.3191,0.84896,True,0.8699,226.45051,0.97593,0.95326,True,0.04674,False
2019-09-12,Public dataset: NREL PVDAQ (Photovoltaic Data Acquisition) via OEDI data lake,225.0,True,6.709,6.737,0.99584,26.53,0.0,253.09738,0.88899,True,0.86951,220.07001,1.0224,0.97593,True,0.02407,False
2019-09-13,Public dataset: NREL PVDAQ (Photovoltaic Data Acquisition) via OEDI data lake,219.0,True,6.726,6.7529,0.99602,28.88,0.0,250.61286,0.87386,True,0.86912,217.81231,1.00545,0.96459,True,0.03541,False
2019-09-14,Public dataset: NREL PVDAQ (Photovoltaic Data Acquisition) via OEDI data lake,202.0,True,6.601,6.6823,0.98783,30.04,0.0,243.92554,0.82812,True,0.86873,211.90544,0.95326,0.96459,True,0.03541,False
2019-09-15,Public dataset: NREL PVDAQ (Photovoltaic Data Acquisition) via OEDI data lake,107.0,True,5.8351,6.4901,0.89908,30.07,0.0,214.93647,0.49782,True,0.86834,186.63825,0.5733,0.96459,True,0.03541,False
2019-09-16,Public dataset: NREL PVDAQ (Photovoltaic Data Acquisition) via OEDI data lake,75.0,True,4.9558,6.4596,0.7672,29.53,0.0,180.81719,0.41478,False,0.8681,156.96664,0.47781,0.97593,True,0.02407,False
2019-09-17,Public dataset: NREL PVDAQ (Photovoltaic Data Acquisition) via OEDI data lake,223.0,True,6.768,6.8028,0.99488,25.28,0.0,257.99522,0.86436,True,0.86785,223.9012,0.99598,0.97593,True,0.02407,False
2019-09-18,Public dataset: NREL PVDAQ (Photovoltaic Data Acquisition) via OEDI data lake,219.0,True,6.6492,6.6751,0.99612,25.58,0.0,252.09994,0.8687,True,0.8676,218.72306,1.00127,0.95326,True,0.04674,False
2019-09-19,Public dataset: NREL PVDAQ (Photovoltaic Data Acquisition) via OEDI data lake,232.0,True,6.6228,6.6588,0.99459,23.23,0.0,255.3172,0.90867,True,0.86736,221.45166,1.04763,0.76328,True,0.23672,False
2019-09-20,Public dataset: NREL PVDAQ (Photovoltaic Data Acquisition) via OEDI data lake,119.0,True,6.6031,6.6358,0.99507,22.72,0.0,256.68392,0.46361,True,0.86711,222.57406,0.53465,0.55924,True,0.44076,False
2019-09-21,Public dataset: NREL PVDAQ (Photovoltaic Data Acquisition) via OEDI data lake,117.0,True,6.3497,6.4459,0.98508,23.19,0.0,247.72884,0.47229,True,0.86687,214.74813,0.54482,0.55875,True,0.44125,False
2019-09-22,Public dataset: NREL PVDAQ (Photovoltaic Data Acquisition) via OEDI data lake,94.0,True,5.5351,6.349,0.87181,24.11,0.0,210.14652,0.44731,True,0.86662,182.11762,0.51615,0.54643,True,0.45357,False
2019-09-23,Public dataset: NREL PVDAQ (Photovoltaic Data Acquisition) via OEDI data lake,80.0,True,4.8084,6.0142,0.79951,25.01,0.91,184.74849,0.43302,False,0.86638,160.06175,0.49981,0.54501,True,0.45499,False
2019-09-24,Public dataset: NREL PVDAQ (Photovoltaic Data Acquisition) via OEDI data lake,114.0,True,6.2287,6.2626,0.99459,25.85,0.0,241.42121,0.4722,True,0.86613,209.10237,0.54519,0.54482,True,0.45518,False
2019-09-25,Public dataset: NREL PVDAQ (Photovoltaic Data Acquisition) via OEDI data lake,98.0,True,5.8565,6.1639,0.95013,26.75,0.0,226.07206,0.43349,True,0.86589,195.75246,0.50063,0.54383,True,0.45617,False
2019-09-26,Public dataset: NREL PVDAQ (Photovoltaic Data Acquisition) via OEDI data lake,72.0,True,4.5857,5.8673,0.78157,25.12,0.02,180.91863,0.39797,False,0.86564,156.61034,0.45974,0.54122,True,0.45878,False
2019-09-27,Public dataset: NREL PVDAQ (Photovoltaic Data Acquisition) via OEDI data lake,108.0,True,5.8682,5.8975,0.99503,25.38,0.0,229.48067,0.47063,True,0.86539,198.5912,0.54383,0.54122,True,0.45878,False
2019-09-28,Public dataset: NREL PVDAQ (Photovoltaic Data Acquisition) via OEDI data lake,115.0,True,5.9172,5.9616,0.99255,24.19,0.0,232.25905,0.49514,True,0.86515,200.93855,0.57231,0.54383,True,0.45617,False
2019-09-29,Public dataset: NREL PVDAQ (Photovoltaic Data Acquisition) via OEDI data lake,118.0,True,6.1522,6.1754,0.99624,18.43,0.0,249.1098,0.47369,True,0.8649,215.45576,0.54768,0.54383,True,0.45617,False
2019-09-30,Public dataset: NREL PVDAQ (Photovoltaic Data Acquisition) via OEDI data lake,117.0,True,6.1826,6.2114,0.99536,17.57,0.0,250.23662,0.46756,True,0.86466,216.36888,0.54074,0.54519,True,0.45481,False
2019-10-01,Public dataset: NREL PVDAQ (Photovoltaic Data Acquisition) via OEDI data lake,114.0,True,6.1922,6.2155,0.99625,17.85,0.0,250.47735,0.45513,True,0.86441,216.51551,0.52652,0.54643,True,0.45357,False
2019-10-02,Public dataset: NREL PVDAQ (Photovoltaic Data Acquisition) via OEDI data lake,114.0,True,6.0178,6.0463,0.99529,19.47,0.0,243.74408,0.4677,True,0.86417,210.63533,0.54122,0.56,True,0.44,False
2019-10-03,Public dataset: NREL PVDAQ (Photovoltaic Data Acquisition) via OEDI data lake,111.0,True,5.9174,5.9556,0.99359,21.59,0.0,237.62839,0.46712,True,0.86392,205.292,0.54069,0.74672,True,0.25328,False
2019-10-04,Public dataset: NREL PVDAQ (Photovoltaic Data Acquisition) via OEDI data lake,205.0,True,6.0571,6.0838,0.99561,21.56,0.0,242.82403,0.84423,True,0.86367,209.72097,0.97749,0.92112,True,0.07888,False
2019-10-05,Public dataset: NREL PVDAQ (Photovoltaic Data Acquisition) via OEDI data lake,201.0,True,5.8207,5.8565,0.99389,21.72,0.0,235.38784,0.85391,True,0.86343,203.2407,0.98898,0.97749,True,0.02251,False
2019-10-06,Public dataset: NREL PVDAQ (Photovoltaic Data Acquisition) via OEDI data lake,202.0,True,5.616,5.6666,0.99107,21.31,0.0,227.25047,0.88889,True,0.86318,196.15885,1.02978,0.98898,True,0.01102,False
2019-10-07,Public dataset: NREL PVDAQ (Photovoltaic Data Acquisition) via OEDI data lake,197.0,True,5.6184,5.6551,0.99351,22.99,0.0,226.63724,0.86923,True,0.86294,195.57385,1.00729,0.99374,False,0.0,False
2019-10-08,Public dataset: NREL PVDAQ (Photovoltaic Data Acquisition) via OEDI data lake,191.0,True,5.4442,5.513,0.98752,23.96,0.0,217.82573,0.87685,True,0.86269,187.91657,1.01641,0.99738,False,0.0,False
2019-10-09,Public dataset: NREL PVDAQ (Photovoltaic Data Acquisition) via OEDI data lake,185.0,True,5.7866,5.8171,0.99476,23.15,0.0,232.87429,0.79442,True,0.86245,200.84164,0.92112,1.00103,False,0.0,False
2019-10-10,Public dataset: NREL PVDAQ (Photovoltaic Data Acquisition) via OEDI data lake,215.0,True,5.7775,5.8078,0.99478,13.86,0.0,246.94083,0.87065,True,0.8622,212.91263,1.0098,1.00103,False,0.0,False
2019-10-11,Public dataset: NREL PVDAQ (Photovoltaic Data Acquisition) via OEDI data lake,210.0,True,5.58,5.6602,0.98583,13.48,0.0,237.97883,0.88243,True,0.86196,205.12713,1.02376,1.00103,False,0.0,False
2019-10-12,Public dataset: NREL PVDAQ (Photovoltaic Data Acquisition) via OEDI data lake,199.0,True,5.5111,5.5582,0.99153,16.73,0.0,231.54378,0.85945,True,0.86171,199.52353,0.99738,1.00729,False,0.0,False
2019-10-13,Public dataset: NREL PVDAQ (Photovoltaic Data Acquisition) via OEDI data lake,191.0,True,5.275,5.3585,0.98442,18.81,0.0,220.11038,0.86775,True,0.86146,189.61719,1.00729,1.00729,False,0.0,False
2019-10-14,Public dataset: NREL PVDAQ (Photovoltaic Data Acquisition) via OEDI data lake,184.0,True,5.1542,5.201,0.991,20.87,0.0,214.99672,0.85583,True,0.86122,185.15915,0.99374,1.00103,False,0.0,False
2019-10-15,Public dataset: NREL PVDAQ (Photovoltaic Data Acquisition) via OEDI data lake,184.0,True,5.1502,5.2121,0.98812,21.66,0.0,213.49121,0.86186,True,0.86097,183.81014,1.00103,0.99738,False,0.0,False
2019-10-16,Public dataset: NREL PVDAQ (Photovoltaic Data Acquisition) via OEDI data lake,171.0,True,4.7909,5.1233,0.93512,22.94,0.0,194.43263,0.87948,True,0.86068,167.3445,1.02184,0.99738,False,0.0,False
2019-10-17,Public dataset: NREL PVDAQ (Photovoltaic Data Acquisition) via OEDI data lake,159.0,True,4.7009,5.1146,0.91911,22.59,0.0,196.04718,0.81103,True,0.86039,168.67692,0.94263,1.00103,False,0.0,False
2019-10-18,Public dataset: NREL PVDAQ (Photovoltaic Data Acquisition) via OEDI data lake,189.0,True,5.2102,5.2303,0.99616,18.79,0.0,221.29609,0.85406,True,0.8601,190.33625,0.99298,1.00103,False,0.0,False
2019-10-19,Public dataset: NREL PVDAQ (Photovoltaic Data Acquisition) via OEDI data lake,161.0,True,4.5156,5.1653,0.87422,18.83,0.0,183.45758,0.87759,True,0.85981,157.73791,1.02068,1.00103,False,0.0,False
2019-10-20,Public dataset: NREL PVDAQ (Photovoltaic Data Acquisition) via OEDI data lake,185.0,True,5.0803,5.119,0.99244,17.03,0.0,218.71239,0.84586,True,0.85951,187.9864,0.98411,1.00304,False,0.0,False
2019-10-21,Public dataset: NREL PVDAQ (Photovoltaic Data Acquisition) via OEDI data lake,177.0,True,4.837,4.9606,0.97508,18.7,0.0,207.46498,0.85316,True,0.85922,178.25856,0.99294,1.00103,False,0.0,False
2019-10-22,Public dataset: NREL PVDAQ (Photovoltaic Data Acquisition) via OEDI data lake,175.0,True,4.9246,4.9447,0.99594,20.06,0.0,209.50953,0.83528,True,0.85893,179.95417,0.97247,1.00103,False,0.0,False
2019-10-23,Public dataset: NREL PVDAQ (Photovoltaic Data Acquisition) via OEDI data lake,174.0,True,4.7402,4.8276,0.9819,20.18,0.0,202.03183,0.86125,True,0.85864,173.4724,1.00304,0.99298,False,0.0,False
2019-10-24,Public dataset: NREL PVDAQ (Photovoltaic Data Acquisition) via OEDI data lake,182.0,True,4.7902,4.9402,0.96964,16.18,0.0,207.96291,0.87516,True,0.85835,178.50438,1.01958,0.99298,False,0.0,False
2019-10-25,Public dataset: NREL PVDAQ (Photovoltaic Data Acquisition) via OEDI data lake,175.0,True,4.6661,4.6829,0.99641,17.67,0.0,202.77067,0.86304,True,0.85806,173.98848,1.00581,1.00161,False,0.0,False
2019-10-26,Public dataset: NREL PVDAQ (Photovoltaic Data Acquisition) via OEDI data lake,172.0,True,4.6606,4.6918,0.99335,20.34,0.0,199.15855,0.86363,True,0.85776,170.83098,1.00684,1.00304,False,0.0,False
2019-10-27,Public dataset: NREL PVDAQ (Photovoltaic Data Acquisition) via OEDI data lake,173.0,True,4.5607,4.6774,0.97505,14.53,0.0,199.58293,0.86681,True,0.85747,171.13677,1.01089,1.00161,False,0.0,False
2019-10-28,Public dataset: NREL PVDAQ (Photovoltaic Data Acquisition) via OEDI data lake,184.0,True,4.8007,4.8314,0.99365,8.58,0.0,217.71659,0.84514,True,0.85718,186.62236,0.98595,1.00304,False,0.0,False
2019-10-29,Public dataset: NREL PVDAQ (Photovoltaic Data Acquisition) via OEDI data lake,176.0,True,4.7114,4.7455,0.99281,10.17,0.0,210.16285,0.83745,True,0.85689,180.08613,0.97731,1.00304,False,0.0,False
2019-10-30,Public dataset: NREL PVDAQ (Photovoltaic Data Acquisition) via OEDI data lake,189.0,True,4.8036,4.8288,0.99478,4.4,0.0,222.36686,0.84995,True,0.8566,190.47873,0.99224,1.00304,False,0.0,False
2019-10-31,Public dataset: NREL PVDAQ (Photovoltaic Data Acquisition) via OEDI data lake,181.0,True,4.5646,4.6279,0.98632,7.86,0.0,208.0484,0.86999,True,0.8563,178.15288,1.01598,1.00233,False,0.0,False
2019-11-01,Public dataset: NREL PVDAQ (Photovoltaic Data Acquisition) via OEDI data lake,174.0,True,4.5233,4.5931,0.9848,11.34,0.0,202.94096,0.85739,True,0.85601,173.72015,1.00161,1.00138,False,0.0,False
2019-11-02,Public dataset: NREL PVDAQ (Photovoltaic Data Acquisition) via OEDI data lake,168.0,True,4.3966,4.4462,0.98884,14.15,0.0,195.72722,0.85834,True,0.85572,167.48799,1.00306,0.99963,False,0.0,False
2019-11-03,Public dataset: NREL PVDAQ (Photovoltaic Data Acquisition) via OEDI data lake,163.0,True,4.308,4.367,0.98649,16.62,0.0,190.33005,0.85641,True,0.85543,162.81399,1.00114,0.99704,False,0.0,False
2019-11-04,Public dataset: NREL PVDAQ (Photovoltaic Data Acquisition) via OEDI data lake,162.0,True,4.2324,4.3075,0.98257,17.25,0.0,187.34321,0.86472,True,0.85514,160.2043,1.01121,0.99411,False,0.0,False
2019-11-05,Public dataset: NREL PVDAQ (Photovoltaic Data Acquisition) via OEDI data lake,158.0,True,4.183,4.2264,0.98973,17.38,0.0,185.1787,0.85323,True,0.85485,158.29932,0.99811,0.99411,False,0.0,False
2019-11-06,Public dataset: NREL PVDAQ (Photovoltaic Data Acquisition) via OEDI data lake,151.0,True,4.0416,4.2098,0.96005,18.14,0.0,177.41383,0.85112,True,0.85455,151.60979,0.99598,0.99411,False,0.0,False
2019-11-07,Public dataset: NREL PVDAQ (Photovoltaic Data Acquisition) via OEDI data lake,,False,4.1743,4.2202,0.98912,18.05,0.0,185.92657,,False,0.85426,158.83014,,0.99598,False,0.0,False
2019-11-08,Public dataset: NREL PVDAQ (Photovoltaic Data Acquisition) via OEDI data lake,82.0,True,4.0728,4.1232,0.98778,17.88,0.0,181.55123,0.45166,True,0.85397,155.03949,0.5289,0.52976,True,0.47024,False
2019-11-09,Public dataset: NREL PVDAQ (Photovoltaic Data Acquisition) via OEDI data lake,79.0,True,4.0759,4.1261,0.98783,17.56,0.0,182.38247,0.43316,True,0.85368,155.69613,0.5074,0.5289,True,0.4711,False
2019-11-10,Public dataset: NREL PVDAQ (Photovoltaic Data Acquisition) via OEDI data lake,80.0,True,3.9653,4.0471,0.97979,17.45,0.0,177.79203,0.44996,True,0.85339,151.7255,0.52727,0.52727,True,0.47273,False
2019-11-11,Public dataset: NREL PVDAQ (Photovoltaic Data Acquisition) via OEDI data lake,79.0,True,3.9461,4.0099,0.98409,16.56,0.0,177.00802,0.44631,True,0.8531,151.0048,0.52316,0.52693,True,0.47307,False
2019-11-12,Public dataset: NREL PVDAQ (Photovoltaic Data Acquisition) via OEDI data lake,78.0,True,3.822,3.9379,0.97057,16.16,0.0,172.65115,0.45178,True,0.8528,147.2376,0.52976,0.52504,True,0.47496,False
2019-11-13,Public dataset: NREL PVDAQ (Photovoltaic Data Acquisition) via OEDI data lake,76.0,True,3.7834,3.9343,0.96165,17.36,0.0,169.18521,0.44921,True,0.85251,144.23248,0.52693,0.52316,True,0.47684,False
2019-11-14,Public dataset: NREL PVDAQ (Photovoltaic Data Acquisition) via OEDI data lake,59.0,True,2.5745,3.7392,0.68852,16.68,0.0,110.09463,0.5359,False,0.85222,93.82491,0.62883,0.52023,True,0.47977,False
2019-11-15,Public dataset: NREL PVDAQ (Photovoltaic Data Acquisition) via OEDI data lake,64.0,True,3.4114,3.7702,0.90483,18.26,0.0,151.80169,0.4216,True,0.85193,129.32424,0.49488,0.52316,True,0.47684,False
2019-11-16,Public dataset: NREL PVDAQ (Photovoltaic Data Acquisition) via OEDI data lake,75.0,True,3.7356,3.7747,0.98964,17.21,0.0,170.27553,0.44046,True,0.85147,144.984,0.5173,0.5173,True,0.4827,False
2019-11-17,Public dataset: NREL PVDAQ (Photovoltaic Data Acquisition) via OEDI data lake,76.0,True,3.8338,3.865,0.99193,16.71,0.0,176.68879,0.43013,True,0.85101,150.36308,0.50544,0.52316,True,0.47684,False
2019-11-18,Public dataset: NREL PVDAQ (Photovoltaic Data Acquisition) via OEDI data lake,75.0,True,3.7882,3.8213,0.99134,17.4,0.0,173.86332,0.43137,True,0.85054,147.8783,0.50717,0.52316,True,0.47684,False
2019-11-19,Public dataset: NREL PVDAQ (Photovoltaic Data Acquisition) via OEDI data lake,53.0,True,2.2543,3.6931,0.61041,18.05,15.79,93.18279,0.56877,False,0.85008,79.21298,0.66908,0.5173,True,0.4827,False
2019-11-20,Public dataset: NREL PVDAQ (Photovoltaic Data Acquisition) via OEDI data lake,42.0,True,1.0241,3.5453,0.28886,12.3,19.91,42.08905,,False,0.84962,35.75969,,0.51546,True,0.48454,False
2019-11-21,Public dataset: NREL PVDAQ (Photovoltaic Data Acquisition) via OEDI data lake,35.0,True,1.9241,3.642,0.52831,8.72,3.62,82.86057,0.4224,False,0.84916,70.36171,0.49743,0.51362,True,0.48638,False
2019-11-22,Public dataset: NREL PVDAQ (Photovoltaic Data Acquisition) via OEDI data lake,76.0,True,3.2815,3.6535,0.89818,8.97,0.0,154.86949,0.49074,True,0.8487,131.43714,0.57822,0.51362,True,0.48638,False
2019-11-23,Public dataset: NREL PVDAQ (Photovoltaic Data Acquisition) via OEDI data lake,76.0,True,3.6178,3.6365,0.99486,8.5,0.0,174.4443,0.43567,True,0.84823,147.96965,0.51362,0.5173,True,0.4827,False
2019-11-24,Public dataset: NREL PVDAQ (Photovoltaic Data Acquisition) via OEDI data lake,77.0,True,3.6074,3.6434,0.99012,9.58,0.0,173.53408,0.44372,True,0.84777,147.11743,0.52339,0.51851,True,0.48149,False
2019-11-25,Public dataset: NREL PVDAQ (Photovoltaic Data Acquisition) via OEDI data lake,72.0,True,3.4092,3.629,0.93943,8.9,0.0,162.06294,0.44427,True,0.84731,137.31767,0.52433,0.51922,True,0.48078,False
2019-11-26,Public dataset: NREL PVDAQ (Photovoltaic Data Acquisition) via OEDI data lake,72.0,True,3.5815,3.6814,0.97286,4.91,0.0,175.22255,0.41091,True,0.84685,148.38703,0.48522,0.52339,True,0.47661,False
2019-11-27,Public dataset: NREL PVDAQ (Photovoltaic Data Acquisition) via OEDI data lake,57.0,True,1.1789,3.3842,0.34835,6.7,2.49,48.90844,,False,0.84639,41.39547,,0.52339,True,0.47661,False
2019-11-28,Public dataset: NREL PVDAQ (Photovoltaic Data Acquisition) via OEDI data lake,37.0,True,1.6704,3.4601,0.48276,5.81,14.22,72.57314,0.50983,False,0.84593,61.39145,0.60269,0.52386,True,0.47614,False
2019-11-29,Public dataset: NREL PVDAQ (Photovoltaic Data Acquisition) via OEDI data lake,58.0,True,1.7417,3.425,0.50853,4.21,2.69,75.04115,0.77291,False,0.84546,63.44455,0.91418,0.52433,True,0.47567,False
2019-11-30,Public dataset: NREL PVDAQ (Photovoltaic Data Acquisition) via OEDI data lake,72.0,True,3.1457,3.4591,0.9094,4.15,0.0,152.63,0.47173,True,0.845,128.9726,0.55826,0.52386,True,0.47614,False
2019-12-01,Public dataset: NREL PVDAQ (Photovoltaic Data Acquisition) via OEDI data lake,51.0,True,2.119,3.2868,0.6447,4.78,0.0,94.54332,0.53944,False,0.84454,79.8456,0.63873,0.52433,True,0.47567,False
2019-12-02,Public dataset: NREL PVDAQ (Photovoltaic Data Acquisition) via OEDI data lake,59.0,True,2.8358,3.3065,0.85764,7.85,0.0,135.71295,0.43474,True,0.84408,114.55232,0.51505,0.55826,True,0.44174,False
2019-12-03,Public dataset: NREL PVDAQ (Photovoltaic Data Acquisition) via OEDI data lake,80.0,True,1.9975,3.311,0.60329,8.54,0.0,87.46759,0.91462,False,0.84362,73.78908,1.08417,0.75824,True,0.24176,False
2019-12-04,Public dataset: NREL PVDAQ (Photovoltaic Data Acquisition) via OEDI data lake,18.0,True,0.8599,3.1145,0.2761,8.51,12.79,35.6072,,False,0.84315,30.02237,,0.96694,True,0.03306,False
2019-12-05,Public dataset: NREL PVDAQ (Photovoltaic Data Acquisition) via OEDI data lake,130.0,True,2.9462,3.3182,0.88789,9.32,0.26,140.79072,0.92336,True,0.84269,118.6433,1.09572,0.96694,True,0.03306,False
2019-12-06,Public dataset: NREL PVDAQ (Photovoltaic Data Acquisition) via OEDI data lake,106.0,True,2.7874,3.2292,0.86319,10.93,0.0,128.99554,0.82173,True,0.84223,108.64402,0.97566,0.97566,True,0.02434,False
2019-12-07,Public dataset: NREL PVDAQ (Photovoltaic Data Acquisition) via OEDI data lake,50.0,True,1.7174,3.127,0.54922,11.16,0.16,72.29902,0.69157,False,0.84177,60.85908,0.82157,0.97566,True,0.02434,False
2019-12-08,Public dataset: NREL PVDAQ (Photovoltaic Data Acquisition) via OEDI data lake,81.0,True,1.8857,3.2016,0.58899,11.26,0.53,80.81074,1.00234,False,0.84131,67.98666,1.19141,0.98449,True,0.01551,False
2019-12-09,Public dataset: NREL PVDAQ (Photovoltaic Data Acquisition) via OEDI data lake,130.0,True,3.2981,3.3422,0.98681,9.72,0.47,161.34817,0.80571,True,0.84085,135.66886,0.95822,0.97789,True,0.02211,False
2019-12-10,Public dataset: NREL PVDAQ (Photovoltaic Data Acquisition) via OEDI data lake,104.0,True,2.713,3.317,0.81791,8.56,0.0,127.49307,0.81573,False,0.84038,107.14308,0.97066,0.99332,False,0.0,False
2019-12-11,Public dataset: NREL PVDAQ (Photovoltaic Data Acquisition) via OEDI data lake,114.0,True,2.8121,3.2369,0.86876,8.96,0.0,132.34591,0.86138,True,0.83992,111.16021,1.02555,0.99332,False,0.0,False
2019-12-12,Public dataset: NREL PVDAQ (Photovoltaic Data Acquisition) via OEDI data lake,98.0,True,2.6038,3.1418,0.82876,9.39,0.0,124.50639,0.78711,False,0.83946,104.51813,0.93764,0.98835,False,0.0,False
2019-12-13,Public dataset: NREL PVDAQ (Photovoltaic Data Acquisition) via OEDI data lake,118.0,True,2.9477,3.1054,0.94922,10.2,0.0,141.58913,0.8334,True,0.839,118.79302,0.99332,0.98338,False,0.0,False
2019-12-14,Public dataset: NREL PVDAQ (Photovoltaic Data Acquisition) via OEDI data lake,105.0,True,2.3674,3.1769,0.74519,9.49,1.35,107.64173,0.97546,False,0.83854,90.2615,1.16329,0.98835,False,0.0,False
2019-12-15,Public dataset: NREL PVDAQ (Photovoltaic Data Acquisition) via OEDI data lake,137.0,True,2.7854,3.2906,0.84647,6.11,1.0,135.99032,1.00742,False,0.83807,113.97002,1.20207,0.98835,False,0.0,False
2019-12-16,Public dataset: NREL PVDAQ (Photovoltaic Data Acquisition) via OEDI data lake,141.0,True,3.359,3.3862,0.99197,2.54,0.0,171.60337,0.82166,True,0.84024,144.18796,0.97789,0.98835,False,0.0,False
2019-12-17,Public dataset: NREL PVDAQ (Photovoltaic Data Acquisition) via OEDI data lake,135.0,True,3.1474,3.3583,0.9372,2.14,0.0,156.72351,0.86139,True,0.8424,132.02464,1.02254,0.99332,False,0.0,False
2019-12-18,Public dataset: NREL PVDAQ (Photovoltaic Data Acquisition) via OEDI data lake,73.0,True,1.8168,3.2376,0.56116,3.57,0.0,79.84669,0.91425,False,0.84457,67.43611,1.08251,0.99332,False,0.0,False
2019-12-19,Public dataset: NREL PVDAQ (Photovoltaic Data Acquisition) via OEDI data lake,133.0,True,3.1867,3.2122,0.99206,5.73,0.0,159.72782,0.83267,True,0.84674,135.24715,0.98338,0.98835,False,0.0,False
2019-12-20,Public dataset: NREL PVDAQ (Photovoltaic Data Acquisition) via OEDI data lake,105.0,True,2.3138,3.1241,0.74063,6.17,0.0,105.19414,0.99815,False,0.8489,89.29933,1.17582,0.98835,False,0.0,False
2019-12-21,Public dataset: NREL PVDAQ (Photovoltaic Data Acquisition) via OEDI data lake,90.0,True,1.8583,3.1934,0.58192,6.82,0.0,81.03265,1.11066,False,0.85107,68.96409,1.30503,0.99193,False,0.0,False
2019-12-22,Public dataset: NREL PVDAQ (Photovoltaic Data Acquisition) via OEDI data lake,53.0,True,1.6008,3.1894,0.50191,6.84,0.0,69.11909,0.76679,False,0.85323,58.97452,0.89869,0.99193,False,0.0,False
2019-12-23,Public dataset: NREL PVDAQ (Photovoltaic Data Acquisition) via OEDI data lake,29.0,True,0.642,3.0053,0.21362,9.36,2.21,26.54939,,False,0.8554,22.71024,,0.9949,False,0.0,False
2019-12-24,Public dataset: NREL PVDAQ (Photovoltaic Data Acquisition) via OEDI data lake,74.0,True,1.5456,3.1027,0.49815,6.68,2.81,68.16484,1.0856,False,0.85756,58.4555,1.26592,0.9949,False,0.0,False
2019-12-25,Public dataset: NREL PVDAQ (Photovoltaic Data Acquisition) via OEDI data lake,70.0,True,2.0107,3.126,0.64322,4.82,0.26,89.82276,0.77931,False,0.85973,77.22296,0.90647,0.9929,False,0.0,False
2019-12-26,Public dataset: NREL PVDAQ (Photovoltaic Data Acquisition) via OEDI data lake,20.0,True,0.7378,3.1351,0.23534,4.23,6.3,31.31347,,False,0.86189,26.9888,,0.9929,False,0.0,False
2019-12-27,Public dataset: NREL PVDAQ (Photovoltaic Data Acquisition) via OEDI data lake,102.0,True,2.6878,3.2218,0.83425,4.65,0.56,132.81227,0.768,False,0.86406,114.75727,0.88883,0.99332,False,0.0,False
2019-12-28,Public dataset: NREL PVDAQ (Photovoltaic Data Acquisition) via OEDI data lake,142.0,True,3.2362,3.3106,0.97753,2.37,0.08,163.85094,0.86664,True,0.86622,141.93119,1.00048,0.99332,False,0.0,False
2019-12-29,Public dataset: NREL PVDAQ (Photovoltaic Data Acquisition) via OEDI data lake,92.0,True,1.909,3.211,0.59452,3.34,0.0,84.98865,1.0825,False,0.86839,73.803,1.24656,0.9929,False,0.0,False
2019-12-30,Public dataset: NREL PVDAQ (Photovoltaic Data Acquisition) via OEDI data lake,134.0,True,3.0833,3.1985,0.96398,4.1,0.0,154.7145,0.86611,True,0.87055,134.68697,0.9949,0.9929,False,0.0,False
2019-12-31,Public dataset: NREL PVDAQ (Photovoltaic Data Acquisition) via OEDI data lake,137.0,True,3.161,3.3226,0.95136,4.86,0.0,158.42216,0.86478,True,0.87272,138.25769,0.9909,0.9929,False,0.0,False
