date,data_label,energy_kwh,valid,ghi,clear_ghi,clearness,t2m_c,precip_mm,model_kwh,pi,clear,reference,expected_kwh,ratio,smooth_ratio,flagged,loss_fraction,outage
2016-01-01,Public dataset: NREL PVDAQ (Photovoltaic Data Acquisition) via OEDI data lake,115.0,True,3.2486,3.3881,0.95883,1.37,0.0,127.68445,0.90066,True,0.95218,121.5792,0.94589,0.93923,True,0.06077,False
2016-01-02,Public dataset: NREL PVDAQ (Photovoltaic Data Acquisition) via OEDI data lake,80.0,True,2.1775,3.2285,0.67446,4.58,0.0,75.42825,1.06061,False,0.95556,72.07601,1.10994,0.94589,True,0.05411,False
2016-01-03,Public dataset: NREL PVDAQ (Photovoltaic Data Acquisition) via OEDI data lake,57.0,True,1.5883,3.2568,0.48769,7.2,0.01,51.09493,1.11557,False,0.95893,48.99643,1.16335,0.93923,True,0.06077,False
2016-01-04,Public dataset: NREL PVDAQ (Photovoltaic Data Acquisition) via OEDI data lake,27.0,True,0.821,3.0734,0.26713,8.02,0.46,25.73958,,False,0.9623,24.76924,,0.9519,True,0.0481,False
2016-01-05,Public dataset: NREL PVDAQ (Photovoltaic Data Acquisition) via OEDI data lake,10.0,True,0.967,3.2124,0.30102,7.86,15.0,30.32761,,False,0.96567,29.28659,,0.9519,True,0.0481,False
2016-01-06,Public dataset: NREL PVDAQ (Photovoltaic Data Acquisition) via OEDI data lake,82.0,True,2.2056,3.2803,0.67238,6.82,4.54,75.5483,1.0854,False,0.96905,73.20981,1.12007,0.9519,True,0.0481,False
2016-01-07,Public dataset: NREL PVDAQ (Photovoltaic Data Acquisition) via OEDI data lake,,False,1.9999,3.3122,0.6038,5.56,2.39,66.99953,,False,0.97242,65.1516,,0.94589,True,0.05411,False
2016-01-08,Public dataset: NREL PVDAQ (Photovoltaic Data Acquisition) via OEDI data lake,109.0,True,2.994,3.3994,0.88074,5.61,0.02,111.72871,0.97558,True,0.97579,109.02386,0.99978,0.93923,True,0.06077,False
2016-01-09,Public dataset: NREL PVDAQ (Photovoltaic Data Acquisition) via OEDI data lake,114.0,True,3.229,3.3806,0.95516,5.53,0.0,121.54071,0.93796,True,0.97916,119.0082,0.95792,0.93257,True,0.06743,False
2016-01-10,Public dataset: NREL PVDAQ (Photovoltaic Data Acquisition) via OEDI data lake,94.0,True,2.8198,3.3665,0.83761,4.9,0.0,103.69794,0.90648,False,0.98254,101.88692,0.92259,0.94524,True,0.05476,False
2016-01-11,Public dataset: NREL PVDAQ (Photovoltaic Data Acquisition) via OEDI data lake,123.0,True,3.5294,3.5746,0.98736,3.06,0.0,135.61073,0.90701,True,0.98591,133.69969,0.91997,0.93257,True,0.06743,False
2016-01-12,Public dataset: NREL PVDAQ (Photovoltaic Data Acquisition) via OEDI data lake,,False,3.3341,3.5647,0.93531,3.32,0.0,126.39026,,False,0.98928,125.03538,,0.93257,True,0.06743,False
2016-01-13,Public dataset: NREL PVDAQ (Photovoltaic Data Acquisition) via OEDI data lake,75.0,True,1.8667,3.5076,0.53219,3.77,0.0,61.18468,1.2258,False,0.99265,60.73512,1.23487,0.9438,True,0.0562,False
2016-01-14,Public dataset: NREL PVDAQ (Photovoltaic Data Acquisition) via OEDI data lake,104.0,True,3.0444,3.5647,0.85404,6.55,0.0,111.96541,0.92886,True,0.99602,111.52031,0.93257,0.9438,True,0.0562,False
2016-01-15,Public dataset: NREL PVDAQ (Photovoltaic Data Acquisition) via OEDI data lake,108.0,True,3.3965,3.5755,0.94994,7.4,0.04,126.05408,0.85678,True,0.9994,125.97807,0.85729,0.9438,True,0.0562,False
2016-01-16,Public dataset: NREL PVDAQ (Photovoltaic Data Acquisition) via OEDI data lake,58.0,True,1.8305,3.4726,0.52713,6.5,0.0,59.59465,0.97324,False,0.99937,59.55727,0.97385,0.93257,True,0.06743,False
2016-01-17,Public dataset: NREL PVDAQ (Photovoltaic Data Acquisition) via OEDI data lake,113.0,True,3.1056,3.5916,0.86468,7.51,0.0,113.26085,0.9977,True,0.99935,113.18703,0.99835,0.93257,True,0.06743,False
2016-01-18,Public dataset: NREL PVDAQ (Photovoltaic Data Acquisition) via OEDI data lake,99.0,True,3.2153,3.523,0.91266,10.26,0.0,115.44177,0.85758,True,0.99932,115.36371,0.85816,0.9438,True,0.0562,False
2016-01-19,Public dataset: NREL PVDAQ (Photovoltaic Data Acquisition) via OEDI data lake,24.0,True,1.0694,3.493,0.30616,7.48,1.05,33.45142,,False,0.9993,33.42798,,0.95248,True,0.04752,False
2016-01-20,Public dataset: NREL PVDAQ (Photovoltaic Data Acquisition) via OEDI data lake,120.0,True,3.4498,3.667,0.94077,9.57,0.23,125.74237,0.95433,True,0.99928,125.65121,0.95502,0.95502,True,0.04498,False
2016-01-21,Public dataset: NREL PVDAQ (Photovoltaic Data Acquisition) via OEDI data lake,110.0,True,2.8992,3.7234,0.77864,7.49,0.0,102.08974,1.07748,False,0.99925,102.01324,1.07829,0.9563,True,0.0437,False
2016-01-22,Public dataset: NREL PVDAQ (Photovoltaic Data Acquisition) via OEDI data lake,103.0,True,2.5452,3.7531,0.67816,8.19,0.0,86.26229,1.19403,False,0.99923,86.19554,1.19496,0.95758,True,0.04242,False
2016-01-23,Public dataset: NREL PVDAQ (Photovoltaic Data Acquisition) via OEDI data lake,58.0,True,2.1583,3.6504,0.59125,8.68,0.1,70.42509,0.82357,False,0.9992,70.36887,0.82423,0.9592,True,0.0408,False
2016-01-24,Public dataset: NREL PVDAQ (Photovoltaic Data Acquisition) via OEDI data lake,133.0,True,3.721,3.8933,0.95574,8.78,0.0,134.78003,0.98679,True,0.99918,134.66917,0.98761,0.9592,True,0.0408,False
2016-01-25,Public dataset: NREL PVDAQ (Photovoltaic Data Acquisition) via OEDI data lake,132.0,True,3.7457,3.942,0.9502,6.46,0.01,137.96451,0.95677,True,0.99915,137.84766,0.95758,0.95758,True,0.04242,False
2016-01-26,Public dataset: NREL PVDAQ (Photovoltaic Data Acquisition) via OEDI data lake,136.0,True,3.8786,3.9799,0.97455,5.66,0.0,143.29252,0.94911,True,0.99913,143.16765,0.94994,0.96083,True,0.03917,False
2016-01-27,Public dataset: NREL PVDAQ (Photovoltaic Data Acquisition) via OEDI data lake,133.0,True,3.7344,3.9857,0.93695,7.44,0.0,134.89975,0.98592,True,0.9991,134.77891,0.9868,0.9725,True,0.0275,False
2016-01-28,Public dataset: NREL PVDAQ (Photovoltaic Data Acquisition) via OEDI data lake,134.0,True,3.883,3.9912,0.97289,10.12,0.0,139.59123,0.95995,True,0.99908,139.46278,0.96083,0.98548,True,0.01452,False
2016-01-29,Public dataset: NREL PVDAQ (Photovoltaic Data Acquisition) via OEDI data lake,110.0,True,3.222,3.9439,0.81696,11.15,0.0,110.80284,0.99275,False,0.99906,110.69818,0.99369,0.98417,True,0.01583,False
2016-01-30,Public dataset: NREL PVDAQ (Photovoltaic Data Acquisition) via OEDI data lake,117.0,True,3.3499,3.9696,0.84389,11.98,0.0,114.70967,1.01997,False,0.99903,114.59852,1.02096,0.98376,True,0.01624,False
2016-01-31,Public dataset: NREL PVDAQ (Photovoltaic Data Acquisition) via OEDI data lake,67.0,True,1.369,3.9893,0.34317,9.86,3.21,41.96531,,False,0.99901,41.92362,,0.98417,True,0.01583,False
2016-02-01,Public dataset: NREL PVDAQ (Photovoltaic Data Acquisition) via OEDI data lake,110.0,True,2.8793,4.2833,0.67222,4.15,2.62,99.60875,1.10432,False,0.99898,99.50736,1.10545,0.98336,True,0.01664,False
2016-02-02,Public dataset: NREL PVDAQ (Photovoltaic Data Acquisition) via OEDI data lake,149.0,True,3.9478,4.3296,0.91182,1.7,0.0,145.02385,1.02742,True,0.99896,144.87271,1.02849,0.98417,True,0.01583,False
2016-02-03,Public dataset: NREL PVDAQ (Photovoltaic Data Acquisition) via OEDI data lake,150.0,True,4.1405,4.3435,0.95326,2.48,0.0,152.57583,0.98312,True,0.99893,152.41309,0.98417,0.98417,True,0.01583,False
2016-02-04,Public dataset: NREL PVDAQ (Photovoltaic Data Acquisition) via OEDI data lake,148.0,True,4.1249,4.3106,0.95692,5.08,0.0,148.69736,0.99531,True,0.99891,148.53513,0.9964,0.98417,True,0.01583,False
2016-02-05,Public dataset: NREL PVDAQ (Photovoltaic Data Acquisition) via OEDI data lake,150.0,True,4.3402,4.397,0.98708,6.38,0.0,155.45969,0.96488,True,0.99888,155.28629,0.96596,0.99351,False,0.0,False
2016-02-06,Public dataset: NREL PVDAQ (Photovoltaic Data Acquisition) via OEDI data lake,147.0,True,4.2113,4.3174,0.97543,7.16,0.0,149.65803,0.98224,True,0.99886,149.48745,0.98336,0.99364,False,0.0,False
2016-02-07,Public dataset: NREL PVDAQ (Photovoltaic Data Acquisition) via OEDI data lake,149.0,True,4.295,4.3476,0.9879,10.08,0.0,150.14853,0.99235,True,0.99884,149.97373,0.99351,0.99364,False,0.0,False
2016-02-08,Public dataset: NREL PVDAQ (Photovoltaic Data Acquisition) via OEDI data lake,150.0,True,4.4071,4.4815,0.9834,11.97,0.0,153.07624,0.9799,True,0.99881,152.89429,0.98107,0.99376,False,0.0,False
2016-02-09,Public dataset: NREL PVDAQ (Photovoltaic Data Acquisition) via OEDI data lake,150.0,True,4.3826,4.476,0.97913,12.58,0.0,151.12478,0.99256,True,0.99879,150.94146,0.99376,0.99364,False,0.0,False
2016-02-10,Public dataset: NREL PVDAQ (Photovoltaic Data Acquisition) via OEDI data lake,146.0,True,4.4654,4.5622,0.97878,13.35,0.0,152.93359,0.95466,True,0.99876,152.74435,0.95585,0.99351,False,0.0,False
2016-02-11,Public dataset: NREL PVDAQ (Photovoltaic Data Acquisition) via OEDI data lake,151.0,True,4.2797,4.5931,0.93177,14.12,0.0,144.76543,1.04307,True,0.99874,144.58276,1.04438,0.99364,False,0.0,False
2016-02-12,Public dataset: NREL PVDAQ (Photovoltaic Data Acquisition) via OEDI data lake,147.0,True,4.3795,4.6694,0.93791,14.39,0.0,147.2027,0.99862,True,0.99871,147.01336,0.99991,0.99182,False,0.0,False
2016-02-13,Public dataset: NREL PVDAQ (Photovoltaic Data Acquisition) via OEDI data lake,148.0,True,4.1402,4.6121,0.89768,14.27,0.0,138.52773,1.06838,True,0.99869,138.34617,1.06978,0.99256,False,0.0,False
2016-02-14,Public dataset: NREL PVDAQ (Photovoltaic Data Acquisition) via OEDI data lake,107.0,True,3.1339,4.7554,0.65902,14.42,0.0,99.79446,1.0722,False,0.99866,99.66124,1.07364,0.99256,False,0.0,False
2016-02-15,Public dataset: NREL PVDAQ (Photovoltaic Data Acquisition) via OEDI data lake,155.0,True,4.4225,4.7309,0.93481,15.39,0.0,146.91187,1.05505,True,0.99864,146.71216,1.05649,0.99268,False,0.0,False
2016-02-16,Public dataset: NREL PVDAQ (Photovoltaic Data Acquisition) via OEDI data lake,155.0,True,4.7194,4.7825,0.98681,16.01,0.0,156.81351,0.98844,True,0.99829,156.54533,0.99013,0.99684,False,0.0,False
2016-02-17,Public dataset: NREL PVDAQ (Photovoltaic Data Acquisition) via OEDI data lake,149.0,True,3.5515,4.8595,0.73084,17.15,1.86,112.97191,1.31891,False,0.99794,112.73907,1.32164,0.99576,False,0.0,False
2016-02-18,Public dataset: NREL PVDAQ (Photovoltaic Data Acquisition) via OEDI data lake,154.0,True,4.0574,4.9495,0.81976,13.74,0.57,133.62844,1.15245,False,0.99759,133.30616,1.15524,0.99697,False,0.0,False
2016-02-19,Public dataset: NREL PVDAQ (Photovoltaic Data Acquisition) via OEDI data lake,162.0,True,4.979,5.0482,0.98629,14.0,0.0,165.1264,0.98107,True,0.99724,164.67022,0.98378,0.99697,False,0.0,False
2016-02-20,Public dataset: NREL PVDAQ (Photovoltaic Data Acquisition) via OEDI data lake,162.0,True,4.9517,5.0618,0.97825,14.09,0.0,163.88186,0.98852,True,0.99689,163.37163,0.9916,0.99282,False,0.0,False
2016-02-21,Public dataset: NREL PVDAQ (Photovoltaic Data Acquisition) via OEDI data lake,160.0,True,4.9685,5.0273,0.9883,15.16,0.0,162.79715,0.98282,True,0.99654,162.23319,0.98623,0.99087,False,0.0,False
2016-02-22,Public dataset: NREL PVDAQ (Photovoltaic Data Acquisition) via OEDI data lake,173.0,True,5.213,5.2538,0.99223,13.36,0.0,171.35831,1.00958,True,0.99618,170.70458,1.01345,0.99013,False,0.0,False
2016-02-23,Public dataset: NREL PVDAQ (Photovoltaic Data Acquisition) via OEDI data lake,170.0,True,4.9642,5.3292,0.93151,9.62,0.0,165.98287,1.0242,True,0.99583,165.29142,1.02849,0.98824,False,0.0,False
2016-02-24,Public dataset: NREL PVDAQ (Photovoltaic Data Acquisition) via OEDI data lake,169.0,True,5.1936,5.262,0.987,10.94,0.0,172.34987,0.98056,True,0.99548,171.57144,0.98501,0.98629,False,0.0,False
2016-02-25,Public dataset: NREL PVDAQ (Photovoltaic Data Acquisition) via OEDI data lake,167.0,True,5.19,5.2198,0.99429,14.68,0.0,168.82504,0.98919,True,0.99513,168.0033,0.99403,0.98629,False,0.0,False
2016-02-26,Public dataset: NREL PVDAQ (Photovoltaic Data Acquisition) via OEDI data lake,160.0,True,5.0225,5.148,0.97562,16.74,0.0,160.69689,0.99566,True,0.99478,159.85835,1.00089,0.98623,False,0.0,False
2016-02-27,Public dataset: NREL PVDAQ (Photovoltaic Data Acquisition) via OEDI data lake,159.0,True,5.1756,5.4079,0.95704,18.6,0.0,164.84495,0.96454,True,0.99443,163.92693,0.96994,0.98629,False,0.0,False
2016-02-28,Public dataset: NREL PVDAQ (Photovoltaic Data Acquisition) via OEDI data lake,150.0,True,4.8439,5.3762,0.90099,17.54,0.0,153.72527,0.97577,True,0.99408,152.81525,0.98158,0.98623,False,0.0,False
2016-02-29,Public dataset: NREL PVDAQ (Photovoltaic Data Acquisition) via OEDI data lake,166.0,True,5.3798,5.436,0.98966,19.11,0.0,169.35838,0.98017,True,0.99373,168.29641,0.98635,0.98568,False,0.0,False
2016-03-01,Public dataset: NREL PVDAQ (Photovoltaic Data Acquisition) via OEDI data lake,138.0,True,4.5578,5.5111,0.82702,18.59,0.0,142.77591,0.96655,False,0.99338,141.83054,0.97299,0.98568,False,0.0,False
2016-03-02,Public dataset: NREL PVDAQ (Photovoltaic Data Acquisition) via OEDI data lake,157.0,True,5.2764,5.7329,0.92037,18.79,0.0,165.22454,0.95022,True,0.99303,164.07257,0.95689,0.98568,False,0.0,False
2016-03-03,Public dataset: NREL PVDAQ (Photovoltaic Data Acquisition) via OEDI data lake,148.0,True,4.1321,5.658,0.73031,19.42,0.0,126.118,1.1735,False,0.99268,125.19444,1.18216,0.99019,False,0.0,False
2016-03-04,Public dataset: NREL PVDAQ (Photovoltaic Data Acquisition) via OEDI data lake,157.0,True,5.1617,5.5817,0.92475,19.16,0.0,160.7926,0.97641,True,0.99233,159.55872,0.98396,0.98635,False,0.0,False
2016-03-05,Public dataset: NREL PVDAQ (Photovoltaic Data Acquisition) via OEDI data lake,98.0,True,3.7277,5.5661,0.66971,17.36,0.07,113.73854,0.86163,False,0.99198,112.82583,0.8686,0.98635,False,0.0,False
2016-03-06,Public dataset: NREL PVDAQ (Photovoltaic Data Acquisition) via OEDI data lake,136.0,True,3.7385,5.7751,0.64735,13.62,1.29,116.1926,1.17047,False,0.99162,115.21945,1.18036,0.98635,False,0.0,False
2016-03-07,Public dataset: NREL PVDAQ (Photovoltaic Data Acquisition) via OEDI data lake,118.0,True,3.6163,5.8013,0.62336,10.51,0.07,112.88816,1.04528,False,0.99127,111.90308,1.05448,0.98635,False,0.0,False
2016-03-08,Public dataset: NREL PVDAQ (Photovoltaic Data Acquisition) via OEDI data lake,183.0,True,5.8051,6.0055,0.96663,12.81,0.0,184.02272,0.99444,True,0.99092,182.35236,1.00355,0.99011,False,0.0,False
2016-03-09,Public dataset: NREL PVDAQ (Photovoltaic Data Acquisition) via OEDI data lake,178.0,True,5.4914,5.9386,0.9247,16.27,0.0,170.92884,1.04137,True,0.99057,169.31737,1.05128,0.99207,False,0.0,False
2016-03-10,Public dataset: NREL PVDAQ (Photovoltaic Data Acquisition) via OEDI data lake,184.0,True,5.9726,6.0391,0.98899,18.61,0.0,183.94178,1.00032,True,0.99022,182.1431,1.01019,0.99796,False,0.0,False
2016-03-11,Public dataset: NREL PVDAQ (Photovoltaic Data Acquisition) via OEDI data lake,119.0,True,4.0092,5.8474,0.68564,17.01,0.78,121.34507,0.98067,False,0.98987,120.11592,0.99071,0.99791,False,0.0,False
2016-03-12,Public dataset: NREL PVDAQ (Photovoltaic Data Acquisition) via OEDI data lake,183.0,True,5.7341,6.1687,0.92955,12.7,0.21,179.88012,1.01734,True,0.98952,177.99495,1.02812,1.00191,False,0.0,False
2016-03-13,Public dataset: NREL PVDAQ (Photovoltaic Data Acquisition) via OEDI data lake,146.0,True,5.4086,6.0348,0.89624,13.76,0.0,169.09438,0.86342,True,0.98917,167.26293,0.87288,1.00273,False,0.0,False
2016-03-14,Public dataset: NREL PVDAQ (Photovoltaic Data Acquisition) via OEDI data lake,160.0,True,5.5018,6.3115,0.87171,15.1,0.0,170.24243,0.93984,True,0.98882,168.33883,0.95046,1.00273,False,0.0,False
2016-03-15,Public dataset: NREL PVDAQ (Photovoltaic Data Acquisition) via OEDI data lake,183.0,True,6.0665,6.379,0.95101,16.01,0.0,186.82105,0.97955,True,0.98933,184.82824,0.99011,1.00355,False,0.0,False
2016-03-16,Public dataset: NREL PVDAQ (Photovoltaic Data Acquisition) via OEDI data lake,190.0,True,6.288,6.4226,0.97904,16.74,0.0,193.10306,0.98393,True,0.98985,191.14265,0.99402,1.00191,False,0.0,False
2016-03-17,Public dataset: NREL PVDAQ (Photovoltaic Data Acquisition) via OEDI data lake,189.0,True,6.3077,6.3552,0.99253,18.53,0.0,190.47632,0.99225,True,0.99036,188.64063,1.00191,0.99791,False,0.0,False
2016-03-18,Public dataset: NREL PVDAQ (Photovoltaic Data Acquisition) via OEDI data lake,192.0,True,6.4476,6.5033,0.99144,19.76,0.0,194.1726,0.98881,True,0.99088,192.40124,0.99791,0.99402,False,0.0,False
2016-03-19,Public dataset: NREL PVDAQ (Photovoltaic Data Acquisition) via OEDI data lake,181.0,True,5.8654,6.4212,0.91344,20.07,0.0,176.46389,1.02571,True,0.99139,174.94492,1.03461,0.99274,False,0.0,False
2016-03-20,Public dataset: NREL PVDAQ (Photovoltaic Data Acquisition) via OEDI data lake,175.0,True,5.8829,6.5522,0.89785,22.43,0.0,172.83006,1.01256,True,0.99191,171.43134,1.02082,0.99145,False,0.0,False
2016-03-21,Public dataset: NREL PVDAQ (Photovoltaic Data Acquisition) via OEDI data lake,111.0,True,4.3471,6.6929,0.64951,19.99,0.0,127.93641,0.86762,False,0.99242,126.96687,0.87424,0.99274,False,0.0,False
2016-03-22,Public dataset: NREL PVDAQ (Photovoltaic Data Acquisition) via OEDI data lake,197.0,True,6.4318,6.9821,0.92118,14.12,0.0,196.18537,1.00415,True,0.99294,194.79961,1.0113,0.99402,False,0.0,False
2016-03-23,Public dataset: NREL PVDAQ (Photovoltaic Data Acquisition) via OEDI data lake,205.0,True,6.9118,6.9626,0.9927,13.08,0.0,212.14514,0.96632,True,0.99345,210.75586,0.97269,0.99597,False,0.0,False
2016-03-24,Public dataset: NREL PVDAQ (Photovoltaic Data Acquisition) via OEDI data lake,193.0,True,6.5628,6.7795,0.96804,15.79,0.0,197.9859,0.97482,True,0.99397,196.79126,0.98073,0.99468,False,0.0,False
2016-03-25,Public dataset: NREL PVDAQ (Photovoltaic Data Acquisition) via OEDI data lake,194.0,True,6.672,6.8011,0.98102,18.25,0.0,197.96504,0.97997,True,0.99448,196.87244,0.98541,0.98843,False,0.0,False
2016-03-26,Public dataset: NREL PVDAQ (Photovoltaic Data Acquisition) via OEDI data lake,210.0,True,7.0082,7.0394,0.99557,14.34,0.0,212.87552,0.98649,True,0.995,211.81021,0.99145,0.98307,False,0.0,False
2016-03-27,Public dataset: NREL PVDAQ (Photovoltaic Data Acquisition) via OEDI data lake,146.0,True,5.0678,6.8011,0.74514,15.35,0.0,151.98444,0.96062,False,0.99551,151.30209,0.96496,0.98307,False,0.0,False
2016-03-28,Public dataset: NREL PVDAQ (Photovoltaic Data Acquisition) via OEDI data lake,170.0,True,5.4142,6.8369,0.79191,15.08,0.02,162.4253,1.04663,False,0.99603,161.77969,1.05081,0.98307,False,0.0,False
2016-03-29,Public dataset: NREL PVDAQ (Photovoltaic Data Acquisition) via OEDI data lake,183.0,True,4.919,7.1652,0.68651,10.53,0.01,150.3431,1.21722,False,0.99654,149.8229,1.22144,0.98541,False,0.0,False
2016-03-30,Public dataset: NREL PVDAQ (Photovoltaic Data Acquisition) via OEDI data lake,153.0,True,5.2126,7.1131,0.73282,11.39,0.02,159.51356,0.95917,False,0.99705,159.04375,0.962,0.98307,False,0.0,False
2016-03-31,Public dataset: NREL PVDAQ (Photovoltaic Data Acquisition) via OEDI data lake,195.0,True,6.9506,7.1383,0.97371,14.27,0.0,207.89145,0.93799,True,0.99757,207.38617,0.94027,0.98541,False,0.0,False
2016-04-01,Public dataset: NREL PVDAQ (Photovoltaic Data Acquisition) via OEDI data lake,202.0,True,7.0846,7.2391,0.97866,17.34,0.0,209.20515,0.96556,True,0.99808,208.80438,0.96741,0.98843,False,0.0,False
2016-04-02,Public dataset: NREL PVDAQ (Photovoltaic Data Acquisition) via OEDI data lake,203.0,True,7.1621,7.205,0.99405,18.85,0.0,208.90053,0.97175,True,0.9986,208.60788,0.97312,0.99145,False,0.0,False
2016-04-03,Public dataset: NREL PVDAQ (Photovoltaic Data Acquisition) via OEDI data lake,202.0,True,7.039,7.0999,0.99142,21.67,0.0,202.33471,0.99835,True,0.99911,202.15541,0.99923,0.98541,False,0.0,False
2016-04-04,Public dataset: NREL PVDAQ (Photovoltaic Data Acquisition) via OEDI data lake,195.0,True,6.3962,7.0697,0.90473,22.76,0.0,183.85644,1.06061,True,0.99963,183.78816,1.061,0.98541,False,0.0,False
2016-04-05,Public dataset: NREL PVDAQ (Photovoltaic Data Acquisition) via OEDI data lake,203.0,True,7.1503,7.3522,0.97254,22.44,0.0,203.43659,0.99785,True,1.00014,203.46576,0.99771,0.99771,False,0.0,False
2016-04-06,Public dataset: NREL PVDAQ (Photovoltaic Data Acquisition) via OEDI data lake,194.0,True,6.3458,7.5046,0.84559,21.47,0.0,182.92462,1.06055,False,1.00066,183.04502,1.05985,0.99847,False,0.0,False
2016-04-07,Public dataset: NREL PVDAQ (Photovoltaic Data Acquisition) via OEDI data lake,133.0,True,5.2397,7.369,0.71105,21.5,0.0,151.44442,0.87821,False,1.00117,151.62206,0.87718,0.99771,False,0.0,False
2016-04-08,Public dataset: NREL PVDAQ (Photovoltaic Data Acquisition) via OEDI data lake,81.0,True,2.8843,6.9118,0.4173,17.14,5.62,85.55349,0.94678,False,1.00169,85.69788,0.94518,0.99847,False,0.0,False
2016-04-09,Public dataset: NREL PVDAQ (Photovoltaic Data Acquisition) via OEDI data lake,125.0,True,4.3394,7.1887,0.60364,15.24,16.16,128.5225,0.97259,False,1.0022,128.80557,0.97045,0.99847,False,0.0,False
2016-04-10,Public dataset: NREL PVDAQ (Photovoltaic Data Acquisition) via OEDI data lake,127.0,True,4.536,7.1873,0.63111,13.19,4.16,136.31335,0.93168,False,1.00272,136.68375,0.92915,0.99847,False,0.0,False
2016-04-11,Public dataset: NREL PVDAQ (Photovoltaic Data Acquisition) via OEDI data lake,141.0,True,4.5214,7.2821,0.62089,15.14,0.78,133.79929,1.05382,False,1.00323,134.23174,1.05042,0.99491,False,0.0,False
2016-04-12,Public dataset: NREL PVDAQ (Photovoltaic Data Acquisition) via OEDI data lake,213.0,True,6.8911,7.428,0.92772,18.42,0.0,199.16727,1.06945,True,1.00375,199.91352,1.06546,0.99142,False,0.0,False
2016-04-13,Public dataset: NREL PVDAQ (Photovoltaic Data Acquisition) via OEDI data lake,207.0,True,6.732,7.5266,0.89443,20.06,0.0,192.69303,1.07425,True,1.00426,193.51422,1.06969,0.99142,False,0.0,False
2016-04-14,Public dataset: NREL PVDAQ (Photovoltaic Data Acquisition) via OEDI data lake,183.0,True,6.9912,7.8106,0.89509,19.19,0.0,198.81613,0.92045,True,1.00478,199.76576,0.91607,0.99211,False,0.0,False
2016-04-15,Public dataset: NREL PVDAQ (Photovoltaic Data Acquisition) via OEDI data lake,195.0,True,6.5047,7.9944,0.81366,14.96,0.0,191.06787,1.02058,False,1.00551,192.1214,1.01498,0.9923,False,0.0,False
2016-04-16,Public dataset: NREL PVDAQ (Photovoltaic Data Acquisition) via OEDI data lake,230.0,True,8.0453,8.0714,0.99677,15.74,0.0,230.38981,0.99831,True,1.00625,231.83005,0.99211,0.99249,False,0.0,False
2016-04-17,Public dataset: NREL PVDAQ (Photovoltaic Data Acquisition) via OEDI data lake,227.0,True,8.0537,8.1103,0.99302,17.55,0.0,228.54446,0.99324,True,1.00699,230.14171,0.98635,0.99249,False,0.0,False
2016-04-18,Public dataset: NREL PVDAQ (Photovoltaic Data Acquisition) via OEDI data lake,224.0,True,8.0177,8.0638,0.99428,18.08,0.0,226.37729,0.9895,True,1.00773,228.12633,0.98191,0.99249,False,0.0,False
2016-04-19,Public dataset: NREL PVDAQ (Photovoltaic Data Acquisition) via OEDI data lake,214.0,True,7.6349,7.8821,0.96864,20.89,0.0,214.19013,0.99911,True,1.00846,216.00297,0.99073,0.9937,False,0.0,False
2016-04-20,Public dataset: NREL PVDAQ (Photovoltaic Data Acquisition) via OEDI data lake,218.0,True,7.769,7.8845,0.98535,22.84,0.0,213.90451,1.01915,True,1.0092,215.87267,1.00985,0.99249,False,0.0,False
2016-04-21,Public dataset: NREL PVDAQ (Photovoltaic Data Acquisition) via OEDI data lake,198.0,True,7.1515,7.9445,0.90018,23.47,0.0,197.53484,1.00235,True,1.00994,199.49806,0.99249,0.9923,False,0.0,False
2016-04-22,Public dataset: NREL PVDAQ (Photovoltaic Data Acquisition) via OEDI data lake,226.0,True,7.5478,8.0969,0.93218,23.3,0.0,207.39763,1.08969,True,1.01068,209.61182,1.07818,0.99249,False,0.0,False
2016-04-23,Public dataset: NREL PVDAQ (Photovoltaic Data Acquisition) via OEDI data lake,234.0,True,8.2543,8.3234,0.9917,17.6,0.0,232.5431,1.00627,True,1.01141,235.19723,0.99491,0.99249,False,0.0,False
2016-04-24,Public dataset: NREL PVDAQ (Photovoltaic Data Acquisition) via OEDI data lake,169.0,True,5.3258,7.8096,0.68196,18.99,0.0,151.95627,1.11216,False,1.01215,153.80268,1.09881,0.99491,False,0.0,False
2016-04-25,Public dataset: NREL PVDAQ (Photovoltaic Data Acquisition) via OEDI data lake,85.0,True,3.3874,8.0638,0.42007,13.3,0.99,100.92436,0.84221,False,1.01289,102.22511,0.8315,1.0015,False,0.0,False
2016-04-26,Public dataset: NREL PVDAQ (Photovoltaic Data Acquisition) via OEDI data lake,227.0,True,7.8425,8.2337,0.95249,16.68,0.0,222.1524,1.02182,True,1.01363,225.17942,1.00809,1.0015,False,0.0,False
2016-04-27,Public dataset: NREL PVDAQ (Photovoltaic Data Acquisition) via OEDI data lake,158.0,True,4.7729,7.8653,0.60683,17.2,1.95,138.42348,1.14142,False,1.01436,140.41171,1.12526,1.00897,False,0.0,False
2016-04-28,Public dataset: NREL PVDAQ (Photovoltaic Data Acquisition) via OEDI data lake,167.0,True,4.0301,7.9627,0.50612,14.76,5.15,118.27574,1.41195,False,1.0151,120.06179,1.39095,1.00809,False,0.0,False
2016-04-29,Public dataset: NREL PVDAQ (Photovoltaic Data Acquisition) via OEDI data lake,187.0,True,6.6665,8.0119,0.83207,17.56,1.5,189.7715,0.9854,False,1.01584,192.77715,0.97003,1.01921,False,0.0,False
2016-04-30,Public dataset: NREL PVDAQ (Photovoltaic Data Acquisition) via OEDI data lake,90.0,True,3.5522,7.9541,0.44659,13.63,8.82,105.29097,0.85477,False,1.01658,107.03624,0.84084,1.00809,False,0.0,False
2016-05-01,Public dataset: NREL PVDAQ (Photovoltaic Data Acquisition) via OEDI data lake,220.0,True,7.1124,8.3088,0.85601,18.3,0.35,201.18416,1.09353,True,1.01731,204.66729,1.07492,1.01921,False,0.0,False
2016-05-02,Public dataset: NREL PVDAQ (Photovoltaic Data Acquisition) via OEDI data lake,209.0,True,6.9389,8.1816,0.84811,19.79,0.02,195.3227,1.07002,False,1.01805,198.84839,1.05105,1.00809,False,0.0,False
2016-05-03,Public dataset: NREL PVDAQ (Photovoltaic Data Acquisition) via OEDI data lake,228.0,True,8.2267,8.3136,0.98955,21.07,0.0,225.84522,1.00954,True,1.01879,230.08841,0.99092,1.00074,False,0.0,False
2016-05-04,Public dataset: NREL PVDAQ (Photovoltaic Data Acquisition) via OEDI data lake,220.0,True,7.7225,8.341,0.92585,23.59,0.0,209.43254,1.05046,True,1.01953,213.52182,1.03034,0.99216,False,0.0,False
2016-05-05,Public dataset: NREL PVDAQ (Photovoltaic Data Acquisition) via OEDI data lake,183.0,True,6.3564,8.2162,0.77364,22.35,0.0,176.70947,1.0356,False,1.02026,180.29013,1.01503,0.99092,False,0.0,False
2016-05-06,Public dataset: NREL PVDAQ (Photovoltaic Data Acquisition) via OEDI data lake,87.0,True,4.6495,8.1336,0.57164,17.4,1.38,133.85501,0.64996,False,1.021,136.66602,0.63659,0.99216,False,0.0,False
2016-05-07,Public dataset: NREL PVDAQ (Photovoltaic Data Acquisition) via OEDI data lake,150.0,True,4.9526,7.999,0.61915,15.62,3.14,144.37602,1.03895,False,1.02174,147.51445,1.01685,0.99092,False,0.0,False
2016-05-08,Public dataset: NREL PVDAQ (Photovoltaic Data Acquisition) via OEDI data lake,186.0,True,6.3053,8.1665,0.77209,17.29,0.08,180.04331,1.03308,False,1.02248,184.08985,1.01038,0.98808,False,0.0,False
2016-05-09,Public dataset: NREL PVDAQ (Photovoltaic Data Acquisition) via OEDI data lake,229.0,True,8.431,8.5219,0.98933,21.65,0.0,228.10987,1.0039,True,1.02321,233.40494,0.98113,0.98808,False,0.0,False
2016-05-10,Public dataset: NREL PVDAQ (Photovoltaic Data Acquisition) via OEDI data lake,225.0,True,8.149,8.5421,0.95398,23.32,0.0,221.19841,1.01719,True,1.02395,226.49617,0.99339,0.98808,False,0.0,False
2016-05-11,Public dataset: NREL PVDAQ (Photovoltaic Data Acquisition) via OEDI data lake,232.0,True,8.617,8.6508,0.99609,23.05,0.0,232.331,0.99858,True,1.02469,238.06672,0.97452,0.98932,False,0.0,False
2016-05-12,Public dataset: NREL PVDAQ (Photovoltaic Data Acquisition) via OEDI data lake,230.0,True,8.6309,8.6628,0.99632,24.95,0.0,229.48592,1.00224,True,1.02543,235.32063,0.97739,0.98811,False,0.0,False
2016-05-13,Public dataset: NREL PVDAQ (Photovoltaic Data Acquisition) via OEDI data lake,227.0,True,8.2044,8.3993,0.9768,27.7,0.0,215.72608,1.05226,True,1.02616,221.37004,1.02543,0.98811,False,0.0,False
2016-05-14,Public dataset: NREL PVDAQ (Photovoltaic Data Acquisition) via OEDI data lake,211.0,True,8.1624,8.7494,0.93291,27.57,0.0,214.81424,0.98224,True,1.0269,220.59276,0.95651,0.98525,False,0.0,False
2016-05-15,Public dataset: NREL PVDAQ (Photovoltaic Data Acquisition) via OEDI data lake,227.0,True,8.4218,8.7926,0.95783,24.78,0.0,224.51185,1.01108,True,1.02622,230.39938,0.98525,0.98319,False,0.0,False
2016-05-16,Public dataset: NREL PVDAQ (Photovoltaic Data Acquisition) via OEDI data lake,226.0,True,8.167,8.7408,0.93435,24.12,0.0,219.24776,1.0308,True,1.02555,224.84895,1.00512,0.98525,False,0.0,False
2016-05-17,Public dataset: NREL PVDAQ (Photovoltaic Data Acquisition) via OEDI data lake,108.0,True,4.9255,8.5022,0.57932,19.55,1.83,141.54882,0.76299,False,1.02487,145.06927,0.74447,0.99098,False,0.0,False
2016-05-18,Public dataset: NREL PVDAQ (Photovoltaic Data Acquisition) via OEDI data lake,219.0,True,7.8564,8.5939,0.91418,23.12,0.02,212.39507,1.0311,True,1.02419,217.53387,1.00674,0.98811,False,0.0,False
2016-05-19,Public dataset: NREL PVDAQ (Photovoltaic Data Acquisition) via OEDI data lake,224.0,True,8.388,8.6522,0.96946,26.59,0.0,220.84577,1.01428,True,1.02352,226.03966,0.99098,0.99398,False,0.0,False
2016-05-20,Public dataset: NREL PVDAQ (Photovoltaic Data Acquisition) via OEDI data lake,161.0,True,4.847,8.9078,0.54413,23.03,0.0,135.99886,1.18383,False,1.02284,139.10532,1.1574,0.99682,False,0.0,False
2016-05-21,Public dataset: NREL PVDAQ (Photovoltaic Data Acquisition) via OEDI data lake,245.0,True,9.0914,9.137,0.99501,18.98,0.0,246.00506,0.99591,True,1.02217,251.45787,0.97432,0.99665,False,0.0,False
2016-05-22,Public dataset: NREL PVDAQ (Photovoltaic Data Acquisition) via OEDI data lake,239.0,True,8.9122,8.9868,0.9917,19.54,0.0,240.64739,0.99315,True,1.02149,245.81867,0.97226,0.99698,False,0.0,False
2016-05-23,Public dataset: NREL PVDAQ (Photovoltaic Data Acquisition) via OEDI data lake,234.0,True,8.5586,8.6676,0.98742,21.25,0.0,229.92329,1.01773,True,1.02081,234.70861,0.99698,1.00512,False,0.0,False
2016-05-24,Public dataset: NREL PVDAQ (Photovoltaic Data Acquisition) via OEDI data lake,238.0,True,7.3596,8.6222,0.85356,19.89,0.0,203.10567,1.1718,True,1.02014,207.19547,1.14867,0.99698,False,0.0,False
2016-05-25,Public dataset: NREL PVDAQ (Photovoltaic Data Acquisition) via OEDI data lake,221.0,True,7.3517,8.7271,0.8424,20.77,0.0,201.47784,1.09689,False,1.01946,205.39858,1.07596,0.99682,False,0.0,False
2016-05-26,Public dataset: NREL PVDAQ (Photovoltaic Data Acquisition) via OEDI data lake,228.0,True,7.7496,8.6969,0.89108,22.21,0.07,210.18105,1.08478,True,1.01878,214.12899,1.06478,0.994,False,0.0,False
2016-05-27,Public dataset: NREL PVDAQ (Photovoltaic Data Acquisition) via OEDI data lake,223.0,True,8.2711,8.8075,0.9391,25.1,0.01,219.76988,1.0147,True,1.01811,223.74929,0.99665,0.994,False,0.0,False
2016-05-28,Public dataset: NREL PVDAQ (Photovoltaic Data Acquisition) via OEDI data lake,186.0,True,7.2305,8.5543,0.84525,26.12,0.0,193.00517,0.9637,False,1.01743,196.3694,0.94719,0.99134,False,0.0,False
2016-05-29,Public dataset: NREL PVDAQ (Photovoltaic Data Acquisition) via OEDI data lake,223.0,True,8.1096,8.6083,0.94207,26.13,0.0,213.74162,1.04332,True,1.01675,217.32273,1.02612,0.99269,False,0.0,False
2016-05-30,Public dataset: NREL PVDAQ (Photovoltaic Data Acquisition) via OEDI data lake,215.0,True,7.9843,8.677,0.92017,27.58,0.0,209.98045,1.0239,True,1.01608,213.35652,1.0077,0.99269,False,0.0,False
2016-05-31,Public dataset: NREL PVDAQ (Photovoltaic Data Acquisition) via OEDI data lake,223.0,True,8.5812,8.7254,0.98347,29.99,0.0,221.53624,1.00661,True,1.0154,224.94826,0.99134,0.99134,False,0.0,False
2016-06-01,Public dataset: NREL PVDAQ (Photovoltaic Data Acquisition) via OEDI data lake,225.0,True,8.8814,8.9453,0.99286,30.11,0.0,227.22024,0.99023,True,1.01473,230.56612,0.97586,0.99134,False,0.0,False
2016-06-02,Public dataset: NREL PVDAQ (Photovoltaic Data Acquisition) via OEDI data lake,221.0,True,8.7986,8.8466,0.99457,32.06,0.0,222.17511,0.99471,True,1.01405,225.29642,0.98093,0.99134,False,0.0,False
2016-06-03,Public dataset: NREL PVDAQ (Photovoltaic Data Acquisition) via OEDI data lake,221.0,True,8.885,8.9287,0.99511,33.65,0.0,223.79904,0.98749,True,1.01337,226.7918,0.97446,0.98827,False,0.0,False
2016-06-04,Public dataset: NREL PVDAQ (Photovoltaic Data Acquisition) via OEDI data lake,218.0,True,8.7168,8.7564,0.99548,34.75,0.0,218.49988,0.99771,True,1.0127,221.27399,0.9852,0.9852,False,0.0,False
2016-06-05,Public dataset: NREL PVDAQ (Photovoltaic Data Acquisition) via OEDI data lake,223.0,True,8.9345,8.9827,0.99463,33.84,0.0,221.97458,1.00462,True,1.01202,224.64266,0.99269,0.98827,False,0.0,False
2016-06-06,Public dataset: NREL PVDAQ (Photovoltaic Data Acquisition) via OEDI data lake,224.0,True,9.1068,9.3084,0.97834,32.42,0.0,228.34554,0.98097,True,1.01134,230.93574,0.96997,0.98827,False,0.0,False
2016-06-07,Public dataset: NREL PVDAQ (Photovoltaic Data Acquisition) via OEDI data lake,215.0,True,8.6431,8.8078,0.9813,33.16,0.0,217.45202,0.98872,True,1.01067,219.77157,0.97829,0.98827,False,0.0,False
2016-06-08,Public dataset: NREL PVDAQ (Photovoltaic Data Acquisition) via OEDI data lake,201.0,True,7.8886,8.7175,0.90492,33.84,0.0,200.30438,1.00347,True,1.00999,202.30554,0.99355,0.98895,False,0.0,False
2016-06-09,Public dataset: NREL PVDAQ (Photovoltaic Data Acquisition) via OEDI data lake,178.0,True,7.5331,9.2189,0.81714,33.07,0.0,193.65654,0.91915,False,1.00931,195.4603,0.91067,0.9907,False,0.0,False
2016-06-10,Public dataset: NREL PVDAQ (Photovoltaic Data Acquisition) via OEDI data lake,218.0,True,7.4532,8.8337,0.84372,31.39,0.16,193.72622,1.1253,False,1.00864,195.3996,1.11566,0.99312,False,0.0,False
2016-06-11,Public dataset: NREL PVDAQ (Photovoltaic Data Acquisition) via OEDI data lake,197.0,True,6.882,8.4108,0.81823,29.19,0.72,182.19539,1.08126,False,1.00796,183.64594,1.07272,0.99312,False,0.0,False
2016-06-12,Public dataset: NREL PVDAQ (Photovoltaic Data Acquisition) via OEDI data lake,216.0,True,7.7914,8.7502,0.89043,27.78,0.0,204.72702,1.05506,True,1.00729,206.21847,1.04743,0.99648,False,0.0,False
2016-06-13,Public dataset: NREL PVDAQ (Photovoltaic Data Acquisition) via OEDI data lake,230.0,True,8.2927,8.833,0.93883,28.18,0.0,215.34923,1.06803,True,1.00661,216.77241,1.06102,0.99648,False,0.0,False
2016-06-14,Public dataset: NREL PVDAQ (Photovoltaic Data Acquisition) via OEDI data lake,232.0,True,9.0415,9.0739,0.99643,28.75,0.0,230.76654,1.00535,True,1.00593,232.13553,0.99942,0.99648,False,0.0,False
2016-06-15,Public dataset: NREL PVDAQ (Photovoltaic Data Acquisition) via OEDI data lake,237.0,True,9.1339,9.2196,0.9907,26.9,0.0,234.67555,1.0099,True,1.00701,236.32027,1.00288,0.99648,False,0.0,False
2016-06-16,Public dataset: NREL PVDAQ (Photovoltaic Data Acquisition) via OEDI data lake,235.0,True,9.157,9.2849,0.98622,26.28,0.0,235.77703,0.9967,True,1.00808,237.6832,0.98871,0.99406,False,0.0,False
2016-06-17,Public dataset: NREL PVDAQ (Photovoltaic Data Acquisition) via OEDI data lake,235.0,True,8.8889,9.1454,0.97195,28.81,0.0,227.2102,1.03428,True,1.00916,229.29162,1.0249,0.98871,True,0.01129,False
2016-06-18,Public dataset: NREL PVDAQ (Photovoltaic Data Acquisition) via OEDI data lake,203.0,True,7.9918,9.1675,0.87175,30.47,0.0,206.054,0.98518,True,1.01024,208.16336,0.9752,0.98572,True,0.01428,False
2016-06-19,Public dataset: NREL PVDAQ (Photovoltaic Data Acquisition) via OEDI data lake,222.0,True,8.7516,8.8584,0.98794,34.65,0.0,217.89031,1.01886,True,1.01131,220.35531,1.00746,0.98272,True,0.01728,False
2016-06-20,Public dataset: NREL PVDAQ (Photovoltaic Data Acquisition) via OEDI data lake,218.0,True,8.9364,8.975,0.9957,36.94,0.0,219.11872,0.99489,True,1.01239,221.83342,0.98272,0.98272,True,0.01728,False
2016-06-21,Public dataset: NREL PVDAQ (Photovoltaic Data Acquisition) via OEDI data lake,155.0,True,8.1708,9.0314,0.90471,36.43,0.0,203.99125,0.75984,True,1.01347,206.73806,0.74974,0.97896,True,0.02104,False
2016-06-22,Public dataset: NREL PVDAQ (Photovoltaic Data Acquisition) via OEDI data lake,215.0,True,8.8906,8.9657,0.99162,34.91,0.0,221.2084,0.97193,True,1.01454,224.4251,0.958,0.97896,True,0.02104,False
2016-06-23,Public dataset: NREL PVDAQ (Photovoltaic Data Acquisition) via OEDI data lake,219.0,True,8.9892,9.0307,0.9954,34.12,0.0,223.28338,0.98082,True,1.01562,226.77053,0.96573,0.9752,True,0.0248,False
2016-06-24,Public dataset: NREL PVDAQ (Photovoltaic Data Acquisition) via OEDI data lake,217.0,True,9.4241,9.4582,0.99639,33.26,0.0,232.79184,0.93216,True,1.01669,236.67801,0.91686,0.96906,True,0.03094,False
2016-06-25,Public dataset: NREL PVDAQ (Photovoltaic Data Acquisition) via OEDI data lake,221.0,True,8.9438,9.0662,0.9865,33.38,0.0,224.07357,0.98628,True,1.01777,228.05534,0.96906,0.96906,True,0.03094,False
2016-06-26,Public dataset: NREL PVDAQ (Photovoltaic Data Acquisition) via OEDI data lake,215.0,True,8.8085,8.8435,0.99604,35.65,0.0,219.34844,0.98018,True,1.01885,223.48229,0.96204,0.96906,True,0.03094,False
2016-06-27,Public dataset: NREL PVDAQ (Photovoltaic Data Acquisition) via OEDI data lake,204.0,True,8.0112,8.6057,0.93092,36.31,0.0,201.83484,1.01073,True,1.01992,205.85583,0.99098,0.96906,True,0.03094,False
2016-06-28,Public dataset: NREL PVDAQ (Photovoltaic Data Acquisition) via OEDI data lake,179.0,True,5.4413,8.1377,0.66865,36.91,0.24,142.09832,1.25969,False,1.021,145.08215,1.23378,0.96906,True,0.03094,False
2016-06-29,Public dataset: NREL PVDAQ (Photovoltaic Data Acquisition) via OEDI data lake,210.0,True,7.7796,8.6354,0.9009,36.23,1.1,197.04588,1.06574,True,1.02207,201.39557,1.04272,0.97235,True,0.02765,False
2016-06-30,Public dataset: NREL PVDAQ (Photovoltaic Data Acquisition) via OEDI data lake,123.0,True,5.3196,8.2817,0.64233,33.55,0.4,139.70428,0.88043,False,1.02315,142.93852,0.86051,0.97235,True,0.02765,False
2016-07-01,Public dataset: NREL PVDAQ (Photovoltaic Data Acquisition) via OEDI data lake,197.0,True,7.5797,8.1137,0.93419,29.08,9.09,201.06807,0.97977,True,1.02423,205.9393,0.95659,0.97577,True,0.02423,False
2016-07-02,Public dataset: NREL PVDAQ (Photovoltaic Data Acquisition) via OEDI data lake,225.0,True,8.2181,8.3357,0.98589,29.24,3.01,214.92225,1.04689,True,1.0253,220.3604,1.02105,0.97577,True,0.02423,False
2016-07-03,Public dataset: NREL PVDAQ (Photovoltaic Data Acquisition) via OEDI data lake,222.0,True,8.2584,8.622,0.95783,32.21,0.0,210.65937,1.05383,True,1.02638,216.21636,1.02675,0.97577,True,0.02423,False
2016-07-04,Public dataset: NREL PVDAQ (Photovoltaic Data Acquisition) via OEDI data lake,225.0,True,8.9899,9.0818,0.98988,32.7,0.0,225.21593,0.99904,True,1.02746,231.39927,0.97235,0.97577,True,0.02423,False
2016-07-05,Public dataset: NREL PVDAQ (Photovoltaic Data Acquisition) via OEDI data lake,232.0,True,9.2426,9.2734,0.99668,31.99,0.0,231.16575,1.00361,True,1.02853,237.76121,0.97577,0.97235,True,0.02765,False
2016-07-06,Public dataset: NREL PVDAQ (Photovoltaic Data Acquisition) via OEDI data lake,232.0,True,9.0926,9.2112,0.98712,31.63,0.0,228.80072,1.01398,True,1.02961,235.57493,0.98482,0.97074,True,0.02926,False
2016-07-07,Public dataset: NREL PVDAQ (Photovoltaic Data Acquisition) via OEDI data lake,227.0,True,9.0722,9.1008,0.99686,31.29,0.0,228.6448,0.99281,True,1.03068,235.66045,0.96325,0.9692,True,0.0308,False
2016-07-08,Public dataset: NREL PVDAQ (Photovoltaic Data Acquisition) via OEDI data lake,226.0,True,8.8699,8.9863,0.98705,32.28,0.0,223.27104,1.01222,True,1.03176,230.36208,0.98106,0.96928,True,0.03072,False
2016-07-09,Public dataset: NREL PVDAQ (Photovoltaic Data Acquisition) via OEDI data lake,194.0,True,7.7292,9.0053,0.85829,32.31,0.0,198.70176,0.97634,True,1.03284,205.22631,0.9453,0.97235,True,0.02765,False
2016-07-10,Public dataset: NREL PVDAQ (Photovoltaic Data Acquisition) via OEDI data lake,230.0,True,9.0473,9.0794,0.99646,30.61,0.0,229.54303,1.00199,True,1.03391,237.3273,0.96913,0.96959,True,0.03041,False
2016-07-11,Public dataset: NREL PVDAQ (Photovoltaic Data Acquisition) via OEDI data lake,224.0,True,9.0799,9.2172,0.9851,30.05,0.0,231.3082,0.9684,True,1.03499,239.40125,0.93567,0.96953,True,0.03047,False
2016-07-12,Public dataset: NREL PVDAQ (Photovoltaic Data Acquisition) via OEDI data lake,228.0,True,9.0994,9.1193,0.99782,32.07,0.0,228.14843,0.99935,True,1.03606,236.37645,0.96456,0.96953,True,0.03047,False
2016-07-13,Public dataset: NREL PVDAQ (Photovoltaic Data Acquisition) via OEDI data lake,219.0,True,8.8898,8.923,0.99628,32.68,0.0,223.33286,0.9806,True,1.03714,231.62754,0.94548,0.96953,True,0.03047,False
2016-07-14,Public dataset: NREL PVDAQ (Photovoltaic Data Acquisition) via OEDI data lake,220.0,True,8.7209,8.7497,0.99671,34.0,0.0,218.61884,1.00632,True,1.03822,226.97371,0.96928,0.96928,True,0.03072,False
2016-07-15,Public dataset: NREL PVDAQ (Photovoltaic Data Acquisition) via OEDI data lake,222.0,True,8.785,8.8298,0.99493,34.81,0.0,218.68383,1.01516,True,1.03761,226.90902,0.97837,0.96928,True,0.03072,False
2016-07-16,Public dataset: NREL PVDAQ (Photovoltaic Data Acquisition) via OEDI data lake,227.0,True,8.976,9.0384,0.9931,33.98,0.0,224.74098,1.01005,True,1.03701,233.05815,0.97401,0.96913,True,0.03087,False
2016-07-17,Public dataset: NREL PVDAQ (Photovoltaic Data Acquisition) via OEDI data lake,224.0,True,8.903,8.9371,0.99618,33.98,0.0,222.91143,1.00488,True,1.0364,231.02618,0.96959,0.96913,True,0.03087,False
2016-07-18,Public dataset: NREL PVDAQ (Photovoltaic Data Acquisition) via OEDI data lake,220.0,True,8.6638,8.6942,0.9965,33.73,0.0,219.0722,1.00424,True,1.0358,226.91478,0.96953,0.96461,True,0.03539,False
2016-07-19,Public dataset: NREL PVDAQ (Photovoltaic Data Acquisition) via OEDI data lake,219.0,True,8.6095,8.6604,0.99412,34.19,0.0,216.96943,1.00936,True,1.03519,224.6056,0.97504,0.96461,True,0.03539,False
2016-07-20,Public dataset: NREL PVDAQ (Photovoltaic Data Acquisition) via OEDI data lake,219.0,True,8.6124,8.6621,0.99426,34.88,0.0,216.36071,1.0122,True,1.03459,223.84469,0.97836,0.96928,True,0.03072,False
2016-07-21,Public dataset: NREL PVDAQ (Photovoltaic Data Acquisition) via OEDI data lake,209.0,True,8.3054,8.5025,0.97682,35.54,0.0,209.54706,0.99739,True,1.03399,216.66871,0.96461,0.9694,True,0.0306,False
2016-07-22,Public dataset: NREL PVDAQ (Photovoltaic Data Acquisition) via OEDI data lake,211.0,True,8.4974,8.5898,0.98924,36.83,0.0,212.02956,0.99514,True,1.03338,219.10743,0.963,0.96953,True,0.03047,False
2016-07-23,Public dataset: NREL PVDAQ (Photovoltaic Data Acquisition) via OEDI data lake,208.0,True,8.6071,8.6304,0.9973,36.77,0.0,214.2682,0.97075,True,1.03278,221.2913,0.93994,0.96461,True,0.03539,False
2016-07-24,Public dataset: NREL PVDAQ (Photovoltaic Data Acquisition) via OEDI data lake,199.0,True,8.4842,8.5214,0.99563,35.96,0.0,213.16332,0.93356,True,1.03217,220.02137,0.90446,0.963,True,0.037,False
2016-07-25,Public dataset: NREL PVDAQ (Photovoltaic Data Acquisition) via OEDI data lake,194.0,True,8.2322,8.3669,0.9839,35.58,0.0,208.52776,0.93033,True,1.03157,215.11064,0.90186,0.96109,True,0.03891,False
2016-07-26,Public dataset: NREL PVDAQ (Photovoltaic Data Acquisition) via OEDI data lake,198.0,True,7.854,8.1588,0.96264,36.65,0.0,199.82938,0.99085,True,1.03096,206.0169,0.96109,0.96109,True,0.03891,False
2016-07-27,Public dataset: NREL PVDAQ (Photovoltaic Data Acquisition) via OEDI data lake,198.0,True,7.5247,8.1439,0.92397,37.94,0.0,190.7101,1.03823,True,1.03036,196.49998,1.00763,0.96109,True,0.03891,False
2016-07-28,Public dataset: NREL PVDAQ (Photovoltaic Data Acquisition) via OEDI data lake,183.0,True,6.5436,7.907,0.82757,38.57,0.62,168.03734,1.08904,False,1.02976,173.03733,1.05758,0.95534,True,0.04466,False
2016-07-29,Public dataset: NREL PVDAQ (Photovoltaic Data Acquisition) via OEDI data lake,125.0,True,5.796,7.6534,0.75731,37.19,0.92,150.88896,0.82842,False,1.02915,155.2875,0.80496,0.94476,True,0.05524,False
2016-07-30,Public dataset: NREL PVDAQ (Photovoltaic Data Acquisition) via OEDI data lake,149.0,True,6.894,7.4892,0.92053,35.5,0.0,179.39811,0.83055,True,1.02855,184.51929,0.8075,0.93784,True,0.06216,False
2016-07-31,Public dataset: NREL PVDAQ (Photovoltaic Data Acquisition) via OEDI data lake,172.0,True,6.9751,7.6558,0.91109,34.55,2.06,182.59519,0.94197,True,1.02794,187.69727,0.91637,0.94266,True,0.05734,False
2016-08-01,Public dataset: NREL PVDAQ (Photovoltaic Data Acquisition) via OEDI data lake,182.0,True,7.0992,7.6543,0.92748,33.65,0.37,186.56267,0.97554,True,1.02734,191.66286,0.94958,0.95534,True,0.04466,False
2016-08-02,Public dataset: NREL PVDAQ (Photovoltaic Data Acquisition) via OEDI data lake,199.0,True,6.8256,7.6757,0.88925,33.79,0.37,180.51705,1.10239,True,1.02673,185.34286,1.07369,0.96212,True,0.03788,False
2016-08-03,Public dataset: NREL PVDAQ (Photovoltaic Data Acquisition) via OEDI data lake,190.0,True,6.8743,7.6963,0.8932,33.29,3.37,181.88894,1.04459,True,1.02613,186.6415,1.01799,0.9659,True,0.0341,False
2016-08-04,Public dataset: NREL PVDAQ (Photovoltaic Data Acquisition) via OEDI data lake,76.0,True,4.4952,7.5734,0.59355,28.59,3.66,124.6991,0.60947,False,1.02552,127.88199,0.5943,0.9659,True,0.0341,False
2016-08-05,Public dataset: NREL PVDAQ (Photovoltaic Data Acquisition) via OEDI data lake,196.0,True,7.7676,8.011,0.96962,31.61,0.05,205.24036,0.95498,True,1.02492,210.35498,0.93176,0.96315,True,0.03685,False
2016-08-06,Public dataset: NREL PVDAQ (Photovoltaic Data Acquisition) via OEDI data lake,196.0,True,7.8283,8.1742,0.95768,32.82,0.02,204.48871,0.95849,True,1.02432,209.461,0.93574,0.9659,True,0.0341,False
2016-08-07,Public dataset: NREL PVDAQ (Photovoltaic Data Acquisition) via OEDI data lake,214.0,True,8.2618,8.2918,0.99638,33.03,0.0,213.64696,1.00165,True,1.02371,218.71283,0.97845,0.97154,True,0.02846,False
2016-08-08,Public dataset: NREL PVDAQ (Photovoltaic Data Acquisition) via OEDI data lake,212.0,True,8.335,8.3688,0.99596,32.87,0.0,215.14048,0.9854,True,1.02311,220.11172,0.96315,0.97459,True,0.02541,False
2016-08-09,Public dataset: NREL PVDAQ (Photovoltaic Data Acquisition) via OEDI data lake,216.0,True,8.3671,8.4026,0.99578,30.95,0.0,218.08114,0.99046,True,1.0225,222.98853,0.96866,0.97459,True,0.02541,False
2016-08-10,Public dataset: NREL PVDAQ (Photovoltaic Data Acquisition) via OEDI data lake,213.0,True,8.1202,8.171,0.99378,30.38,0.01,213.83477,0.9961,True,1.0219,218.51737,0.97475,0.97154,True,0.02846,False
2016-08-11,Public dataset: NREL PVDAQ (Photovoltaic Data Acquisition) via OEDI data lake,212.0,True,8.0767,8.1382,0.99244,31.32,0.0,212.19365,0.99909,True,1.02129,216.71207,0.97826,0.97154,True,0.02846,False
2016-08-12,Public dataset: NREL PVDAQ (Photovoltaic Data Acquisition) via OEDI data lake,204.0,True,7.9418,7.9886,0.99414,33.23,0.0,207.83206,0.98156,True,1.02069,212.13199,0.96167,0.97154,True,0.02846,False
2016-08-13,Public dataset: NREL PVDAQ (Photovoltaic Data Acquisition) via OEDI data lake,205.0,True,7.9109,7.9694,0.99266,34.51,0.0,206.23753,0.994,True,1.02009,210.37983,0.97443,0.97459,True,0.02541,False
2016-08-14,Public dataset: NREL PVDAQ (Photovoltaic Data Acquisition) via OEDI data lake,201.0,True,7.7604,7.8746,0.9855,35.16,0.0,201.69908,0.99653,True,1.01948,205.62831,0.97749,0.97459,True,0.02541,False
2016-08-15,Public dataset: NREL PVDAQ (Photovoltaic Data Acquisition) via OEDI data lake,209.0,True,7.9802,8.0388,0.99271,34.66,0.0,206.81207,1.01058,True,1.01877,210.69388,0.99196,0.97459,True,0.02541,False
2016-08-16,Public dataset: NREL PVDAQ (Photovoltaic Data Acquisition) via OEDI data lake,204.0,True,8.2111,8.232,0.99746,34.08,0.0,212.46249,0.96017,True,1.01806,216.29931,0.94314,0.97612,True,0.02388,False
2016-08-17,Public dataset: NREL PVDAQ (Photovoltaic Data Acquisition) via OEDI data lake,193.0,True,7.812,7.8936,0.98966,33.68,0.0,204.53728,0.94359,True,1.01735,208.08557,0.9275,0.97612,True,0.02388,False
2016-08-18,Public dataset: NREL PVDAQ (Photovoltaic Data Acquisition) via OEDI data lake,180.0,True,6.7476,7.6985,0.87648,32.95,0.0,180.16237,0.9991,True,1.01664,183.15972,0.98275,0.97787,True,0.02213,False
2016-08-19,Public dataset: NREL PVDAQ (Photovoltaic Data Acquisition) via OEDI data lake,154.0,True,5.4,7.2799,0.74177,30.73,0.26,148.73931,1.03537,False,1.01593,151.10813,1.01914,0.97749,True,0.02251,False
2016-08-20,Public dataset: NREL PVDAQ (Photovoltaic Data Acquisition) via OEDI data lake,196.0,True,7.0495,7.3596,0.95786,32.64,0.0,188.53136,1.03961,True,1.01522,191.39988,1.02403,0.97749,True,0.02251,False
2016-08-21,Public dataset: NREL PVDAQ (Photovoltaic Data Acquisition) via OEDI data lake,139.0,True,6.1814,7.1642,0.86282,30.46,0.2,169.58804,0.81963,True,1.0145,172.04777,0.80792,0.98275,True,0.01725,False
2016-08-22,Public dataset: NREL PVDAQ (Photovoltaic Data Acquisition) via OEDI data lake,177.0,True,6.0029,6.9614,0.86231,26.94,3.46,169.4911,1.0443,True,1.01379,171.82892,1.03009,0.99196,False,0.0,False
2016-08-23,Public dataset: NREL PVDAQ (Photovoltaic Data Acquisition) via OEDI data lake,189.0,True,6.737,7.1405,0.94349,27.21,2.68,187.25983,1.00929,True,1.01308,189.70961,0.99626,0.99626,False,0.0,False
2016-08-24,Public dataset: NREL PVDAQ (Photovoltaic Data Acquisition) via OEDI data lake,187.0,True,7.1501,7.343,0.97373,30.25,0.0,193.98965,0.96397,True,1.01237,196.38956,0.95219,0.99626,False,0.0,False
2016-08-25,Public dataset: NREL PVDAQ (Photovoltaic Data Acquisition) via OEDI data lake,196.0,True,7.05,7.3361,0.961,30.91,0.01,190.96108,1.02639,True,1.01166,193.18776,1.01456,0.99626,False,0.0,False
2016-08-26,Public dataset: NREL PVDAQ (Photovoltaic Data Acquisition) via OEDI data lake,165.0,True,5.7106,7.0954,0.80483,29.88,0.72,157.7601,1.04589,False,1.01095,159.48749,1.03456,0.99626,False,0.0,False
2016-08-27,Public dataset: NREL PVDAQ (Photovoltaic Data Acquisition) via OEDI data lake,168.0,True,6.2822,6.9254,0.90712,24.41,5.9,180.01531,0.93325,True,1.01024,181.85839,0.9238,0.9916,False,0.0,False
2016-08-28,Public dataset: NREL PVDAQ (Photovoltaic Data Acquisition) via OEDI data lake,197.0,True,6.9595,7.056,0.98632,27.55,0.0,193.33566,1.01895,True,1.00953,195.17768,1.00934,0.98357,True,0.01643,False
2016-08-29,Public dataset: NREL PVDAQ (Photovoltaic Data Acquisition) via OEDI data lake,193.0,True,6.7694,7.1604,0.94539,31.49,0.0,185.23007,1.04195,True,1.00882,186.86317,1.03284,0.98357,True,0.01643,False
2016-08-30,Public dataset: NREL PVDAQ (Photovoltaic Data Acquisition) via OEDI data lake,193.0,True,6.9036,7.3207,0.94302,32.85,0.0,187.41861,1.02978,True,1.00811,188.93776,1.0215,0.97894,True,0.02106,False
2016-08-31,Public dataset: NREL PVDAQ (Photovoltaic Data Acquisition) via OEDI data lake,167.0,True,6.156,7.1477,0.86126,33.01,0.0,167.96792,0.99424,True,1.00739,169.21001,0.98694,0.97403,True,0.02597,False
2016-09-01,Public dataset: NREL PVDAQ (Photovoltaic Data Acquisition) via OEDI data lake,172.0,True,6.4466,7.2367,0.89082,32.8,0.72,176.07373,0.97686,True,1.00668,177.25058,0.97038,0.97403,True,0.02597,False
2016-09-02,Public dataset: NREL PVDAQ (Photovoltaic Data Acquisition) via OEDI data lake,189.0,True,7.242,7.3366,0.98711,31.18,0.01,197.95836,0.95475,True,1.00597,199.14075,0.94908,0.97034,True,0.02966,False
2016-09-03,Public dataset: NREL PVDAQ (Photovoltaic Data Acquisition) via OEDI data lake,200.0,True,7.4038,7.4393,0.99523,29.41,0.01,202.97223,0.98536,True,1.00526,204.04025,0.9802,0.97038,True,0.02962,False
2016-09-04,Public dataset: NREL PVDAQ (Photovoltaic Data Acquisition) via OEDI data lake,197.0,True,7.3044,7.3272,0.99689,25.87,0.0,205.00223,0.96097,True,1.00455,205.9352,0.95661,0.97769,True,0.02231,False
2016-09-05,Public dataset: NREL PVDAQ (Photovoltaic Data Acquisition) via OEDI data lake,195.0,True,7.0627,7.2473,0.97453,26.62,0.0,198.68732,0.98144,True,1.00384,199.45029,0.97769,0.97268,True,0.02732,False
2016-09-06,Public dataset: NREL PVDAQ (Photovoltaic Data Acquisition) via OEDI data lake,196.0,True,7.2094,7.2365,0.99626,27.49,0.0,201.36811,0.97334,True,1.00313,201.99822,0.97031,0.97268,True,0.02732,False
2016-09-07,Public dataset: NREL PVDAQ (Photovoltaic Data Acquisition) via OEDI data lake,189.0,True,6.9962,7.0258,0.99579,29.07,0.0,195.20275,0.96822,True,1.00242,195.67479,0.96589,0.97038,True,0.02962,False
2016-09-08,Public dataset: NREL PVDAQ (Photovoltaic Data Acquisition) via OEDI data lake,184.0,True,6.8539,6.8851,0.99547,29.36,0.0,191.17774,0.96246,True,1.00171,191.50413,0.96081,0.97031,True,0.02969,False
2016-09-09,Public dataset: NREL PVDAQ (Photovoltaic Data Acquisition) via OEDI data lake,183.0,True,6.7793,6.8074,0.99587,30.49,0.0,188.99763,0.96827,True,1.001,189.18594,0.9673,0.9673,True,0.0327,False
2016-09-10,Public dataset: NREL PVDAQ (Photovoltaic Data Acquisition) via OEDI data lake,177.0,True,6.3931,6.6542,0.96076,29.9,0.0,179.213,0.98765,True,1.00029,179.26415,0.98737,0.9673,True,0.0327,False
2016-09-11,Public dataset: NREL PVDAQ (Photovoltaic Data Acquisition) via OEDI data lake,188.0,True,6.7219,6.7454,0.99652,30.18,0.0,187.136,1.00462,True,0.99957,187.05636,1.00504,0.96647,True,0.03353,False
2016-09-12,Public dataset: NREL PVDAQ (Photovoltaic Data Acquisition) via OEDI data lake,184.0,True,6.691,6.7457,0.99189,27.93,0.0,189.38259,0.97158,True,0.99886,189.16736,0.97268,0.96647,True,0.03353,False
2016-09-13,Public dataset: NREL PVDAQ (Photovoltaic Data Acquisition) via OEDI data lake,192.0,True,6.3708,6.7414,0.94503,23.46,0.0,185.35455,1.03585,True,0.99815,185.01212,1.03777,0.96589,True,0.03411,False
2016-09-14,Public dataset: NREL PVDAQ (Photovoltaic Data Acquisition) via OEDI data lake,188.0,True,6.8278,6.8736,0.99334,22.98,0.0,198.88048,0.94529,True,0.99744,198.37168,0.94772,0.96335,True,0.03665,False
2016-09-15,Public dataset: NREL PVDAQ (Photovoltaic Data Acquisition) via OEDI data lake,182.0,True,6.6914,6.7231,0.99528,24.73,0.0,193.97799,0.93825,True,0.99612,193.22531,0.94191,0.96364,True,0.03636,False
2016-09-16,Public dataset: NREL PVDAQ (Photovoltaic Data Acquisition) via OEDI data lake,181.0,True,6.6343,6.6634,0.99563,25.61,0.0,191.90193,0.94319,True,0.9948,190.90363,0.94812,0.96689,True,0.03311,False
2016-09-17,Public dataset: NREL PVDAQ (Photovoltaic Data Acquisition) via OEDI data lake,181.0,True,6.599,6.6262,0.9959,26.99,0.0,189.70119,0.95413,True,0.99348,188.46358,0.9604,0.96438,True,0.03562,False
2016-09-18,Public dataset: NREL PVDAQ (Photovoltaic Data Acquisition) via OEDI data lake,181.0,True,6.6168,6.6422,0.99618,29.13,0.0,188.7601,0.95889,True,0.99215,187.27911,0.96647,0.96438,True,0.03562,False
2016-09-19,Public dataset: NREL PVDAQ (Photovoltaic Data Acquisition) via OEDI data lake,157.0,True,5.8306,6.3919,0.91219,29.62,0.0,165.93456,0.94616,True,0.99083,164.4133,0.95491,0.96438,True,0.03562,False
2016-09-20,Public dataset: NREL PVDAQ (Photovoltaic Data Acquisition) via OEDI data lake,78.0,True,5.1266,5.9705,0.85866,24.21,0.41,152.44074,0.51167,True,0.98951,150.84169,0.5171,0.96134,True,0.03866,False
2016-09-21,Public dataset: NREL PVDAQ (Photovoltaic Data Acquisition) via OEDI data lake,138.0,True,4.5914,6.0377,0.76046,23.31,0.71,136.9114,1.00795,False,0.98819,135.29427,1.02,0.9604,True,0.0396,False
2016-09-22,Public dataset: NREL PVDAQ (Photovoltaic Data Acquisition) via OEDI data lake,186.0,True,6.4774,6.5179,0.99379,22.66,0.43,192.02311,0.96863,True,0.98687,189.50118,0.98152,0.96134,True,0.03866,False
2016-09-23,Public dataset: NREL PVDAQ (Photovoltaic Data Acquisition) via OEDI data lake,188.0,True,6.3209,6.3602,0.99382,19.48,0.0,191.6414,0.981,True,0.98554,188.87116,0.99539,0.96438,True,0.03562,False
2016-09-24,Public dataset: NREL PVDAQ (Photovoltaic Data Acquisition) via OEDI data lake,180.0,True,6.3557,6.3955,0.99378,22.25,0.0,190.0535,0.9471,True,0.98422,187.05498,0.96228,0.97344,True,0.02656,False
2016-09-25,Public dataset: NREL PVDAQ (Photovoltaic Data Acquisition) via OEDI data lake,181.0,True,6.2309,6.2501,0.99693,22.26,0.0,186.97521,0.96804,True,0.9829,183.7781,0.98488,0.97426,True,0.02574,False
2016-09-26,Public dataset: NREL PVDAQ (Photovoltaic Data Acquisition) via OEDI data lake,174.0,True,6.084,6.1013,0.99716,24.81,0.0,180.80635,0.96236,True,0.98158,177.47571,0.98042,0.97426,True,0.02574,False
2016-09-27,Public dataset: NREL PVDAQ (Photovoltaic Data Acquisition) via OEDI data lake,157.0,True,5.9851,6.0847,0.98363,26.12,0.01,177.59158,0.88405,True,0.98026,174.08541,0.90186,0.97426,True,0.02574,False
2016-09-28,Public dataset: NREL PVDAQ (Photovoltaic Data Acquisition) via OEDI data lake,155.0,True,4.1897,5.8049,0.72175,26.35,0.28,122.86228,1.26158,False,0.97894,120.27421,1.28872,0.97426,True,0.02574,False
2016-09-29,Public dataset: NREL PVDAQ (Photovoltaic Data Acquisition) via OEDI data lake,162.0,True,4.6222,5.6998,0.81094,26.58,0.0,136.88483,1.18348,False,0.97761,133.82043,1.21058,0.9681,True,0.0319,False
2016-09-30,Public dataset: NREL PVDAQ (Photovoltaic Data Acquisition) via OEDI data lake,156.0,True,4.9759,5.7475,0.86575,26.92,0.01,148.34116,1.05163,True,0.97629,144.8242,1.07717,0.9681,True,0.0319,False
2016-10-01,Public dataset: NREL PVDAQ (Photovoltaic Data Acquisition) via OEDI data lake,167.0,True,5.8178,5.874,0.99043,26.38,0.0,173.77255,0.96103,True,0.97497,169.42295,0.9857,0.9681,True,0.0319,False
2016-10-02,Public dataset: NREL PVDAQ (Photovoltaic Data Acquisition) via OEDI data lake,171.0,True,6.0158,6.0374,0.99642,23.87,0.0,181.41551,0.94259,True,0.97365,176.63479,0.9681,0.98042,True,0.01958,False
2016-10-03,Public dataset: NREL PVDAQ (Photovoltaic Data Acquisition) via OEDI data lake,143.0,True,5.6513,5.964,0.94757,18.49,0.0,176.58051,0.80983,True,0.97233,171.69378,0.83288,0.97426,True,0.02574,False
2016-10-04,Public dataset: NREL PVDAQ (Photovoltaic Data Acquisition) via OEDI data lake,168.0,True,5.8615,5.892,0.99482,20.2,0.0,181.51014,0.92557,True,0.971,176.24706,0.95321,0.97544,True,0.02456,False
2016-10-05,Public dataset: NREL PVDAQ (Photovoltaic Data Acquisition) via OEDI data lake,167.0,True,5.8589,5.8831,0.99589,20.12,0.0,181.85542,0.91831,True,0.96968,176.34193,0.94702,0.98277,True,0.01723,False
2016-10-06,Public dataset: NREL PVDAQ (Photovoltaic Data Acquisition) via OEDI data lake,170.0,True,5.802,5.8457,0.99252,18.7,0.0,182.13661,0.93337,True,0.96836,176.37383,0.96386,0.98424,True,0.01576,False
2016-10-07,Public dataset: NREL PVDAQ (Photovoltaic Data Acquisition) via OEDI data lake,157.0,True,5.2459,5.6702,0.92517,19.75,0.0,163.40237,0.96082,True,0.96704,158.01634,0.99357,0.98424,True,0.01576,False
2016-10-08,Public dataset: NREL PVDAQ (Photovoltaic Data Acquisition) via OEDI data lake,153.0,True,4.8914,5.5075,0.88813,22.61,0.0,150.8604,1.01418,True,0.96572,145.68836,1.05019,0.98424,True,0.01576,False
2016-10-09,Public dataset: NREL PVDAQ (Photovoltaic Data Acquisition) via OEDI data lake,157.0,True,5.3155,5.3592,0.99185,24.83,0.0,163.59752,0.95967,True,0.96439,157.77254,0.9951,0.97544,True,0.02456,False
2016-10-10,Public dataset: NREL PVDAQ (Photovoltaic Data Acquisition) via OEDI data lake,121.0,True,4.4436,5.34,0.83213,26.53,0.0,133.95687,0.90328,False,0.96307,129.01019,0.93791,0.97332,True,0.02668,False
2016-10-11,Public dataset: NREL PVDAQ (Photovoltaic Data Acquisition) via OEDI data lake,154.0,True,5.3165,5.4533,0.97491,25.06,0.01,162.93144,0.94518,True,0.96175,156.69942,0.98277,0.97332,True,0.02668,False
2016-10-12,Public dataset: NREL PVDAQ (Photovoltaic Data Acquisition) via OEDI data lake,134.0,True,4.4556,5.3131,0.83861,24.19,0.0,137.20774,0.97662,False,0.96043,131.77827,1.01686,0.98446,True,0.01554,False
2016-10-13,Public dataset: NREL PVDAQ (Photovoltaic Data Acquisition) via OEDI data lake,149.0,True,4.8588,5.279,0.9204,23.82,0.0,151.26045,0.98506,True,0.95911,145.07494,1.02706,0.98642,True,0.01358,False
2016-10-14,Public dataset: NREL PVDAQ (Photovoltaic Data Acquisition) via OEDI data lake,115.0,True,4.2626,5.365,0.79452,25.44,0.0,129.20691,0.89005,False,0.95779,123.75245,0.92927,0.98763,True,0.01237,False
2016-10-15,Public dataset: NREL PVDAQ (Photovoltaic Data Acquisition) via OEDI data lake,153.0,True,5.0894,5.1142,0.99515,24.06,0.0,159.65565,0.95831,True,0.957,152.79116,1.00137,0.98763,True,0.01237,False
2016-10-16,Public dataset: NREL PVDAQ (Photovoltaic Data Acquisition) via OEDI data lake,139.0,True,4.8626,5.0803,0.95715,22.02,0.0,155.32188,0.89492,True,0.95622,148.52247,0.93589,0.98669,True,0.01331,False
2016-10-17,Public dataset: NREL PVDAQ (Photovoltaic Data Acquisition) via OEDI data lake,143.0,True,4.8874,5.1509,0.94884,20.48,0.0,157.18513,0.90976,True,0.95544,150.18145,0.95218,0.98642,True,0.01358,False
2016-10-18,Public dataset: NREL PVDAQ (Photovoltaic Data Acquisition) via OEDI data lake,146.0,True,5.1029,5.1586,0.9892,20.75,0.0,163.87739,0.89091,True,0.95466,156.44759,0.93322,0.98615,True,0.01385,False
2016-10-19,Public dataset: NREL PVDAQ (Photovoltaic Data Acquisition) via OEDI data lake,155.0,True,5.0393,5.1053,0.98707,18.32,0.0,164.77579,0.94067,True,0.95388,157.17663,0.98615,0.98669,True,0.01331,False
2016-10-20,Public dataset: NREL PVDAQ (Photovoltaic Data Acquisition) via OEDI data lake,152.0,True,4.9553,4.9968,0.99169,18.64,0.0,161.62989,0.94042,True,0.9531,154.04964,0.98669,0.98669,True,0.01331,False
2016-10-21,Public dataset: NREL PVDAQ (Photovoltaic Data Acquisition) via OEDI data lake,148.0,True,4.8782,4.9255,0.9904,21.39,0.0,157.20738,0.94143,True,0.95232,149.71183,0.98857,0.98642,True,0.01358,False
2016-10-22,Public dataset: NREL PVDAQ (Photovoltaic Data Acquisition) via OEDI data lake,144.0,True,4.7342,4.9447,0.95743,23.01,0.0,151.19085,0.95244,True,0.95154,143.86414,1.00094,0.98642,True,0.01358,False
2016-10-23,Public dataset: NREL PVDAQ (Photovoltaic Data Acquisition) via OEDI data lake,67.0,True,2.0791,4.5206,0.45992,23.04,1.31,60.16235,1.11365,False,0.95076,57.19991,1.17133,0.98615,True,0.01385,False
2016-10-24,Public dataset: NREL PVDAQ (Photovoltaic Data Acquisition) via OEDI data lake,32.0,True,1.4318,4.3039,0.33268,19.44,7.61,42.7296,,False,0.94998,40.5922,,0.98669,True,0.01331,False
2016-10-25,Public dataset: NREL PVDAQ (Photovoltaic Data Acquisition) via OEDI data lake,112.0,True,4.2653,4.5703,0.93326,18.67,0.37,139.96795,0.80018,True,0.9492,132.8573,0.84301,0.98669,True,0.01331,False
2016-10-26,Public dataset: NREL PVDAQ (Photovoltaic Data Acquisition) via OEDI data lake,145.0,True,4.3903,4.5288,0.96942,20.41,0.0,143.91024,1.00757,True,0.94842,136.48698,1.06237,0.98711,True,0.01289,False
2016-10-27,Public dataset: NREL PVDAQ (Photovoltaic Data Acquisition) via OEDI data lake,90.0,True,2.695,4.3174,0.62422,21.58,0.0,82.22597,1.09454,False,0.94764,77.92035,1.15503,0.98857,True,0.01143,False
2016-10-28,Public dataset: NREL PVDAQ (Photovoltaic Data Acquisition) via OEDI data lake,53.0,True,2.1818,4.2382,0.51479,21.9,0.61,64.43146,0.82258,False,0.94686,61.00733,0.86875,1.00094,False,0.0,False
2016-10-29,Public dataset: NREL PVDAQ (Photovoltaic Data Acquisition) via OEDI data lake,83.0,True,3.1618,4.3447,0.72774,21.9,0.0,99.15259,0.83709,False,0.94608,93.80584,0.88481,1.0037,False,0.0,False
2016-10-30,Public dataset: NREL PVDAQ (Photovoltaic Data Acquisition) via OEDI data lake,79.0,True,2.0594,4.1388,0.49758,21.74,0.05,61.01267,1.29481,False,0.94529,57.67496,1.36975,1.01283,False,0.0,False
2016-10-31,Public dataset: NREL PVDAQ (Photovoltaic Data Acquisition) via OEDI data lake,139.0,True,4.4018,4.4748,0.98369,16.44,0.0,149.08792,0.93234,True,0.94451,140.81566,0.98711,1.0167,False,0.0,False
2016-11-01,Public dataset: NREL PVDAQ (Photovoltaic Data Acquisition) via OEDI data lake,118.0,True,4.1335,4.4328,0.93248,15.11,0.0,140.06005,0.8425,True,0.94373,132.17937,0.89273,1.01283,False,0.0,False
2016-11-02,Public dataset: NREL PVDAQ (Photovoltaic Data Acquisition) via OEDI data lake,145.0,True,4.3656,4.3937,0.9936,15.39,0.0,149.74102,0.96834,True,0.94295,141.19873,1.02692,1.01283,False,0.0,False
2016-11-03,Public dataset: NREL PVDAQ (Photovoltaic Data Acquisition) via OEDI data lake,137.0,True,4.2614,4.2938,0.99245,17.61,0.0,144.87253,0.94566,True,0.94217,136.49488,1.0037,1.0042,False,0.0,False
2016-11-04,Public dataset: NREL PVDAQ (Photovoltaic Data Acquisition) via OEDI data lake,132.0,True,4.068,4.0951,0.99338,19.25,0.0,137.22926,0.96189,True,0.94139,129.18648,1.02178,1.00395,False,0.0,False
2016-11-05,Public dataset: NREL PVDAQ (Photovoltaic Data Acquisition) via OEDI data lake,131.0,True,4.0642,4.0846,0.99501,19.5,0.0,137.50735,0.95268,True,0.94061,129.34093,1.01283,1.00395,False,0.0,False
2016-11-06,Public dataset: NREL PVDAQ (Photovoltaic Data Acquisition) via OEDI data lake,128.0,True,3.8386,4.1434,0.92644,20.24,0.0,128.49415,0.99615,True,0.93983,120.76271,1.05993,1.0037,False,0.0,False
2016-11-07,Public dataset: NREL PVDAQ (Photovoltaic Data Acquisition) via OEDI data lake,129.0,True,3.9679,4.0284,0.98498,19.19,0.0,134.60298,0.95837,True,0.93905,126.39889,1.02058,1.00335,False,0.0,False
2016-11-08,Public dataset: NREL PVDAQ (Photovoltaic Data Acquisition) via OEDI data lake,127.0,True,3.9986,4.0262,0.99314,20.11,0.0,135.88015,0.93465,True,0.93827,127.49215,0.99614,1.00335,False,0.0,False
2016-11-09,Public dataset: NREL PVDAQ (Photovoltaic Data Acquisition) via OEDI data lake,122.0,True,3.8196,3.9012,0.97908,19.78,0.0,129.74466,0.94031,True,0.93749,121.63413,1.00301,1.0037,False,0.0,False
2016-11-10,Public dataset: NREL PVDAQ (Photovoltaic Data Acquisition) via OEDI data lake,123.0,True,3.8225,3.8506,0.9927,19.29,0.0,130.76214,0.94064,True,0.93671,122.48593,1.0042,1.00301,False,0.0,False
2016-11-11,Public dataset: NREL PVDAQ (Photovoltaic Data Acquisition) via OEDI data lake,120.0,True,3.8287,3.8654,0.99051,19.2,0.0,131.78898,0.91055,True,0.93593,123.3449,0.97288,0.99614,False,0.0,False
2016-11-12,Public dataset: NREL PVDAQ (Photovoltaic Data Acquisition) via OEDI data lake,98.0,True,2.5944,3.8479,0.67424,17.71,0.0,83.5097,1.17352,False,0.93515,78.09381,1.2549,0.99614,False,0.0,False
2016-11-13,Public dataset: NREL PVDAQ (Photovoltaic Data Acquisition) via OEDI data lake,118.0,True,3.8064,3.8503,0.9886,18.26,0.0,132.13572,0.89302,True,0.93437,123.46311,0.95575,0.99259,False,0.0,False
2016-11-14,Public dataset: NREL PVDAQ (Photovoltaic Data Acquisition) via OEDI data lake,119.0,True,3.8618,3.888,0.99326,18.58,0.0,134.64452,0.88381,True,0.93359,125.70215,0.94668,0.98904,True,0.01096,False
2016-11-15,Public dataset: NREL PVDAQ (Photovoltaic Data Acquisition) via OEDI data lake,107.0,True,3.5278,3.8297,0.92117,17.69,0.0,122.09885,0.87634,True,0.93229,113.83206,0.93998,0.98904,True,0.01096,False
2016-11-16,Public dataset: NREL PVDAQ (Photovoltaic Data Acquisition) via OEDI data lake,89.0,True,2.6513,3.8578,0.68726,17.83,0.0,86.44063,1.02961,False,0.931,80.47652,1.10591,0.98785,True,0.01215,False
2016-11-17,Public dataset: NREL PVDAQ (Photovoltaic Data Acquisition) via OEDI data lake,133.0,True,3.9456,3.9758,0.9924,9.83,0.0,144.6404,0.91952,True,0.92971,134.47397,0.98904,0.97288,True,0.02712,False
2016-11-18,Public dataset: NREL PVDAQ (Photovoltaic Data Acquisition) via OEDI data lake,126.0,True,3.785,3.8105,0.99331,8.75,0.0,139.50663,0.90318,True,0.92842,129.52094,0.97282,0.97288,True,0.02712,False
2016-11-19,Public dataset: NREL PVDAQ (Photovoltaic Data Acquisition) via OEDI data lake,123.0,True,3.6386,3.7289,0.97578,11.79,0.0,131.52156,0.93521,True,0.92713,121.93763,1.00871,0.97359,True,0.02641,False
2016-11-20,Public dataset: NREL PVDAQ (Photovoltaic Data Acquisition) via OEDI data lake,69.0,True,1.6944,3.5304,0.47995,13.57,0.73,53.31142,1.29428,False,0.92584,49.35782,1.39795,0.97359,True,0.02641,False
2016-11-21,Public dataset: NREL PVDAQ (Photovoltaic Data Acquisition) via OEDI data lake,67.0,True,2.0993,3.588,0.58509,11.38,1.82,69.22151,0.96791,False,0.92455,63.99864,1.0469,0.98072,True,0.01928,False
2016-11-22,Public dataset: NREL PVDAQ (Photovoltaic Data Acquisition) via OEDI data lake,120.0,True,3.595,3.709,0.96926,11.67,0.0,131.2904,0.914,True,0.92326,121.21484,0.98998,0.98072,True,0.01928,False
2016-11-23,Public dataset: NREL PVDAQ (Photovoltaic Data Acquisition) via OEDI data lake,118.0,True,3.5628,3.649,0.97638,12.23,0.0,129.56202,0.91076,True,0.92197,119.45184,0.98785,0.98072,True,0.01928,False
2016-11-24,Public dataset: NREL PVDAQ (Photovoltaic Data Acquisition) via OEDI data lake,120.0,True,3.7022,3.7327,0.99183,8.06,0.0,138.40293,0.86703,True,0.92068,127.42418,0.94174,0.98785,True,0.01215,False
2016-11-25,Public dataset: NREL PVDAQ (Photovoltaic Data Acquisition) via OEDI data lake,120.0,True,3.5918,3.6149,0.99361,8.52,0.0,134.06203,0.89511,True,0.91938,123.25456,0.97359,0.97359,True,0.02641,False
2016-11-26,Public dataset: NREL PVDAQ (Photovoltaic Data Acquisition) via OEDI data lake,113.0,True,3.2662,3.4776,0.93921,10.5,0.03,119.32103,0.94703,True,0.91809,109.54786,1.03151,0.97359,True,0.02641,False
2016-11-27,Public dataset: NREL PVDAQ (Photovoltaic Data Acquisition) via OEDI data lake,66.0,True,1.8274,3.5191,0.51928,7.3,0.84,59.74391,1.10472,False,0.9168,54.77337,1.20497,0.95942,True,0.04058,False
2016-11-28,Public dataset: NREL PVDAQ (Photovoltaic Data Acquisition) via OEDI data lake,98.0,True,2.9088,3.4622,0.84016,7.42,0.03,106.00565,0.92448,False,0.91551,97.0494,1.0098,0.9574,True,0.0426,False
2016-11-29,Public dataset: NREL PVDAQ (Photovoltaic Data Acquisition) via OEDI data lake,117.0,True,3.5345,3.5731,0.9892,6.3,0.0,134.46045,0.87014,True,0.91422,122.92651,0.95179,0.95537,True,0.04463,False
2016-11-30,Public dataset: NREL PVDAQ (Photovoltaic Data Acquisition) via OEDI data lake,110.0,True,3.3749,3.4807,0.9696,6.29,0.0,128.30616,0.85732,True,0.91293,117.13449,0.93909,0.95179,True,0.04821,False
2016-12-01,Public dataset: NREL PVDAQ (Photovoltaic Data Acquisition) via OEDI data lake,101.0,True,2.9962,3.4486,0.86882,6.91,0.0,111.72227,0.90403,True,0.91164,101.85034,0.99165,0.94833,True,0.05167,False
2016-12-02,Public dataset: NREL PVDAQ (Photovoltaic Data Acquisition) via OEDI data lake,103.0,True,3.2976,3.5076,0.94013,6.72,0.0,126.35544,0.81516,True,0.91035,115.02737,0.89544,0.95006,True,0.04994,False
2016-12-03,Public dataset: NREL PVDAQ (Photovoltaic Data Acquisition) via OEDI data lake,115.0,True,3.4387,3.4603,0.99376,6.13,0.0,132.41427,0.86849,True,0.90906,120.37208,0.95537,0.94482,True,0.05518,False
2016-12-04,Public dataset: NREL PVDAQ (Photovoltaic Data Acquisition) via OEDI data lake,111.0,True,3.3497,3.4046,0.98387,8.5,0.0,127.44975,0.87093,True,0.90777,115.6945,0.95942,0.94131,True,0.05869,False
2016-12-05,Public dataset: NREL PVDAQ (Photovoltaic Data Acquisition) via OEDI data lake,102.0,True,3.1702,3.4178,0.92756,9.72,0.0,119.53969,0.85327,True,0.90647,108.3597,0.94131,0.94131,True,0.05869,False
2016-12-06,Public dataset: NREL PVDAQ (Photovoltaic Data Acquisition) via OEDI data lake,104.0,True,3.2292,3.3802,0.95533,9.5,0.0,121.15371,0.85841,True,0.90518,109.66636,0.94833,0.94482,True,0.05518,False
2016-12-07,Public dataset: NREL PVDAQ (Photovoltaic Data Acquisition) via OEDI data lake,105.0,True,3.2628,3.4272,0.95203,5.79,0.0,125.50911,0.83659,True,0.90389,113.44677,0.92554,0.94131,True,0.05869,False
2016-12-08,Public dataset: NREL PVDAQ (Photovoltaic Data Acquisition) via OEDI data lake,99.0,True,3.1157,3.2398,0.9617,5.99,0.0,119.37883,0.82929,True,0.9026,107.75154,0.91878,0.94482,True,0.05518,False
2016-12-09,Public dataset: NREL PVDAQ (Photovoltaic Data Acquisition) via OEDI data lake,51.0,True,1.4342,3.1927,0.44921,8.78,0.0,45.34487,,False,0.90131,40.86982,,0.94131,True,0.05869,False
2016-12-10,Public dataset: NREL PVDAQ (Photovoltaic Data Acquisition) via OEDI data lake,94.0,True,3.0022,3.2054,0.93661,10.01,0.0,111.615,0.84218,True,0.90002,100.4557,0.93574,0.94131,True,0.05869,False
2016-12-11,Public dataset: NREL PVDAQ (Photovoltaic Data Acquisition) via OEDI data lake,86.0,True,2.5495,3.2249,0.79057,11.78,0.0,90.87889,0.94631,False,0.89873,81.67547,1.05295,0.93574,True,0.06426,False
2016-12-12,Public dataset: NREL PVDAQ (Photovoltaic Data Acquisition) via OEDI data lake,74.0,True,2.6954,3.1766,0.84852,12.31,0.0,97.24642,0.76095,False,0.89744,87.27261,0.84792,0.92554,True,0.07446,False
2016-12-13,Public dataset: NREL PVDAQ (Photovoltaic Data Acquisition) via OEDI data lake,92.0,True,2.6911,3.1274,0.86049,12.38,0.0,97.27931,0.94573,True,0.89615,87.17655,1.05533,0.92554,True,0.07446,False
2016-12-14,Public dataset: NREL PVDAQ (Photovoltaic Data Acquisition) via OEDI data lake,37.0,True,2.2128,3.1824,0.69532,11.33,0.0,76.14422,0.48592,False,0.89486,68.1381,0.54301,0.92216,True,0.07784,False
2016-12-15,Public dataset: NREL PVDAQ (Photovoltaic Data Acquisition) via OEDI data lake,35.0,True,1.3858,3.0079,0.46072,13.34,1.53,43.19267,,False,0.89823,38.79687,,0.91878,True,0.08122,False
2016-12-16,Public dataset: NREL PVDAQ (Photovoltaic Data Acquisition) via OEDI data lake,83.0,True,2.2858,3.161,0.72313,12.32,2.69,79.36029,1.04586,False,0.9016,71.55127,1.16001,0.92137,True,0.07863,False
2016-12-17,Public dataset: NREL PVDAQ (Photovoltaic Data Acquisition) via OEDI data lake,112.0,True,3.4447,3.4718,0.99219,4.35,0.0,136.45091,0.82081,True,0.90497,123.48436,0.907,0.92137,True,0.07863,False
2016-12-18,Public dataset: NREL PVDAQ (Photovoltaic Data Acquisition) via OEDI data lake,110.0,True,3.3679,3.3922,0.99284,1.09,0.0,133.79267,0.82217,True,0.90835,121.52991,0.90513,0.93053,True,0.06947,False
2016-12-19,Public dataset: NREL PVDAQ (Photovoltaic Data Acquisition) via OEDI data lake,109.0,True,3.3449,3.3758,0.99085,2.07,0.0,132.26708,0.82409,True,0.91172,120.59019,0.90389,0.92702,True,0.07298,False
2016-12-20,Public dataset: NREL PVDAQ (Photovoltaic Data Acquisition) via OEDI data lake,108.0,True,3.186,3.318,0.96022,4.02,0.0,123.70488,0.87305,True,0.91509,113.20106,0.95405,0.94054,True,0.05946,False
2016-12-21,Public dataset: NREL PVDAQ (Photovoltaic Data Acquisition) via OEDI data lake,42.0,True,1.4386,3.1274,0.46,8.09,1.21,45.53111,,False,0.91846,41.81859,,0.93443,True,0.06557,False
2016-12-22,Public dataset: NREL PVDAQ (Photovoltaic Data Acquisition) via OEDI data lake,11.0,True,0.8081,3.0614,0.26396,5.46,17.87,25.99887,,False,0.92183,23.96665,,0.94183,True,0.05817,False
2016-12-23,Public dataset: NREL PVDAQ (Photovoltaic Data Acquisition) via OEDI data lake,66.0,True,1.5794,3.1205,0.50614,6.59,0.41,51.58401,1.27947,False,0.92521,47.72586,1.3829,0.94183,True,0.05817,False
2016-12-24,Public dataset: NREL PVDAQ (Photovoltaic Data Acquisition) via OEDI data lake,42.0,True,1.0363,3.2234,0.32149,6.1,14.93,32.76111,,False,0.92858,30.42127,,0.94183,True,0.05817,False
2016-12-25,Public dataset: NREL PVDAQ (Photovoltaic Data Acquisition) via OEDI data lake,110.0,True,3.1534,3.3286,0.94737,3.14,0.0,123.16094,0.89314,True,0.93195,114.77998,0.95836,0.95405,True,0.04595,False
2016-12-26,Public dataset: NREL PVDAQ (Photovoltaic Data Acquisition) via OEDI data lake,105.0,True,3.1114,3.215,0.96778,2.15,0.0,121.0981,0.86707,True,0.93532,113.26589,0.92702,0.95621,True,0.04379,False
2016-12-27,Public dataset: NREL PVDAQ (Photovoltaic Data Acquisition) via OEDI data lake,113.0,True,3.1202,3.2638,0.956,3.71,0.0,121.0558,0.93345,True,0.9387,113.63456,0.99442,0.95836,True,0.04164,False
2016-12-28,Public dataset: NREL PVDAQ (Photovoltaic Data Acquisition) via OEDI data lake,110.0,True,3.2126,3.2345,0.99323,5.5,0.0,123.97578,0.88727,True,0.94207,116.79361,0.94183,0.95939,True,0.04061,False
2016-12-29,Public dataset: NREL PVDAQ (Photovoltaic Data Acquisition) via OEDI data lake,110.0,True,3.168,3.216,0.98507,6.84,0.0,121.14117,0.90803,True,0.94544,114.53174,0.96043,0.95939,True,0.04061,False
2016-12-30,Public dataset: NREL PVDAQ (Photovoltaic Data Acquisition) via OEDI data lake,30.0,True,1.764,3.132,0.56322,7.32,1.99,57.45304,0.52217,False,0.94881,54.51216,0.55034,0.95836,True,0.04164,False
2016-12-31,Public dataset: NREL PVDAQ (Photovoltaic Data Acquisition) via OEDI data lake,34.0,True,1.6968,3.1937,0.5313,6.74,0.57,55.07768,0.61731,False,0.94881,52.2584,0.65061,0.95836,True,0.04164,False
2017-01-01,Public dataset: NREL PVDAQ (Photovoltaic Data Acquisition) via OEDI data lake,109.0,True,2.8483,3.287,0.86653,7.76,0.26,105.91551,1.02912,True,0.95218,100.85114,1.0808,0.95836,True,0.04164,False
2017-01-02,Public dataset: NREL PVDAQ (Photovoltaic Data Acquisition) via OEDI data lake,68.0,True,2.3546,3.2868,0.71638,7.17,0.01,84.53894,0.80436,False,0.95556,80.78179,0.84177,0.95113,True,0.04887,False
2017-01-03,Public dataset: NREL PVDAQ (Photovoltaic Data Acquisition) via OEDI data lake,66.0,True,2.1223,3.2189,0.65932,7.14,0.0,72.2456,0.91355,False,0.95893,69.27844,0.95268,0.96043,True,0.03957,False
2017-01-04,Public dataset: NREL PVDAQ (Photovoltaic Data Acquisition) via OEDI data lake,81.0,True,2.3131,3.133,0.7383,8.37,0.02,79.6733,1.01665,False,0.9623,76.66976,1.05648,0.96043,True,0.03957,False
2017-01-05,Public dataset: NREL PVDAQ (Photovoltaic Data Acquisition) via OEDI data lake,75.0,True,2.1535,3.2582,0.66095,10.86,0.21,73.46771,1.02086,False,0.96567,70.94586,1.05714,1.01512,False,0.0,False
2017-01-06,Public dataset: NREL PVDAQ (Photovoltaic Data Acquisition) via OEDI data lake,119.0,True,3.3979,3.5484,0.95759,1.52,0.0,133.40455,0.89202,True,0.96905,129.27519,0.92052,1.00976,False,0.0,False
2017-01-07,Public dataset: NREL PVDAQ (Photovoltaic Data Acquisition) via OEDI data lake,46.0,True,1.1506,3.2558,0.3534,3.52,0.49,36.48124,,False,0.97242,35.47504,,1.0044,False,0.0,False
2017-01-08,Public dataset: NREL PVDAQ (Photovoltaic Data Acquisition) via OEDI data lake,77.0,True,2.2925,3.2563,0.70402,7.14,0.0,79.76868,0.96529,False,0.97579,77.83756,0.98924,0.99904,True,0.00096,False
2017-01-09,Public dataset: NREL PVDAQ (Photovoltaic Data Acquisition) via OEDI data lake,81.0,True,2.2411,3.3751,0.66401,10.96,1.55,75.3476,1.07502,False,0.97916,73.7776,1.09789,0.93006,True,0.06994,False
2017-01-10,Public dataset: NREL PVDAQ (Photovoltaic Data Acquisition) via OEDI data lake,99.0,True,2.6004,3.3458,0.77721,10.09,0.0,91.15373,1.08608,False,0.98254,89.56178,1.10538,0.92826,True,0.07174,False
2017-01-11,Public dataset: NREL PVDAQ (Photovoltaic Data Acquisition) via OEDI data lake,117.0,True,3.0571,3.4627,0.88287,11.39,0.12,110.92802,1.05474,True,0.98591,109.36481,1.06981,0.93006,True,0.06994,False
2017-01-12,Public dataset: NREL PVDAQ (Photovoltaic Data Acquisition) via OEDI data lake,29.0,True,1.4021,3.396,0.41287,8.31,1.77,44.1657,,False,0.98928,43.69225,,0.93006,True,0.06994,False
2017-01-13,Public dataset: NREL PVDAQ (Photovoltaic Data Acquisition) via OEDI data lake,55.0,True,1.5821,3.4078,0.46426,7.72,3.86,51.39079,1.07023,False,0.99265,51.0132,1.07815,0.93006,True,0.06994,False
2017-01-14,Public dataset: NREL PVDAQ (Photovoltaic Data Acquisition) via OEDI data lake,61.0,True,2.3153,3.4716,0.66693,8.88,0.44,77.9868,0.78218,False,0.99602,77.67678,0.78531,0.97606,True,0.02394,False
2017-01-15,Public dataset: NREL PVDAQ (Photovoltaic Data Acquisition) via OEDI data lake,121.0,True,3.4922,3.5167,0.99303,7.7,0.0,130.42992,0.9277,True,0.9994,130.35127,0.92826,0.97606,True,0.02394,False
2017-01-16,Public dataset: NREL PVDAQ (Photovoltaic Data Acquisition) via OEDI data lake,129.0,True,3.6734,3.7387,0.98253,6.01,0.0,138.51971,0.93128,True,0.99937,138.43281,0.93186,0.97606,True,0.02394,False
2017-01-17,Public dataset: NREL PVDAQ (Photovoltaic Data Acquisition) via OEDI data lake,128.0,True,3.7282,3.7596,0.99165,5.78,0.0,140.87865,0.90858,True,0.99935,140.78683,0.90918,1.02026,False,0.0,False
2017-01-18,Public dataset: NREL PVDAQ (Photovoltaic Data Acquisition) via OEDI data lake,119.0,True,3.2042,3.678,0.87118,7.11,0.3,116.71613,1.01957,True,0.99932,116.63721,1.02026,1.024,False,0.0,False
2017-01-19,Public dataset: NREL PVDAQ (Photovoltaic Data Acquisition) via OEDI data lake,70.0,True,1.2938,3.5719,0.36222,7.51,3.69,40.41696,,False,0.9993,40.38864,,1.024,False,0.0,False
2017-01-20,Public dataset: NREL PVDAQ (Photovoltaic Data Acquisition) via OEDI data lake,16.0,True,0.6778,3.6379,0.18632,5.65,7.58,21.47436,,False,0.99928,21.45879,,1.02026,False,0.0,False
2017-01-21,Public dataset: NREL PVDAQ (Photovoltaic Data Acquisition) via OEDI data lake,135.0,True,3.4423,3.8294,0.89891,7.56,0.1,126.83672,1.06436,True,0.99925,126.74167,1.06516,1.0185,False,0.0,False
2017-01-22,Public dataset: NREL PVDAQ (Photovoltaic Data Acquisition) via OEDI data lake,16.0,True,1.0049,3.6024,0.27895,5.5,15.89,31.94589,,False,0.99923,31.92117,,1.01674,False,0.0,False
2017-01-23,Public dataset: NREL PVDAQ (Photovoltaic Data Acquisition) via OEDI data lake,108.0,True,2.4118,3.8424,0.62768,5.69,2.14,81.541,1.32449,False,0.9992,81.47592,1.32555,1.02026,False,0.0,False
2017-01-24,Public dataset: NREL PVDAQ (Photovoltaic Data Acquisition) via OEDI data lake,139.0,True,3.4747,3.971,0.87502,3.03,0.07,128.71093,1.07994,True,0.99918,128.60506,1.08083,1.02026,False,0.0,False
2017-01-25,Public dataset: NREL PVDAQ (Photovoltaic Data Acquisition) via OEDI data lake,142.0,True,3.7022,4.0133,0.92248,2.89,0.0,138.2843,1.02687,True,0.99915,138.16717,1.02774,1.0212,False,0.0,False
2017-01-26,Public dataset: NREL PVDAQ (Photovoltaic Data Acquisition) via OEDI data lake,140.0,True,3.655,3.9547,0.92422,2.99,0.0,135.31907,1.03459,True,0.99913,135.20116,1.03549,1.02447,False,0.0,False
2017-01-27,Public dataset: NREL PVDAQ (Photovoltaic Data Acquisition) via OEDI data lake,145.0,True,3.8254,4.1076,0.9313,2.51,0.0,142.74045,1.01583,True,0.9991,142.61258,1.01674,1.02447,False,0.0,False
2017-01-28,Public dataset: NREL PVDAQ (Photovoltaic Data Acquisition) via OEDI data lake,143.0,True,3.9002,4.1448,0.94099,3.93,0.0,144.30198,0.99098,True,0.99908,144.1692,0.99189,1.02774,False,0.0,False
2017-01-29,Public dataset: NREL PVDAQ (Photovoltaic Data Acquisition) via OEDI data lake,140.0,True,3.9103,4.0975,0.95431,6.63,0.0,141.77387,0.98749,True,0.99906,141.63995,0.98842,1.02447,False,0.0,False
2017-01-30,Public dataset: NREL PVDAQ (Photovoltaic Data Acquisition) via OEDI data lake,130.0,True,3.5148,4.109,0.85539,8.49,0.0,123.83568,1.04978,True,0.99903,123.71568,1.0508,1.02447,False,0.0,False
2017-01-31,Public dataset: NREL PVDAQ (Photovoltaic Data Acquisition) via OEDI data lake,132.0,True,3.9919,4.1748,0.95619,9.91,0.0,141.59675,0.93222,True,0.99901,141.45609,0.93315,1.02447,False,0.0,False
2017-02-01,Public dataset: NREL PVDAQ (Photovoltaic Data Acquisition) via OEDI data lake,136.0,True,3.8134,4.2211,0.90341,10.57,0.0,133.31231,1.02016,True,0.99898,133.17663,1.0212,1.0212,False,0.0,False
2017-02-02,Public dataset: NREL PVDAQ (Photovoltaic Data Acquisition) via OEDI data lake,122.0,True,2.9902,4.2401,0.70522,11.86,0.0,98.79271,1.23491,False,0.99896,98.68975,1.2362,1.01897,False,0.0,False
2017-02-03,Public dataset: NREL PVDAQ (Photovoltaic Data Acquisition) via OEDI data lake,134.0,True,3.409,4.1434,0.82275,12.84,0.02,114.77995,1.16745,False,0.99893,114.65753,1.1687,1.01674,False,0.0,False
2017-02-04,Public dataset: NREL PVDAQ (Photovoltaic Data Acquisition) via OEDI data lake,135.0,True,3.7627,4.2334,0.88881,11.35,0.0,130.33038,1.03583,True,0.99891,130.18818,1.03696,1.00655,False,0.0,False
2017-02-05,Public dataset: NREL PVDAQ (Photovoltaic Data Acquisition) via OEDI data lake,105.0,True,3.0871,4.1354,0.74651,11.58,0.0,102.70074,1.02239,False,0.99888,102.58618,1.02353,1.0212,False,0.0,False
2017-02-06,Public dataset: NREL PVDAQ (Photovoltaic Data Acquisition) via OEDI data lake,62.0,True,1.6867,4.2209,0.39961,11.21,0.18,51.88342,1.19499,False,0.99886,51.82428,1.19635,1.0212,False,0.0,False
2017-02-07,Public dataset: NREL PVDAQ (Photovoltaic Data Acquisition) via OEDI data lake,96.0,True,3.1855,4.2571,0.74828,13.57,0.0,104.45869,0.91902,False,0.99884,104.33708,0.92009,1.01898,False,0.0,False
2017-02-08,Public dataset: NREL PVDAQ (Photovoltaic Data Acquisition) via OEDI data lake,112.0,True,3.4584,4.3277,0.79913,14.77,0.0,114.59135,0.97739,False,0.99881,114.45515,0.97855,1.01898,False,0.0,False
2017-02-09,Public dataset: NREL PVDAQ (Photovoltaic Data Acquisition) via OEDI data lake,132.0,True,3.589,4.3246,0.8299,16.46,0.0,117.61125,1.12234,False,0.99879,117.46858,1.1237,0.99724,False,0.0,False
2017-02-10,Public dataset: NREL PVDAQ (Photovoltaic Data Acquisition) via OEDI data lake,64.0,True,1.4762,4.2041,0.35113,17.07,0.42,44.15745,,False,0.99876,44.10281,,0.99724,False,0.0,False
2017-02-11,Public dataset: NREL PVDAQ (Photovoltaic Data Acquisition) via OEDI data lake,59.0,True,1.8257,4.5871,0.39801,12.93,4.09,55.886,1.05572,False,0.99874,55.81549,1.05705,0.99724,False,0.0,False
2017-02-12,Public dataset: NREL PVDAQ (Photovoltaic Data Acquisition) via OEDI data lake,97.0,True,3.5059,4.6207,0.75874,11.42,0.63,116.40875,0.83327,False,0.99871,116.25902,0.83434,0.99724,False,0.0,False
2017-02-13,Public dataset: NREL PVDAQ (Photovoltaic Data Acquisition) via OEDI data lake,153.0,True,4.4263,4.6843,0.94492,12.11,0.0,150.34777,1.01764,True,0.99869,150.15073,1.01898,0.99724,False,0.0,False
2017-02-14,Public dataset: NREL PVDAQ (Photovoltaic Data Acquisition) via OEDI data lake,157.0,True,4.8576,4.9085,0.98963,11.72,0.0,165.8707,0.94652,True,0.99866,165.64926,0.94779,0.99724,False,0.0,False
2017-02-15,Public dataset: NREL PVDAQ (Photovoltaic Data Acquisition) via OEDI data lake,158.0,True,4.8007,4.9049,0.97876,12.43,0.0,162.18641,0.97419,True,0.99864,161.96593,0.97551,0.99724,False,0.0,False
2017-02-16,Public dataset: NREL PVDAQ (Photovoltaic Data Acquisition) via OEDI data lake,124.0,True,3.7843,4.775,0.79252,14.81,0.02,122.90028,1.00895,False,0.99829,122.69009,1.01068,0.99247,False,0.0,False
2017-02-17,Public dataset: NREL PVDAQ (Photovoltaic Data Acquisition) via OEDI data lake,31.0,True,1.0783,4.7297,0.22798,12.85,2.37,33.08961,,False,0.99794,33.02141,,0.98399,False,0.0,False
2017-02-18,Public dataset: NREL PVDAQ (Photovoltaic Data Acquisition) via OEDI data lake,15.0,True,1.3987,4.8794,0.28665,10.45,14.6,43.13651,,False,0.99759,43.03247,,0.98399,False,0.0,False
2017-02-19,Public dataset: NREL PVDAQ (Photovoltaic Data Acquisition) via OEDI data lake,98.0,True,2.7864,4.961,0.56166,10.41,0.4,87.14359,1.12458,False,0.99724,86.90284,1.1277,0.99247,False,0.0,False
2017-02-20,Public dataset: NREL PVDAQ (Photovoltaic Data Acquisition) via OEDI data lake,103.0,True,2.519,4.8454,0.51987,12.71,0.33,77.28488,1.33273,False,0.99689,77.04426,1.33689,0.99247,False,0.0,False
2017-02-21,Public dataset: NREL PVDAQ (Photovoltaic Data Acquisition) via OEDI data lake,93.0,True,3.4315,5.0146,0.6843,13.14,0.0,108.84004,0.85446,False,0.99654,108.46299,0.85744,0.99247,False,0.0,False
2017-02-22,Public dataset: NREL PVDAQ (Photovoltaic Data Acquisition) via OEDI data lake,178.0,True,5.0527,5.3534,0.94383,11.17,0.04,167.32386,1.06381,True,0.99618,166.68552,1.06788,0.99247,False,0.0,False
2017-02-23,Public dataset: NREL PVDAQ (Photovoltaic Data Acquisition) via OEDI data lake,175.0,True,5.2181,5.5176,0.94572,6.13,0.0,177.06622,0.98833,True,0.99583,176.3286,0.99247,0.99247,False,0.0,False
2017-02-24,Public dataset: NREL PVDAQ (Photovoltaic Data Acquisition) via OEDI data lake,176.0,True,5.4302,5.5145,0.98471,5.15,0.0,184.20377,0.95546,True,0.99548,183.3718,0.9598,0.99321,False,0.0,False
2017-02-25,Public dataset: NREL PVDAQ (Photovoltaic Data Acquisition) via OEDI data lake,104.0,True,3.8134,5.3354,0.71474,7.32,0.0,125.31554,0.82991,False,0.99513,124.70558,0.83396,0.99321,False,0.0,False
2017-02-26,Public dataset: NREL PVDAQ (Photovoltaic Data Acquisition) via OEDI data lake,176.0,True,5.3011,5.3966,0.9823,8.29,0.0,176.58549,0.99668,True,0.99478,175.66404,1.00191,0.99395,False,0.0,False
2017-02-27,Public dataset: NREL PVDAQ (Photovoltaic Data Acquisition) via OEDI data lake,84.0,True,3.4711,5.4295,0.6393,7.76,1.31,112.45339,0.74698,False,0.99443,111.82714,0.75116,0.99321,False,0.0,False
2017-02-28,Public dataset: NREL PVDAQ (Photovoltaic Data Acquisition) via OEDI data lake,181.0,True,5.5445,5.6933,0.97386,8.74,0.05,183.18555,0.98807,True,0.99408,182.10113,0.99395,0.99395,False,0.0,False
2017-03-01,Public dataset: NREL PVDAQ (Photovoltaic Data Acquisition) via OEDI data lake,181.0,True,5.6203,5.719,0.98274,8.08,0.0,186.0035,0.9731,True,0.99373,184.83715,0.97924,0.99321,False,0.0,False
2017-03-02,Public dataset: NREL PVDAQ (Photovoltaic Data Acquisition) via OEDI data lake,178.0,True,5.6914,5.7444,0.99077,9.83,0.0,186.07073,0.95663,True,0.99338,184.83868,0.963,0.98936,False,0.0,False
2017-03-03,Public dataset: NREL PVDAQ (Photovoltaic Data Acquisition) via OEDI data lake,180.0,True,5.6352,5.7178,0.98555,12.24,0.0,181.81906,0.99,True,0.99303,180.55139,0.99695,0.98625,False,0.0,False
2017-03-04,Public dataset: NREL PVDAQ (Photovoltaic Data Acquisition) via OEDI data lake,149.0,True,4.859,5.815,0.8356,13.82,0.0,153.79038,0.96885,False,0.99268,152.66418,0.976,0.99395,False,0.0,False
2017-03-05,Public dataset: NREL PVDAQ (Photovoltaic Data Acquisition) via OEDI data lake,160.0,True,4.927,5.7634,0.85488,11.42,0.06,155.91698,1.02619,True,0.99233,154.72051,1.03412,0.99418,False,0.0,False
2017-03-06,Public dataset: NREL PVDAQ (Photovoltaic Data Acquisition) via OEDI data lake,188.0,True,5.9674,6.0151,0.99207,7.12,0.0,196.03439,0.95902,True,0.99198,194.4613,0.96677,0.9901,False,0.0,False
2017-03-07,Public dataset: NREL PVDAQ (Photovoltaic Data Acquisition) via OEDI data lake,182.0,True,5.7199,5.8572,0.97656,10.7,0.0,184.56865,0.98608,True,0.99162,183.02283,0.99441,0.98625,False,0.0,False
2017-03-08,Public dataset: NREL PVDAQ (Photovoltaic Data Acquisition) via OEDI data lake,169.0,True,5.6035,5.8186,0.96303,15.17,0.0,176.33556,0.9584,True,0.99127,174.79683,0.96684,0.98625,False,0.0,False
2017-03-09,Public dataset: NREL PVDAQ (Photovoltaic Data Acquisition) via OEDI data lake,176.0,True,5.8116,5.8622,0.99137,18.3,0.0,180.08898,0.97729,True,0.99092,178.45432,0.98625,0.99441,False,0.0,False
2017-03-10,Public dataset: NREL PVDAQ (Photovoltaic Data Acquisition) via OEDI data lake,136.0,True,4.4033,5.9237,0.74334,19.38,0.0,133.65642,1.01753,False,0.99057,132.39634,1.02722,0.99441,False,0.0,False
2017-03-11,Public dataset: NREL PVDAQ (Photovoltaic Data Acquisition) via OEDI data lake,172.0,True,5.6282,5.8985,0.95417,19.79,0.0,172.35053,0.99797,True,0.99022,170.6652,1.00782,0.98625,True,0.01375,False
2017-03-12,Public dataset: NREL PVDAQ (Photovoltaic Data Acquisition) via OEDI data lake,171.0,True,5.6659,6.1418,0.92251,20.42,0.0,172.49581,0.99133,True,0.98987,170.74854,1.00147,0.98593,True,0.01407,False
2017-03-13,Public dataset: NREL PVDAQ (Photovoltaic Data Acquisition) via OEDI data lake,162.0,True,6.1253,6.1934,0.989,20.48,0.0,185.84516,0.87169,True,0.98952,183.89748,0.88093,0.98593,True,0.01407,False
2017-03-14,Public dataset: NREL PVDAQ (Photovoltaic Data Acquisition) via OEDI data lake,176.0,True,6.1517,6.1898,0.99384,21.99,0.0,185.15776,0.95054,True,0.98917,183.15233,0.96095,0.98625,True,0.01375,False
2017-03-15,Public dataset: NREL PVDAQ (Photovoltaic Data Acquisition) via OEDI data lake,159.0,True,5.2966,6.1812,0.85689,21.2,0.0,159.06779,0.99957,True,0.98882,157.28914,1.01088,0.98593,True,0.01407,False
2017-03-16,Public dataset: NREL PVDAQ (Photovoltaic Data Acquisition) via OEDI data lake,174.0,True,5.6011,6.1663,0.90834,21.49,0.0,168.02244,1.03558,True,0.98933,166.23016,1.04674,0.98625,True,0.01375,False
2017-03-17,Public dataset: NREL PVDAQ (Photovoltaic Data Acquisition) via OEDI data lake,176.0,True,6.0293,6.1882,0.97432,21.8,0.0,180.40015,0.97561,True,0.98985,178.5687,0.98562,0.98562,True,0.01438,False
2017-03-18,Public dataset: NREL PVDAQ (Photovoltaic Data Acquisition) via OEDI data lake,172.0,True,6.0022,6.3108,0.9511,22.02,0.0,177.74002,0.96771,True,0.99036,176.02707,0.97712,0.98562,True,0.01438,False
2017-03-19,Public dataset: NREL PVDAQ (Photovoltaic Data Acquisition) via OEDI data lake,171.0,True,5.9542,6.3494,0.93776,22.07,0.0,175.87278,0.97229,True,0.99088,174.26836,0.98125,0.98125,True,0.01875,False
2017-03-20,Public dataset: NREL PVDAQ (Photovoltaic Data Acquisition) via OEDI data lake,166.0,True,5.5406,6.4082,0.86461,22.21,0.0,161.86963,1.02552,True,0.99139,160.47628,1.03442,0.97918,True,0.02082,False
2017-03-21,Public dataset: NREL PVDAQ (Photovoltaic Data Acquisition) via OEDI data lake,143.0,True,4.1292,6.3422,0.65107,19.95,0.0,121.62774,1.17572,False,0.99191,120.6434,1.18531,0.97918,True,0.02082,False
2017-03-22,Public dataset: NREL PVDAQ (Photovoltaic Data Acquisition) via OEDI data lake,126.0,True,4.1784,6.5045,0.64239,16.22,0.16,125.54911,1.00359,False,0.99242,124.59767,1.01125,0.97918,True,0.02082,False
2017-03-23,Public dataset: NREL PVDAQ (Photovoltaic Data Acquisition) via OEDI data lake,164.0,True,4.9579,6.6859,0.74155,13.47,0.03,151.51736,1.08238,False,0.99294,150.44712,1.09008,0.97712,True,0.02288,False
2017-03-24,Public dataset: NREL PVDAQ (Photovoltaic Data Acquisition) via OEDI data lake,189.0,True,6.4944,6.7555,0.96135,16.09,0.0,195.76059,0.96546,True,0.99345,194.47861,0.97183,0.97448,True,0.02552,False
2017-03-25,Public dataset: NREL PVDAQ (Photovoltaic Data Acquisition) via OEDI data lake,181.0,True,5.2032,6.7704,0.76852,16.09,0.11,157.25575,1.15099,False,0.99397,156.30688,1.15798,0.96898,True,0.03102,False
2017-03-26,Public dataset: NREL PVDAQ (Photovoltaic Data Acquisition) via OEDI data lake,177.0,True,6.1063,6.7327,0.90696,15.85,0.0,184.87281,0.95741,True,0.99448,183.85247,0.96273,0.96482,True,0.03518,False
2017-03-27,Public dataset: NREL PVDAQ (Photovoltaic Data Acquisition) via OEDI data lake,144.0,True,5.3748,6.937,0.7748,15.2,0.1,161.29374,0.89278,False,0.995,160.48656,0.89727,0.96351,True,0.03649,False
2017-03-28,Public dataset: NREL PVDAQ (Photovoltaic Data Acquisition) via OEDI data lake,201.0,True,7.1338,7.164,0.99578,13.99,0.0,214.62951,0.9365,True,0.99551,213.66591,0.94072,0.96273,True,0.03727,False
2017-03-29,Public dataset: NREL PVDAQ (Photovoltaic Data Acquisition) via OEDI data lake,190.0,True,6.8546,7.0068,0.97828,16.07,0.0,204.4246,0.92944,True,0.99603,203.61205,0.93315,0.96312,True,0.03688,False
2017-03-30,Public dataset: NREL PVDAQ (Photovoltaic Data Acquisition) via OEDI data lake,153.0,True,5.059,6.8976,0.73344,16.15,0.25,149.09275,1.02621,False,0.99654,148.57688,1.02977,0.96312,True,0.03688,False
2017-03-31,Public dataset: NREL PVDAQ (Photovoltaic Data Acquisition) via OEDI data lake,92.0,True,3.6814,7.0656,0.52103,12.33,0.55,110.62879,0.83161,False,0.99705,110.30296,0.83407,0.96312,True,0.03688,False
2017-04-01,Public dataset: NREL PVDAQ (Photovoltaic Data Acquisition) via OEDI data lake,194.0,True,6.7726,7.1398,0.94857,16.35,0.0,201.29066,0.96378,True,0.99757,200.80143,0.96613,0.96312,True,0.03688,False
2017-04-02,Public dataset: NREL PVDAQ (Photovoltaic Data Acquisition) via OEDI data lake,195.0,True,6.9648,7.0658,0.98571,18.99,0.0,202.77416,0.96166,True,0.99808,202.3857,0.96351,0.96273,True,0.03727,False
2017-04-03,Public dataset: NREL PVDAQ (Photovoltaic Data Acquisition) via OEDI data lake,165.0,True,6.1027,7.2869,0.83749,15.98,1.32,181.14128,0.91089,False,0.9986,180.88752,0.91217,0.95621,True,0.04379,False
2017-04-04,Public dataset: NREL PVDAQ (Photovoltaic Data Acquisition) via OEDI data lake,191.0,True,6.787,7.4062,0.91639,14.18,0.0,202.83559,0.94165,True,0.99911,202.65585,0.94248,0.95621,True,0.04379,False
2017-04-05,Public dataset: NREL PVDAQ (Photovoltaic Data Acquisition) via OEDI data lake,197.0,True,6.7997,7.0958,0.95827,16.86,0.0,200.15132,0.98426,True,0.99963,200.07699,0.98462,0.96351,True,0.03649,False
2017-04-06,Public dataset: NREL PVDAQ (Photovoltaic Data Acquisition) via OEDI data lake,,False,5.7655,7.1729,0.80379,20.16,0.0,166.57618,,False,1.00014,166.60007,,0.96613,True,0.03387,False
2017-04-07,Public dataset: NREL PVDAQ (Photovoltaic Data Acquisition) via OEDI data lake,130.0,True,3.9427,7.219,0.54616,20.14,0.0,113.55313,1.14484,False,1.00066,113.62787,1.14409,0.96482,True,0.03518,False
2017-04-08,Public dataset: NREL PVDAQ (Photovoltaic Data Acquisition) via OEDI data lake,216.0,True,7.4052,7.4873,0.98903,16.35,0.22,216.07783,0.99964,True,1.00117,216.33128,0.99847,0.96613,True,0.03387,False
2017-04-09,Public dataset: NREL PVDAQ (Photovoltaic Data Acquisition) via OEDI data lake,207.0,True,7.4825,7.7837,0.9613,13.04,0.0,222.41839,0.93068,True,1.00169,222.79378,0.92911,0.97941,True,0.02059,False
2017-04-10,Public dataset: NREL PVDAQ (Photovoltaic Data Acquisition) via OEDI data lake,213.0,True,7.6224,7.722,0.9871,15.85,0.0,222.26459,0.95832,True,1.0022,222.75413,0.95621,0.98202,True,0.01798,False
2017-04-11,Public dataset: NREL PVDAQ (Photovoltaic Data Acquisition) via OEDI data lake,164.0,True,4.885,7.5137,0.65015,18.0,0.0,142.6877,1.14936,False,1.00272,143.07543,1.14625,0.98202,True,0.01798,False
2017-04-12,Public dataset: NREL PVDAQ (Photovoltaic Data Acquisition) via OEDI data lake,212.0,True,7.6334,7.6574,0.99687,20.11,0.0,215.75953,0.98258,True,1.00323,216.45688,0.97941,0.98202,True,0.01798,False
2017-04-13,Public dataset: NREL PVDAQ (Photovoltaic Data Acquisition) via OEDI data lake,221.0,True,7.7539,7.7861,0.99586,18.58,0.0,220.75953,1.00109,True,1.00375,221.58669,0.99735,0.97278,True,0.02722,False
2017-04-14,Public dataset: NREL PVDAQ (Photovoltaic Data Acquisition) via OEDI data lake,213.0,True,7.8643,7.8977,0.99577,17.46,0.0,225.51415,0.94451,True,1.00426,226.47521,0.9405,0.96936,True,0.03064,False
2017-04-15,Public dataset: NREL PVDAQ (Photovoltaic Data Acquisition) via OEDI data lake,216.0,True,7.5713,7.7534,0.97651,19.21,0.0,216.00781,0.99996,True,1.00478,217.03956,0.99521,0.97438,True,0.02562,False
2017-04-16,Public dataset: NREL PVDAQ (Photovoltaic Data Acquisition) via OEDI data lake,209.0,True,6.9214,7.6778,0.90148,22.49,0.0,194.85927,1.07257,True,1.00551,195.9337,1.06669,0.96775,True,0.03225,False
2017-04-17,Public dataset: NREL PVDAQ (Photovoltaic Data Acquisition) via OEDI data lake,129.0,True,3.9139,7.6531,0.51141,20.99,0.0,112.45429,1.14713,False,1.00625,113.15728,1.14001,0.96936,True,0.03064,False
2017-04-18,Public dataset: NREL PVDAQ (Photovoltaic Data Acquisition) via OEDI data lake,216.0,True,6.1728,7.5936,0.8129,21.24,0.07,175.13958,1.2333,False,1.00699,176.36359,1.22474,0.97321,True,0.02679,False
2017-04-19,Public dataset: NREL PVDAQ (Photovoltaic Data Acquisition) via OEDI data lake,213.0,True,7.8046,7.8509,0.9941,20.1,0.0,219.87105,0.96875,True,1.00773,221.56983,0.96132,0.97631,True,0.02369,False
2017-04-20,Public dataset: NREL PVDAQ (Photovoltaic Data Acquisition) via OEDI data lake,220.0,True,8.1586,8.2056,0.99427,20.75,0.0,225.7988,0.97432,True,1.00846,227.7099,0.96614,0.98211,True,0.01789,False
2017-04-21,Public dataset: NREL PVDAQ (Photovoltaic Data Acquisition) via OEDI data lake,221.0,True,8.0275,8.1017,0.99084,19.31,0.0,225.90755,0.97828,True,1.0092,227.98616,0.96936,0.98211,True,0.01789,False
2017-04-22,Public dataset: NREL PVDAQ (Photovoltaic Data Acquisition) via OEDI data lake,218.0,True,7.7659,8.0386,0.96608,20.76,0.0,217.59915,1.00184,True,1.00994,219.76179,0.99198,0.98211,True,0.01789,False
2017-04-23,Public dataset: NREL PVDAQ (Photovoltaic Data Acquisition) via OEDI data lake,190.0,True,7.3008,8.0026,0.9123,23.65,0.0,201.4816,0.94301,True,1.01068,203.63263,0.93305,0.97128,True,0.02872,False
2017-04-24,Public dataset: NREL PVDAQ (Photovoltaic Data Acquisition) via OEDI data lake,188.0,True,6.6665,8.0827,0.82479,21.83,0.0,186.40544,1.00855,False,1.01141,188.53298,0.99717,0.97128,True,0.02872,False
2017-04-25,Public dataset: NREL PVDAQ (Photovoltaic Data Acquisition) via OEDI data lake,223.0,True,8.081,8.2982,0.97383,19.72,0.0,226.38772,0.98504,True,1.01215,229.13856,0.97321,0.97269,True,0.02731,False
2017-04-26,Public dataset: NREL PVDAQ (Photovoltaic Data Acquisition) via OEDI data lake,203.0,True,7.2737,8.1204,0.89573,22.09,0.0,202.2332,1.00379,True,1.01289,204.83967,0.99102,0.97295,True,0.02705,False
2017-04-27,Public dataset: NREL PVDAQ (Photovoltaic Data Acquisition) via OEDI data lake,220.0,True,7.9022,8.2872,0.95354,21.64,0.0,218.17274,1.00838,True,1.01363,221.14553,0.99482,0.97295,True,0.02705,False
2017-04-28,Public dataset: NREL PVDAQ (Photovoltaic Data Acquisition) via OEDI data lake,238.0,True,8.1559,8.615,0.94671,16.01,0.0,231.44636,1.02832,True,1.01436,234.7707,1.01376,0.9758,True,0.0242,False
2017-04-29,Public dataset: NREL PVDAQ (Photovoltaic Data Acquisition) via OEDI data lake,233.0,True,8.5306,8.611,0.99066,16.82,0.0,238.32231,0.97767,True,1.0151,241.92117,0.96312,0.98078,True,0.01922,False
2017-04-30,Public dataset: NREL PVDAQ (Photovoltaic Data Acquisition) via OEDI data lake,227.0,True,8.4089,8.5118,0.98791,19.98,0.0,231.37576,0.98109,True,1.01584,235.04035,0.96579,0.97839,True,0.02161,False
2017-05-01,Public dataset: NREL PVDAQ (Photovoltaic Data Acquisition) via OEDI data lake,226.0,True,8.3671,8.4137,0.99446,24.01,0.0,226.12077,0.99947,True,1.01658,229.86888,0.98317,0.97839,True,0.02161,False
2017-05-02,Public dataset: NREL PVDAQ (Photovoltaic Data Acquisition) via OEDI data lake,220.0,True,8.2898,8.3316,0.99498,25.94,0.0,222.32845,0.98953,True,1.01731,226.17765,0.97269,0.98078,True,0.01922,False
2017-05-03,Public dataset: NREL PVDAQ (Photovoltaic Data Acquisition) via OEDI data lake,221.0,True,8.2498,8.4,0.98212,26.33,0.0,221.87718,0.99605,True,1.01805,225.8822,0.97839,0.98709,True,0.01291,False
2017-05-04,Public dataset: NREL PVDAQ (Photovoltaic Data Acquisition) via OEDI data lake,219.0,True,8.3904,8.4192,0.99658,26.93,0.0,222.66892,0.98352,True,1.01879,226.85244,0.96539,0.98078,True,0.01922,False
2017-05-05,Public dataset: NREL PVDAQ (Photovoltaic Data Acquisition) via OEDI data lake,201.0,True,7.2449,8.2478,0.8784,29.46,0.0,192.19933,1.04579,True,1.01953,195.95212,1.02576,0.98078,True,0.01922,False
2017-05-06,Public dataset: NREL PVDAQ (Photovoltaic Data Acquisition) via OEDI data lake,207.0,True,7.0433,8.2037,0.85855,24.61,0.08,192.41255,1.07581,True,1.02026,196.3114,1.05445,0.97638,True,0.02362,False
2017-05-07,Public dataset: NREL PVDAQ (Photovoltaic Data Acquisition) via OEDI data lake,111.0,True,5.2918,8.5668,0.61771,15.68,0.02,153.47445,0.72325,False,1.021,156.69748,0.70837,0.97638,True,0.02362,False
2017-05-08,Public dataset: NREL PVDAQ (Photovoltaic Data Acquisition) via OEDI data lake,225.0,True,8.1605,8.4317,0.96784,18.55,0.18,226.33634,0.9941,True,1.02174,231.25641,0.97295,0.98078,True,0.01922,False
2017-05-09,Public dataset: NREL PVDAQ (Photovoltaic Data Acquisition) via OEDI data lake,220.0,True,7.2456,8.2771,0.87538,18.77,1.5,202.95704,1.08397,True,1.02248,207.51857,1.06015,0.98307,True,0.01693,False
2017-05-10,Public dataset: NREL PVDAQ (Photovoltaic Data Acquisition) via OEDI data lake,232.0,True,7.8802,8.2066,0.96023,19.36,0.26,219.28589,1.05798,True,1.02321,224.37613,1.03398,0.98307,True,0.01693,False
2017-05-11,Public dataset: NREL PVDAQ (Photovoltaic Data Acquisition) via OEDI data lake,220.0,True,8.1722,8.2253,0.99354,23.65,0.0,220.50501,0.99771,True,1.02395,225.78616,0.97437,0.98775,True,0.01225,False
2017-05-12,Public dataset: NREL PVDAQ (Photovoltaic Data Acquisition) via OEDI data lake,230.0,True,8.6184,8.6568,0.99556,25.6,0.0,227.24294,1.01213,True,1.02469,232.85305,0.98775,0.98775,True,0.01225,False
2017-05-13,Public dataset: NREL PVDAQ (Photovoltaic Data Acquisition) via OEDI data lake,234.0,True,8.8918,9.0338,0.98428,21.49,0.0,238.79722,0.97991,True,1.02543,244.86867,0.95561,0.97437,True,0.02563,False
2017-05-14,Public dataset: NREL PVDAQ (Photovoltaic Data Acquisition) via OEDI data lake,238.0,True,8.9724,9.0259,0.99407,21.35,0.0,240.05883,0.99142,True,1.02616,246.3394,0.96615,0.97437,True,0.02563,False
2017-05-15,Public dataset: NREL PVDAQ (Photovoltaic Data Acquisition) via OEDI data lake,225.0,True,7.5641,8.7113,0.86831,18.39,0.0,209.60081,1.07347,True,1.0269,215.23909,1.04535,0.97404,True,0.02596,False
2017-05-16,Public dataset: NREL PVDAQ (Photovoltaic Data Acquisition) via OEDI data lake,227.0,True,8.1355,8.6225,0.94352,19.11,0.0,223.83752,1.01413,True,1.02622,229.70736,0.98821,0.98065,True,0.01935,False
2017-05-17,Public dataset: NREL PVDAQ (Photovoltaic Data Acquisition) via OEDI data lake,170.0,True,7.6498,8.8622,0.86319,19.49,0.01,210.33273,0.80824,True,1.02555,215.70617,0.78811,0.97404,True,0.02596,False
2017-05-18,Public dataset: NREL PVDAQ (Photovoltaic Data Acquisition) via OEDI data lake,186.0,True,7.02,8.898,0.78894,17.35,0.0,195.28778,0.95244,False,1.02487,200.14477,0.92933,0.97404,True,0.02596,False
2017-05-19,Public dataset: NREL PVDAQ (Photovoltaic Data Acquisition) via OEDI data lake,233.0,True,8.891,8.9213,0.9966,19.36,0.0,241.20773,0.96597,True,1.02419,247.04364,0.94315,0.96993,True,0.03007,False
2017-05-20,Public dataset: NREL PVDAQ (Photovoltaic Data Acquisition) via OEDI data lake,227.0,True,8.657,8.706,0.99437,23.31,0.0,230.99949,0.98269,True,1.02352,236.43218,0.96011,0.96993,True,0.03007,False
2017-05-21,Public dataset: NREL PVDAQ (Photovoltaic Data Acquisition) via OEDI data lake,220.0,True,7.8595,8.5114,0.92341,28.27,0.0,207.26355,1.06145,True,1.02284,211.99782,1.03775,0.96993,True,0.03007,False
2017-05-22,Public dataset: NREL PVDAQ (Photovoltaic Data Acquisition) via OEDI data lake,220.0,True,8.4204,8.7014,0.96771,28.02,0.0,221.03968,0.9953,True,1.02217,225.93911,0.97371,0.96867,True,0.03133,False
2017-05-23,Public dataset: NREL PVDAQ (Photovoltaic Data Acquisition) via OEDI data lake,222.0,True,8.4941,8.5462,0.9939,29.36,0.0,220.20881,1.00813,True,1.02149,224.94089,0.98693,0.96363,True,0.03637,False
2017-05-24,Public dataset: NREL PVDAQ (Photovoltaic Data Acquisition) via OEDI data lake,191.0,True,8.0345,8.7182,0.92158,31.19,0.0,206.35712,0.92558,True,1.02081,210.65196,0.90671,0.96264,True,0.03736,False
2017-05-25,Public dataset: NREL PVDAQ (Photovoltaic Data Acquisition) via OEDI data lake,224.0,True,8.5462,8.9772,0.95199,27.79,0.0,223.17484,1.0037,True,1.02014,227.66875,0.98389,0.96817,True,0.03183,False
2017-05-26,Public dataset: NREL PVDAQ (Photovoltaic Data Acquisition) via OEDI data lake,230.0,True,8.9638,9.0221,0.99354,24.16,0.0,236.74681,0.9715,True,1.01946,241.35388,0.95296,0.96713,True,0.03287,False
2017-05-27,Public dataset: NREL PVDAQ (Photovoltaic Data Acquisition) via OEDI data lake,225.0,True,8.5997,8.9513,0.96072,26.01,0.0,226.41076,0.99377,True,1.01878,230.66355,0.97545,0.97272,True,0.02728,False
2017-05-28,Public dataset: NREL PVDAQ (Photovoltaic Data Acquisition) via OEDI data lake,228.0,True,8.957,9.0137,0.99371,27.46,0.0,232.39759,0.98108,True,1.01811,236.60564,0.96363,0.97371,True,0.02629,False
2017-05-29,Public dataset: NREL PVDAQ (Photovoltaic Data Acquisition) via OEDI data lake,220.0,True,8.7482,8.982,0.97397,30.09,0.0,224.85532,0.97841,True,1.01743,228.77472,0.96164,0.97272,True,0.02728,False
2017-05-30,Public dataset: NREL PVDAQ (Photovoltaic Data Acquisition) via OEDI data lake,190.0,True,6.8167,8.7235,0.78142,30.84,0.0,179.24958,1.05997,False,1.01675,182.2528,1.04251,0.96713,True,0.03287,False
2017-05-31,Public dataset: NREL PVDAQ (Photovoltaic Data Acquisition) via OEDI data lake,173.0,True,6.0,8.7758,0.6837,28.45,0.0,161.41676,1.07176,False,1.01608,164.01202,1.0548,0.96363,True,0.03637,False
2017-06-01,Public dataset: NREL PVDAQ (Photovoltaic Data Acquisition) via OEDI data lake,226.0,True,8.8387,8.8814,0.99519,27.83,0.0,228.81477,0.9877,True,1.0154,232.33889,0.97272,0.96538,True,0.03462,False
2017-06-02,Public dataset: NREL PVDAQ (Photovoltaic Data Acquisition) via OEDI data lake,222.0,True,8.7859,8.8135,0.99687,28.9,0.0,226.21373,0.98137,True,1.01473,229.54478,0.96713,0.96538,True,0.03462,False
2017-06-03,Public dataset: NREL PVDAQ (Photovoltaic Data Acquisition) via OEDI data lake,215.0,True,8.4778,8.8128,0.96199,31.77,0.0,215.84751,0.99607,True,1.01405,218.87993,0.98227,0.96538,True,0.03462,False
2017-06-04,Public dataset: NREL PVDAQ (Photovoltaic Data Acquisition) via OEDI data lake,221.0,True,8.8853,8.9249,0.99556,32.16,0.0,223.96748,0.98675,True,1.01337,226.96249,0.97373,0.96538,True,0.03462,False
2017-06-05,Public dataset: NREL PVDAQ (Photovoltaic Data Acquisition) via OEDI data lake,225.0,True,9.198,9.4104,0.97743,31.75,0.0,230.84463,0.97468,True,1.0127,233.77546,0.96246,0.9648,True,0.0352,False
2017-06-06,Public dataset: NREL PVDAQ (Photovoltaic Data Acquisition) via OEDI data lake,215.0,True,8.8476,8.9635,0.98707,32.01,0.0,223.08666,0.96375,True,1.01202,225.76811,0.9523,0.96545,True,0.03455,False
2017-06-07,Public dataset: NREL PVDAQ (Photovoltaic Data Acquisition) via OEDI data lake,217.0,True,8.8495,9.0221,0.98087,31.01,0.0,224.74151,0.96555,True,1.01134,227.29084,0.95472,0.96713,True,0.03287,False
2017-06-08,Public dataset: NREL PVDAQ (Photovoltaic Data Acquisition) via OEDI data lake,187.0,True,7.0207,9.2066,0.76257,30.21,0.0,184.1025,1.01574,False,1.01067,186.06632,1.00502,0.96924,True,0.03076,False
2017-06-09,Public dataset: NREL PVDAQ (Photovoltaic Data Acquisition) via OEDI data lake,228.0,True,8.9894,9.0384,0.99458,28.78,0.0,230.29468,0.99004,True,1.00999,232.59547,0.98024,0.96924,True,0.03076,False
2017-06-10,Public dataset: NREL PVDAQ (Photovoltaic Data Acquisition) via OEDI data lake,197.0,True,8.0563,9.0427,0.89092,26.0,0.0,212.01584,0.92918,True,1.00931,213.9906,0.9206,0.97019,True,0.02981,False
2017-06-11,Public dataset: NREL PVDAQ (Photovoltaic Data Acquisition) via OEDI data lake,238.0,True,9.1138,9.191,0.9916,23.17,0.0,238.50366,0.99789,True,1.00864,240.56382,0.98934,0.97019,True,0.02981,False
2017-06-12,Public dataset: NREL PVDAQ (Photovoltaic Data Acquisition) via OEDI data lake,236.0,True,9.1963,9.2736,0.99166,20.26,0.0,244.53343,0.9651,True,1.00796,246.48028,0.95748,0.97019,True,0.02981,False
2017-06-13,Public dataset: NREL PVDAQ (Photovoltaic Data Acquisition) via OEDI data lake,232.0,True,9.1651,9.2105,0.99507,24.66,0.0,238.98114,0.97079,True,1.00729,240.72214,0.96377,0.97148,True,0.02852,False
2017-06-14,Public dataset: NREL PVDAQ (Photovoltaic Data Acquisition) via OEDI data lake,228.0,True,9.1246,9.1546,0.99672,28.75,0.0,233.12178,0.97803,True,1.00661,234.66242,0.97161,0.97593,True,0.02407,False
2017-06-15,Public dataset: NREL PVDAQ (Photovoltaic Data Acquisition) via OEDI data lake,225.0,True,9.1918,9.2167,0.9973,31.71,0.0,230.27171,0.97711,True,1.00593,231.63776,0.97134,0.97593,True,0.02407,False
2017-06-16,Public dataset: NREL PVDAQ (Photovoltaic Data Acquisition) via OEDI data lake,222.0,True,8.9484,8.9846,0.99597,32.89,0.0,223.8202,0.99187,True,1.00701,225.38885,0.98496,0.97161,True,0.02839,False
2017-06-17,Public dataset: NREL PVDAQ (Photovoltaic Data Acquisition) via OEDI data lake,217.0,True,8.9753,9.024,0.9946,34.6,0.0,222.13633,0.97688,True,1.00808,223.93222,0.96904,0.97161,True,0.02839,False
2017-06-18,Public dataset: NREL PVDAQ (Photovoltaic Data Acquisition) via OEDI data lake,213.0,True,8.309,8.6405,0.96163,35.86,0.0,208.30084,1.02256,True,1.00916,210.20904,1.01328,0.98372,True,0.01628,False
2017-06-19,Public dataset: NREL PVDAQ (Photovoltaic Data Acquisition) via OEDI data lake,206.0,True,7.6502,8.6004,0.88952,37.32,0.0,191.88353,1.07357,True,1.01024,193.84783,1.06269,0.98372,True,0.01628,False
2017-06-20,Public dataset: NREL PVDAQ (Photovoltaic Data Acquisition) via OEDI data lake,207.0,True,8.3266,8.5003,0.97957,38.1,0.0,205.67814,1.00643,True,1.01131,208.00499,0.99517,0.98372,True,0.01628,False
2017-06-21,Public dataset: NREL PVDAQ (Photovoltaic Data Acquisition) via OEDI data lake,218.0,True,8.957,9.007,0.99445,37.24,0.0,218.89657,0.9959,True,1.01239,221.60852,0.98372,0.98434,True,0.01566,False
2017-06-22,Public dataset: NREL PVDAQ (Photovoltaic Data Acquisition) via OEDI data lake,219.0,True,9.2345,9.257,0.99757,36.94,0.0,225.51594,0.97111,True,1.01347,228.55259,0.9582,0.98496,True,0.01504,False
2017-06-23,Public dataset: NREL PVDAQ (Photovoltaic Data Acquisition) via OEDI data lake,212.0,True,8.7629,9.0228,0.9712,36.46,0.0,217.44038,0.97498,True,1.01454,220.60228,0.96101,0.98496,True,0.01504,False
2017-06-24,Public dataset: NREL PVDAQ (Photovoltaic Data Acquisition) via OEDI data lake,211.0,True,8.2622,8.7528,0.94395,36.93,0.0,205.9578,1.02448,True,1.01562,209.17438,1.00873,0.98372,True,0.01628,False
2017-06-25,Public dataset: NREL PVDAQ (Photovoltaic Data Acquisition) via OEDI data lake,203.0,True,8.0921,8.9611,0.90303,37.06,0.0,202.1604,1.00415,True,1.01669,205.53522,0.98767,0.98372,True,0.01628,False
2017-06-26,Public dataset: NREL PVDAQ (Photovoltaic Data Acquisition) via OEDI data lake,226.0,True,9.0355,9.2266,0.97929,34.24,0.0,224.69731,1.0058,True,1.01777,228.69016,0.98824,0.96953,True,0.03047,False
2017-06-27,Public dataset: NREL PVDAQ (Photovoltaic Data Acquisition) via OEDI data lake,220.0,True,9.0103,9.1018,0.98995,33.29,0.0,224.48522,0.98002,True,1.01885,228.71587,0.96189,0.96953,True,0.03047,False
2017-06-28,Public dataset: NREL PVDAQ (Photovoltaic Data Acquisition) via OEDI data lake,,False,9.4433,9.5594,0.98785,32.93,0.0,234.37497,,False,1.01992,239.04424,,0.96914,True,0.03086,False
2017-06-29,Public dataset: NREL PVDAQ (Photovoltaic Data Acquisition) via OEDI data lake,,False,9.307,9.3526,0.99512,32.75,0.0,231.60412,,False,1.021,236.46741,,0.96914,True,0.03086,False
2017-06-30,Public dataset: NREL PVDAQ (Photovoltaic Data Acquisition) via OEDI data lake,219.0,True,8.7929,8.8426,0.99438,33.4,0.0,221.09254,0.99054,True,1.02207,225.97304,0.96914,0.96953,True,0.03047,False
2017-07-01,Public dataset: NREL PVDAQ (Photovoltaic Data Acquisition) via OEDI data lake,215.0,True,8.9158,8.9779,0.99308,34.28,0.0,221.65617,0.96997,True,1.02315,226.78765,0.94802,0.9747,True,0.0253,False
2017-07-02,Public dataset: NREL PVDAQ (Photovoltaic Data Acquisition) via OEDI data lake,219.0,True,8.7454,8.7667,0.99757,32.46,0.0,220.82644,0.99173,True,1.02423,226.17635,0.96827,0.96953,True,0.03047,False
2017-07-03,Public dataset: NREL PVDAQ (Photovoltaic Data Acquisition) via OEDI data lake,220.0,True,8.773,8.8284,0.99372,32.23,0.0,221.31527,0.99406,True,1.0253,226.91519,0.96953,0.96933,True,0.03067,False
2017-07-04,Public dataset: NREL PVDAQ (Photovoltaic Data Acquisition) via OEDI data lake,221.0,True,8.7689,8.9023,0.98502,33.52,0.0,219.74204,1.00572,True,1.02638,225.53862,0.97988,0.96914,True,0.03086,False
2017-07-05,Public dataset: NREL PVDAQ (Photovoltaic Data Acquisition) via OEDI data lake,205.0,True,8.2502,8.8363,0.93367,35.26,0.0,206.71263,0.99171,True,1.02746,212.38796,0.96521,0.96933,True,0.03067,False
2017-07-06,Public dataset: NREL PVDAQ (Photovoltaic Data Acquisition) via OEDI data lake,208.0,True,8.0088,8.5368,0.93815,37.39,0.0,200.51605,1.03732,True,1.02853,206.23704,1.00855,0.96953,True,0.03047,False
2017-07-07,Public dataset: NREL PVDAQ (Photovoltaic Data Acquisition) via OEDI data lake,206.0,True,7.2221,8.4521,0.85447,37.85,0.08,184.06171,1.11919,True,1.02961,189.51131,1.08701,0.96933,True,0.03067,False
2017-07-08,Public dataset: NREL PVDAQ (Photovoltaic Data Acquisition) via OEDI data lake,170.0,True,6.3324,8.0306,0.78853,37.17,0.0,162.50857,1.0461,False,1.03068,167.49492,1.01496,0.9689,True,0.0311,False
2017-07-09,Public dataset: NREL PVDAQ (Photovoltaic Data Acquisition) via OEDI data lake,170.0,True,6.0175,7.9334,0.7585,33.34,0.07,158.63985,1.07161,False,1.03176,163.67821,1.03862,0.9689,True,0.0311,False
2017-07-10,Public dataset: NREL PVDAQ (Photovoltaic Data Acquisition) via OEDI data lake,133.0,True,6.203,7.8598,0.78921,34.38,0.17,162.07628,0.8206,False,1.03284,167.3982,0.79451,0.96737,True,0.03263,False
2017-07-11,Public dataset: NREL PVDAQ (Photovoltaic Data Acquisition) via OEDI data lake,176.0,True,6.3835,8.1101,0.7871,34.19,0.17,166.42509,1.05753,False,1.03391,172.0689,1.02285,0.96405,True,0.03595,False
2017-07-12,Public dataset: NREL PVDAQ (Photovoltaic Data Acquisition) via OEDI data lake,211.0,True,6.8714,8.1583,0.84226,35.27,0.6,177.43567,1.18916,False,1.03499,183.64382,1.14896,0.96288,True,0.03712,False
2017-07-13,Public dataset: NREL PVDAQ (Photovoltaic Data Acquisition) via OEDI data lake,207.0,True,7.6375,8.3479,0.9149,35.65,0.01,194.55639,1.06396,True,1.03606,201.57294,1.02692,0.96283,True,0.03717,False
2017-07-14,Public dataset: NREL PVDAQ (Photovoltaic Data Acquisition) via OEDI data lake,207.0,True,8.412,8.502,0.98941,36.27,0.0,210.71806,0.98236,True,1.03714,218.54423,0.94718,0.96283,True,0.03717,False
2017-07-15,Public dataset: NREL PVDAQ (Photovoltaic Data Acquisition) via OEDI data lake,210.0,True,8.4271,8.5186,0.98926,37.28,0.0,210.0875,0.99958,True,1.03822,218.11633,0.96279,0.96283,True,0.03717,False
2017-07-16,Public dataset: NREL PVDAQ (Photovoltaic Data Acquisition) via OEDI data lake,198.0,True,7.7604,8.2243,0.94359,35.47,0.36,198.17928,0.9991,True,1.03761,205.63324,0.96288,0.96288,True,0.03712,False
2017-07-17,Public dataset: NREL PVDAQ (Photovoltaic Data Acquisition) via OEDI data lake,176.0,True,7.2816,8.1907,0.88901,35.5,0.15,187.01037,0.94112,True,1.03701,193.93122,0.90754,0.96288,True,0.03712,False
2017-07-18,Public dataset: NREL PVDAQ (Photovoltaic Data Acquisition) via OEDI data lake,187.0,True,8.0014,8.5255,0.93853,34.48,0.97,205.30607,0.91084,True,1.0364,212.77992,0.87884,0.96288,True,0.03712,False
2017-07-19,Public dataset: NREL PVDAQ (Photovoltaic Data Acquisition) via OEDI data lake,86.0,True,5.443,7.9656,0.68331,28.79,6.97,149.37741,0.57572,False,1.0358,154.72498,0.55582,0.96288,True,0.03712,False
2017-07-20,Public dataset: NREL PVDAQ (Photovoltaic Data Acquisition) via OEDI data lake,131.0,True,6.9118,8.3892,0.82389,28.69,0.2,186.06803,0.70404,False,1.03519,192.61663,0.68011,0.9733,True,0.0267,False
2017-07-21,Public dataset: NREL PVDAQ (Photovoltaic Data Acquisition) via OEDI data lake,212.0,True,8.105,8.3371,0.97216,32.34,0.0,208.30132,1.01776,True,1.03459,215.50652,0.98373,0.96299,True,0.03701,False
2017-07-22,Public dataset: NREL PVDAQ (Photovoltaic Data Acquisition) via OEDI data lake,207.0,True,7.6121,8.0671,0.9436,34.82,0.0,195.6578,1.05797,True,1.03399,202.3074,1.0232,0.97342,True,0.02658,False
2017-07-23,Public dataset: NREL PVDAQ (Photovoltaic Data Acquisition) via OEDI data lake,208.0,True,7.5511,8.1797,0.92315,35.33,0.18,194.32581,1.07037,True,1.03338,200.8127,1.03579,0.9868,True,0.0132,False
2017-07-24,Public dataset: NREL PVDAQ (Photovoltaic Data Acquisition) via OEDI data lake,124.0,True,3.9463,7.8578,0.50221,31.83,1.73,107.16459,1.1571,False,1.03278,110.67714,1.12038,0.9868,True,0.0132,False
2017-07-25,Public dataset: NREL PVDAQ (Photovoltaic Data Acquisition) via OEDI data lake,126.0,True,5.2382,7.8715,0.66546,27.94,11.9,144.54583,0.8717,False,1.03217,149.19627,0.84453,0.99864,False,0.0,False
2017-07-26,Public dataset: NREL PVDAQ (Photovoltaic Data Acquisition) via OEDI data lake,196.0,True,6.5962,7.8802,0.83706,30.38,0.6,176.82076,1.10847,False,1.03157,182.40271,1.07455,1.01531,False,0.0,False
2017-07-27,Public dataset: NREL PVDAQ (Photovoltaic Data Acquisition) via OEDI data lake,204.0,True,7.3392,8.2154,0.89335,33.37,0.17,192.19014,1.06145,True,1.03096,198.14111,1.02957,1.01531,False,0.0,False
2017-07-28,Public dataset: NREL PVDAQ (Photovoltaic Data Acquisition) via OEDI data lake,208.0,True,8.1684,8.4365,0.96822,34.18,0.0,209.60522,0.99234,True,1.03036,215.96875,0.9631,1.01531,False,0.0,False
2017-07-29,Public dataset: NREL PVDAQ (Photovoltaic Data Acquisition) via OEDI data lake,207.0,True,7.2086,7.9836,0.90293,32.97,0.54,188.97831,1.09536,True,1.02976,194.60141,1.06371,1.02088,False,0.0,False
2017-07-30,Public dataset: NREL PVDAQ (Photovoltaic Data Acquisition) via OEDI data lake,187.0,True,7.0022,8.028,0.87222,33.57,0.01,183.56419,1.01872,True,1.02915,188.91524,0.98986,1.01856,False,0.0,False
2017-07-31,Public dataset: NREL PVDAQ (Photovoltaic Data Acquisition) via OEDI data lake,168.0,True,7.2554,8.0143,0.90531,34.42,0.5,189.4392,0.88683,True,1.02855,194.84702,0.86221,1.01856,False,0.0,False
2017-08-01,Public dataset: NREL PVDAQ (Photovoltaic Data Acquisition) via OEDI data lake,197.0,True,7.3442,8.1341,0.90289,35.91,0.01,190.23312,1.03557,True,1.02794,195.54863,1.00742,1.01299,False,0.0,False
2017-08-02,Public dataset: NREL PVDAQ (Photovoltaic Data Acquisition) via OEDI data lake,202.0,True,7.1167,7.7083,0.92325,33.85,0.16,187.53065,1.07716,True,1.02734,192.6573,1.04849,1.00742,False,0.0,False
2017-08-03,Public dataset: NREL PVDAQ (Photovoltaic Data Acquisition) via OEDI data lake,163.0,True,6.3929,7.6618,0.83439,30.85,1.21,173.08745,0.94172,False,1.02673,177.71465,0.9172,1.00705,False,0.0,False
2017-08-04,Public dataset: NREL PVDAQ (Photovoltaic Data Acquisition) via OEDI data lake,116.0,True,3.9005,7.4827,0.52127,30.15,3.5,107.90181,1.07505,False,1.02613,110.72116,1.04768,1.00668,False,0.0,False
2017-08-05,Public dataset: NREL PVDAQ (Photovoltaic Data Acquisition) via OEDI data lake,200.0,True,7.1592,7.4306,0.96348,30.76,0.33,191.46866,1.04456,True,1.02552,196.35581,1.01856,1.00742,False,0.0,False
2017-08-06,Public dataset: NREL PVDAQ (Photovoltaic Data Acquisition) via OEDI data lake,193.0,True,6.1486,7.4988,0.81994,32.2,0.0,164.77296,1.17131,False,1.02492,168.87913,1.14283,1.00668,False,0.0,False
2017-08-07,Public dataset: NREL PVDAQ (Photovoltaic Data Acquisition) via OEDI data lake,204.0,True,6.8342,7.6882,0.88892,33.36,0.0,182.07784,1.1204,True,1.02432,186.5052,1.0938,1.00742,False,0.0,False
2017-08-08,Public dataset: NREL PVDAQ (Photovoltaic Data Acquisition) via OEDI data lake,208.0,True,7.7314,8.0119,0.96499,33.58,0.0,201.83465,1.03055,True,1.02371,206.62042,1.00668,1.00742,False,0.0,False
2017-08-09,Public dataset: NREL PVDAQ (Photovoltaic Data Acquisition) via OEDI data lake,207.0,True,7.9541,8.1278,0.97863,33.71,0.0,206.52684,1.00229,True,1.02311,211.29905,0.97965,1.00668,False,0.0,False
2017-08-10,Public dataset: NREL PVDAQ (Photovoltaic Data Acquisition) via OEDI data lake,202.0,True,8.075,8.1624,0.98929,34.04,0.0,208.68241,0.96798,True,1.0225,213.3783,0.94668,0.98756,False,0.0,False
2017-08-11,Public dataset: NREL PVDAQ (Photovoltaic Data Acquisition) via OEDI data lake,152.0,True,6.4915,7.7609,0.83644,33.53,0.82,172.49947,0.88116,False,1.0219,176.2769,0.86228,0.99712,False,0.0,False
2017-08-12,Public dataset: NREL PVDAQ (Photovoltaic Data Acquisition) via OEDI data lake,196.0,True,7.1429,7.9663,0.89664,34.71,2.18,188.23042,1.04128,True,1.02129,192.23856,1.01957,0.98756,False,0.0,False
2017-08-13,Public dataset: NREL PVDAQ (Photovoltaic Data Acquisition) via OEDI data lake,209.0,True,8.0398,8.1233,0.98972,32.61,0.03,210.96249,0.9907,True,1.02069,215.32719,0.97062,0.98622,False,0.0,False
2017-08-14,Public dataset: NREL PVDAQ (Photovoltaic Data Acquisition) via OEDI data lake,207.0,True,7.5569,7.9944,0.94527,31.09,0.0,200.637,1.03171,True,1.02009,204.66681,1.0114,0.98622,False,0.0,False
2017-08-15,Public dataset: NREL PVDAQ (Photovoltaic Data Acquisition) via OEDI data lake,201.0,True,7.5096,7.6649,0.97974,29.91,0.0,202.18569,0.99414,True,1.01948,206.12441,0.97514,0.98622,False,0.0,False
2017-08-16,Public dataset: NREL PVDAQ (Photovoltaic Data Acquisition) via OEDI data lake,204.0,True,7.5715,7.6418,0.9908,30.1,0.0,203.0401,1.00473,True,1.01877,206.85111,0.98622,0.98477,False,0.0,False
2017-08-17,Public dataset: NREL PVDAQ (Photovoltaic Data Acquisition) via OEDI data lake,201.0,True,7.507,7.8127,0.96087,31.9,0.0,199.92108,1.0054,True,1.01806,203.53142,0.98756,0.98477,False,0.0,False
2017-08-18,Public dataset: NREL PVDAQ (Photovoltaic Data Acquisition) via OEDI data lake,201.0,True,7.3188,7.649,0.95683,32.33,0.0,194.36652,1.03413,True,1.01735,197.73837,1.01649,0.98689,False,0.0,False
2017-08-19,Public dataset: NREL PVDAQ (Photovoltaic Data Acquisition) via OEDI data lake,199.0,True,7.693,7.7362,0.99442,32.29,0.0,203.54256,0.97768,True,1.01664,206.92888,0.96168,0.98756,False,0.0,False
2017-08-20,Public dataset: NREL PVDAQ (Photovoltaic Data Acquisition) via OEDI data lake,196.0,True,7.3642,7.4966,0.98234,32.32,0.0,196.20074,0.99898,True,1.01593,199.32543,0.98332,0.98689,False,0.0,False
2017-08-21,Public dataset: NREL PVDAQ (Photovoltaic Data Acquisition) via OEDI data lake,135.0,True,4.7501,7.1484,0.6645,30.48,1.2,130.90475,1.03128,False,1.01522,132.89647,1.01583,0.98756,False,0.0,False
2017-08-22,Public dataset: NREL PVDAQ (Photovoltaic Data Acquisition) via OEDI data lake,202.0,True,6.906,7.4064,0.93244,31.07,0.0,187.58699,1.07683,True,1.0145,190.30777,1.06144,0.98689,False,0.0,False
2017-08-23,Public dataset: NREL PVDAQ (Photovoltaic Data Acquisition) via OEDI data lake,119.0,True,5.5963,7.4107,0.75516,33.08,0.47,151.38574,0.78607,False,1.01379,153.47383,0.77538,0.98756,False,0.0,False
2017-08-24,Public dataset: NREL PVDAQ (Photovoltaic Data Acquisition) via OEDI data lake,151.0,True,6.3281,7.2043,0.87838,28.22,5.33,175.94351,0.85823,True,1.01308,178.24524,0.84715,1.01649,False,0.0,False
2017-08-25,Public dataset: NREL PVDAQ (Photovoltaic Data Acquisition) via OEDI data lake,196.0,True,6.6161,7.278,0.90905,31.31,0.0,180.3197,1.08696,True,1.01237,182.5505,1.07368,1.02887,False,0.0,False
2017-08-26,Public dataset: NREL PVDAQ (Photovoltaic Data Acquisition) via OEDI data lake,195.0,True,6.4498,7.2874,0.88506,33.92,0.08,174.26659,1.11898,True,1.01166,176.2986,1.10608,1.02887,False,0.0,False
2017-08-27,Public dataset: NREL PVDAQ (Photovoltaic Data Acquisition) via OEDI data lake,186.0,True,5.9052,7.3414,0.80437,35.24,0.0,158.80443,1.17125,False,1.01095,160.54325,1.15857,1.02887,False,0.0,False
2017-08-28,Public dataset: NREL PVDAQ (Photovoltaic Data Acquisition) via OEDI data lake,176.0,True,6.0806,7.2958,0.83344,35.46,0.03,163.46793,1.07666,False,1.01024,165.14159,1.06575,1.02887,False,0.0,False
2017-08-29,Public dataset: NREL PVDAQ (Photovoltaic Data Acquisition) via OEDI data lake,166.0,True,5.3549,6.9122,0.7747,34.2,0.95,145.62221,1.13994,False,1.00953,147.00964,1.12918,1.02887,False,0.0,False
2017-08-30,Public dataset: NREL PVDAQ (Photovoltaic Data Acquisition) via OEDI data lake,170.0,True,5.1408,6.8402,0.75156,34.14,0.18,139.67637,1.2171,False,1.00882,140.90785,1.20646,1.0164,False,0.0,False
2017-08-31,Public dataset: NREL PVDAQ (Photovoltaic Data Acquisition) via OEDI data lake,184.0,True,5.9844,6.7222,0.89024,31.11,0.51,167.56223,1.0981,True,1.00811,168.92044,1.08927,1.00394,False,0.0,False
2017-09-01,Public dataset: NREL PVDAQ (Photovoltaic Data Acquisition) via OEDI data lake,188.0,True,6.6542,6.8222,0.97537,32.75,0.17,181.38359,1.03648,True,1.00739,182.72488,1.02887,1.0164,False,0.0,False
2017-09-02,Public dataset: NREL PVDAQ (Photovoltaic Data Acquisition) via OEDI data lake,186.0,True,6.7702,6.9602,0.9727,33.36,0.61,184.04058,1.01065,True,1.00668,185.27067,1.00394,1.00394,False,0.0,False
2017-09-03,Public dataset: NREL PVDAQ (Photovoltaic Data Acquisition) via OEDI data lake,163.0,True,6.1392,6.57,0.93443,33.05,0.01,169.37754,0.96235,True,1.00597,170.38921,0.95663,1.00394,False,0.0,False
2017-09-04,Public dataset: NREL PVDAQ (Photovoltaic Data Acquisition) via OEDI data lake,142.0,True,6.1471,6.822,0.90107,33.72,0.02,168.47363,0.84286,True,1.00526,169.36012,0.83845,1.00912,False,0.0,False
2017-09-05,Public dataset: NREL PVDAQ (Photovoltaic Data Acquisition) via OEDI data lake,151.0,True,5.3762,6.5774,0.81737,34.12,0.02,146.47369,1.0309,False,1.00455,147.14029,1.02623,1.0143,False,0.0,False
2017-09-06,Public dataset: NREL PVDAQ (Photovoltaic Data Acquisition) via OEDI data lake,122.0,True,4.6354,6.623,0.69989,32.26,0.79,128.05833,0.95269,False,1.00384,128.55008,0.94905,1.0143,False,0.0,False
2017-09-07,Public dataset: NREL PVDAQ (Photovoltaic Data Acquisition) via OEDI data lake,136.0,True,5.7118,6.6029,0.86504,31.19,1.8,158.40575,0.85855,True,1.00313,158.90142,0.85588,1.01644,False,0.0,False
2017-09-08,Public dataset: NREL PVDAQ (Photovoltaic Data Acquisition) via OEDI data lake,113.0,True,4.1518,6.4601,0.64268,27.97,1.38,118.03626,0.95733,False,1.00242,118.3217,0.95502,1.01644,False,0.0,False
2017-09-09,Public dataset: NREL PVDAQ (Photovoltaic Data Acquisition) via OEDI data lake,145.0,True,5.2673,6.5928,0.79895,24.07,11.16,153.58374,0.94411,False,1.00171,153.84594,0.9425,1.00912,False,0.0,False
2017-09-10,Public dataset: NREL PVDAQ (Photovoltaic Data Acquisition) via OEDI data lake,186.0,True,6.4258,6.5587,0.97974,27.76,0.01,183.19454,1.01531,True,1.001,183.37706,1.0143,1.01644,False,0.0,False
2017-09-11,Public dataset: NREL PVDAQ (Photovoltaic Data Acquisition) via OEDI data lake,175.0,True,5.6815,6.5378,0.86902,31.16,0.02,159.23294,1.09902,True,1.00029,159.27838,1.09871,1.01644,False,0.0,False
2017-09-12,Public dataset: NREL PVDAQ (Photovoltaic Data Acquisition) via OEDI data lake,180.0,True,6.0461,6.5446,0.92383,31.61,0.0,169.2914,1.06326,True,0.99957,169.21936,1.06371,1.01644,False,0.0,False
2017-09-13,Public dataset: NREL PVDAQ (Photovoltaic Data Acquisition) via OEDI data lake,160.0,True,5.0527,6.5678,0.76931,30.67,0.38,142.62108,1.12185,False,0.99886,142.45899,1.12313,1.0143,False,0.0,False
2017-09-14,Public dataset: NREL PVDAQ (Photovoltaic Data Acquisition) via OEDI data lake,188.0,True,6.3722,6.8014,0.9369,25.62,0.02,184.91312,1.01669,True,0.99815,184.57151,1.01858,1.01644,False,0.0,False
2017-09-15,Public dataset: NREL PVDAQ (Photovoltaic Data Acquisition) via OEDI data lake,178.0,True,5.8776,6.4733,0.90798,25.51,0.05,171.06959,1.04051,True,0.99744,170.63193,1.04318,1.01644,False,0.0,False
2017-09-16,Public dataset: NREL PVDAQ (Photovoltaic Data Acquisition) via OEDI data lake,174.0,True,6.3622,6.4906,0.98022,25.67,0.0,185.24168,0.93931,True,0.99612,184.52289,0.94297,1.01644,False,0.0,False
2017-09-17,Public dataset: NREL PVDAQ (Photovoltaic Data Acquisition) via OEDI data lake,179.0,True,6.0094,6.3341,0.94874,27.08,0.0,174.02578,1.02858,True,0.9948,173.12048,1.03396,1.0143,False,0.0,False
2017-09-18,Public dataset: NREL PVDAQ (Photovoltaic Data Acquisition) via OEDI data lake,184.0,True,6.427,6.5066,0.98777,26.45,0.0,185.30165,0.99298,True,0.99348,184.09274,0.9995,0.9995,False,0.0,False
2017-09-19,Public dataset: NREL PVDAQ (Photovoltaic Data Acquisition) via OEDI data lake,173.0,True,6.0444,6.5474,0.92318,24.95,0.0,176.951,0.97767,True,0.99215,175.56266,0.9854,0.9995,False,0.0,False
2017-09-20,Public dataset: NREL PVDAQ (Photovoltaic Data Acquisition) via OEDI data lake,179.0,True,6.4315,6.461,0.99543,24.81,0.0,187.82637,0.95301,True,0.99083,186.10442,0.96183,0.9929,False,0.0,False
2017-09-21,Public dataset: NREL PVDAQ (Photovoltaic Data Acquisition) via OEDI data lake,184.0,True,5.4178,6.3502,0.85317,21.35,0.0,161.68365,1.13802,True,0.98951,159.98764,1.15009,0.98915,False,0.0,False
2017-09-22,Public dataset: NREL PVDAQ (Photovoltaic Data Acquisition) via OEDI data lake,187.0,True,6.3449,6.4922,0.97731,18.02,0.0,192.71133,0.97036,True,0.98819,190.43511,0.98196,0.9842,False,0.0,False
2017-09-23,Public dataset: NREL PVDAQ (Photovoltaic Data Acquisition) via OEDI data lake,162.0,True,5.3345,6.4409,0.82822,17.3,0.0,162.94053,0.99423,False,0.98687,160.80056,1.00746,0.9842,False,0.0,False
2017-09-24,Public dataset: NREL PVDAQ (Photovoltaic Data Acquisition) via OEDI data lake,188.0,True,6.4714,6.4987,0.9958,17.24,0.0,197.87866,0.95008,True,0.98554,195.01826,0.96401,0.9842,False,0.0,False
2017-09-25,Public dataset: NREL PVDAQ (Photovoltaic Data Acquisition) via OEDI data lake,181.0,True,6.3036,6.3622,0.99079,18.74,0.0,191.69869,0.94419,True,0.98422,188.67422,0.95933,0.9842,False,0.0,False
2017-09-26,Public dataset: NREL PVDAQ (Photovoltaic Data Acquisition) via OEDI data lake,175.0,True,5.7151,6.2081,0.92059,19.69,0.0,174.49283,1.00291,True,0.9829,171.50916,1.02035,0.9842,False,0.0,False
2017-09-27,Public dataset: NREL PVDAQ (Photovoltaic Data Acquisition) via OEDI data lake,177.0,True,6.0293,6.0701,0.99328,21.81,0.0,181.61129,0.97461,True,0.98158,178.26583,0.9929,0.98281,False,0.0,False
2017-09-28,Public dataset: NREL PVDAQ (Photovoltaic Data Acquisition) via OEDI data lake,174.0,True,5.9904,6.0226,0.99465,22.95,0.0,180.64506,0.96321,True,0.98026,177.0786,0.98261,0.98281,False,0.0,False
2017-09-29,Public dataset: NREL PVDAQ (Photovoltaic Data Acquisition) via OEDI data lake,169.0,True,5.8519,5.9422,0.9848,24.46,0.0,175.62253,0.96229,True,0.97894,171.92308,0.983,0.98281,False,0.0,False
2017-09-30,Public dataset: NREL PVDAQ (Photovoltaic Data Acquisition) via OEDI data lake,172.0,True,5.952,5.9892,0.99379,25.54,0.0,176.95283,0.97201,True,0.97761,172.99144,0.99427,0.98361,False,0.0,False
2017-10-01,Public dataset: NREL PVDAQ (Photovoltaic Data Acquisition) via OEDI data lake,167.0,True,5.8764,5.9378,0.98966,24.51,0.0,176.54598,0.94593,True,0.97629,172.36033,0.9689,0.983,False,0.0,False
2017-10-02,Public dataset: NREL PVDAQ (Photovoltaic Data Acquisition) via OEDI data lake,181.0,True,6.0586,6.0792,0.99661,19.31,0.0,187.85034,0.96353,True,0.97497,183.14837,0.98827,0.98422,False,0.0,False
2017-10-03,Public dataset: NREL PVDAQ (Photovoltaic Data Acquisition) via OEDI data lake,173.0,True,5.789,5.8162,0.99532,19.9,0.0,178.70338,0.96808,True,0.97365,173.99413,0.99429,0.98827,False,0.0,False
2017-10-04,Public dataset: NREL PVDAQ (Photovoltaic Data Acquisition) via OEDI data lake,173.0,True,5.9266,5.9542,0.99536,20.2,0.0,183.7616,0.94144,True,0.97233,178.67614,0.96823,0.98827,False,0.0,False
2017-10-05,Public dataset: NREL PVDAQ (Photovoltaic Data Acquisition) via OEDI data lake,169.0,True,5.903,5.9345,0.99469,21.51,0.0,181.83898,0.92939,True,0.971,176.56636,0.95715,0.98422,False,0.0,False
2017-10-06,Public dataset: NREL PVDAQ (Photovoltaic Data Acquisition) via OEDI data lake,171.0,True,5.7715,5.7977,0.99548,20.92,0.0,179.17402,0.95438,True,0.96968,173.74182,0.98422,0.98649,False,0.0,False
2017-10-07,Public dataset: NREL PVDAQ (Photovoltaic Data Acquisition) via OEDI data lake,168.0,True,5.6431,5.7,0.99002,21.89,0.0,174.0852,0.96504,True,0.96836,168.57716,0.99658,0.98649,False,0.0,False
2017-10-08,Public dataset: NREL PVDAQ (Photovoltaic Data Acquisition) via OEDI data lake,164.0,True,5.6321,5.6686,0.99356,22.92,0.0,172.99192,0.94802,True,0.96704,167.2898,0.98033,0.98649,False,0.0,False
2017-10-09,Public dataset: NREL PVDAQ (Photovoltaic Data Acquisition) via OEDI data lake,179.0,True,5.7269,5.7593,0.99437,15.89,0.0,183.92016,0.97325,True,0.96572,177.61471,1.0078,0.98827,False,0.0,False
2017-10-10,Public dataset: NREL PVDAQ (Photovoltaic Data Acquisition) via OEDI data lake,172.0,True,5.5531,5.5997,0.99168,17.27,0.0,177.38086,0.96966,True,0.96439,171.06512,1.00547,0.99284,False,0.0,False
2017-10-11,Public dataset: NREL PVDAQ (Photovoltaic Data Acquisition) via OEDI data lake,167.0,True,5.3825,5.4235,0.99244,20.33,0.0,168.43599,0.99147,True,0.96307,162.21608,1.02949,0.98966,False,0.0,False
2017-10-12,Public dataset: NREL PVDAQ (Photovoltaic Data Acquisition) via OEDI data lake,161.0,True,5.471,5.4989,0.99493,20.91,0.0,172.13759,0.9353,True,0.96175,165.55345,0.9725,0.99471,False,0.0,False
2017-10-13,Public dataset: NREL PVDAQ (Photovoltaic Data Acquisition) via OEDI data lake,160.0,True,5.3561,5.417,0.98876,20.52,0.0,168.87425,0.94745,True,0.96043,162.19169,0.98649,1.00102,False,0.0,False
2017-10-14,Public dataset: NREL PVDAQ (Photovoltaic Data Acquisition) via OEDI data lake,168.0,True,5.5906,5.6208,0.99463,17.76,0.0,179.13025,0.93787,True,0.95911,171.80506,0.97785,1.00577,False,0.0,False
2017-10-15,Public dataset: NREL PVDAQ (Photovoltaic Data Acquisition) via OEDI data lake,165.0,True,5.3587,5.3854,0.99504,16.78,0.0,173.51469,0.95093,True,0.95779,166.18977,0.99284,1.00577,False,0.0,False
2017-10-16,Public dataset: NREL PVDAQ (Photovoltaic Data Acquisition) via OEDI data lake,159.0,True,5.0479,5.1713,0.97614,20.1,0.0,160.6431,0.98977,True,0.957,153.73616,1.03424,1.00577,False,0.0,False
2017-10-17,Public dataset: NREL PVDAQ (Photovoltaic Data Acquisition) via OEDI data lake,155.0,True,4.8583,5.0254,0.96675,22.84,0.0,152.77173,1.01459,True,0.95622,146.08395,1.06103,1.00577,False,0.0,False
2017-10-18,Public dataset: NREL PVDAQ (Photovoltaic Data Acquisition) via OEDI data lake,91.0,True,3.4082,4.7532,0.71703,20.74,0.0,105.67684,0.86112,False,0.95544,100.96821,0.90127,1.00518,False,0.0,False
2017-10-19,Public dataset: NREL PVDAQ (Photovoltaic Data Acquisition) via OEDI data lake,144.0,True,4.7119,4.8314,0.97527,23.56,0.01,148.23544,0.97143,True,0.95466,141.51481,1.01756,1.00215,False,0.0,False
2017-10-20,Public dataset: NREL PVDAQ (Photovoltaic Data Acquisition) via OEDI data lake,149.0,True,4.7719,5.0124,0.95202,19.07,0.02,155.26074,0.95968,True,0.95388,148.1004,1.00607,1.00215,False,0.0,False
2017-10-21,Public dataset: NREL PVDAQ (Photovoltaic Data Acquisition) via OEDI data lake,158.0,True,4.9524,4.9834,0.99378,16.08,0.0,164.28704,0.96173,True,0.9531,156.58218,1.00905,1.00215,False,0.0,False
2017-10-22,Public dataset: NREL PVDAQ (Photovoltaic Data Acquisition) via OEDI data lake,150.0,True,4.8326,4.8667,0.99299,19.65,0.0,157.50889,0.95233,True,0.95232,149.99896,1.00001,1.00215,False,0.0,False
2017-10-23,Public dataset: NREL PVDAQ (Photovoltaic Data Acquisition) via OEDI data lake,147.0,True,4.7868,4.8182,0.99348,22.45,0.0,153.8257,0.95563,True,0.95154,146.3713,1.0043,1.00215,False,0.0,False
2017-10-24,Public dataset: NREL PVDAQ (Photovoltaic Data Acquisition) via OEDI data lake,149.0,True,4.7623,4.7894,0.99434,21.85,0.0,154.90412,0.96189,True,0.95076,147.27653,1.0117,0.99869,False,0.0,False
2017-10-25,Public dataset: NREL PVDAQ (Photovoltaic Data Acquisition) via OEDI data lake,144.0,True,4.7839,4.8036,0.9959,21.61,0.0,156.13654,0.92227,True,0.94998,148.32638,0.97083,0.99636,False,0.0,False
2017-10-26,Public dataset: NREL PVDAQ (Photovoltaic Data Acquisition) via OEDI data lake,144.0,True,4.6795,4.7258,0.9902,22.17,0.0,152.41513,0.94479,True,0.9492,144.67214,0.99535,0.99737,False,0.0,False
2017-10-27,Public dataset: NREL PVDAQ (Photovoltaic Data Acquisition) via OEDI data lake,143.0,True,4.7546,4.7779,0.99512,19.94,0.0,156.9301,0.91123,True,0.94842,148.83524,0.96079,0.99737,False,0.0,False
2017-10-28,Public dataset: NREL PVDAQ (Photovoltaic Data Acquisition) via OEDI data lake,140.0,True,4.5377,4.555,0.9962,20.27,0.0,149.50544,0.93642,True,0.94764,141.67685,0.98816,0.99535,False,0.0,False
2017-10-29,Public dataset: NREL PVDAQ (Photovoltaic Data Acquisition) via OEDI data lake,138.0,True,4.4758,4.5072,0.99303,21.43,0.0,147.21336,0.93741,True,0.94686,139.38987,0.99003,0.99003,True,0.00997,False
2017-10-30,Public dataset: NREL PVDAQ (Photovoltaic Data Acquisition) via OEDI data lake,124.0,True,4.0358,4.4256,0.91192,22.33,0.0,131.41369,0.94359,True,0.94608,124.32727,0.99737,0.9891,True,0.0109,False
2017-10-31,Public dataset: NREL PVDAQ (Photovoltaic Data Acquisition) via OEDI data lake,131.0,True,4.2794,4.3159,0.99154,20.3,0.0,141.97692,0.92269,True,0.94529,134.21005,0.97608,0.98706,True,0.01294,False
2017-11-01,Public dataset: NREL PVDAQ (Photovoltaic Data Acquisition) via OEDI data lake,132.0,True,4.2542,4.2756,0.99499,18.4,0.0,142.95098,0.92339,True,0.94451,135.01923,0.97764,0.98706,True,0.01294,False
2017-11-02,Public dataset: NREL PVDAQ (Photovoltaic Data Acquisition) via OEDI data lake,125.0,True,3.9576,4.2511,0.93096,17.49,0.0,132.79676,0.94129,True,0.94373,125.32476,0.99741,0.98706,True,0.01294,False
2017-11-03,Public dataset: NREL PVDAQ (Photovoltaic Data Acquisition) via OEDI data lake,130.0,True,3.8376,4.243,0.90445,15.4,0.0,130.62043,0.99525,True,0.94295,123.16892,1.05546,0.98706,True,0.01294,False
2017-11-04,Public dataset: NREL PVDAQ (Photovoltaic Data Acquisition) via OEDI data lake,116.0,True,4.0104,4.1791,0.95963,17.27,0.0,135.25317,0.85765,True,0.94217,127.43179,0.91029,0.98706,True,0.01294,False
2017-11-05,Public dataset: NREL PVDAQ (Photovoltaic Data Acquisition) via OEDI data lake,132.0,True,4.1412,4.1964,0.98685,16.04,0.0,142.21531,0.92817,True,0.94139,133.8803,0.98596,0.98596,True,0.01404,False
2017-11-06,Public dataset: NREL PVDAQ (Photovoltaic Data Acquisition) via OEDI data lake,109.0,True,3.4704,4.2187,0.82262,16.01,0.0,116.32353,0.93704,False,0.94061,109.41519,0.99621,0.9818,True,0.0182,False
2017-11-07,Public dataset: NREL PVDAQ (Photovoltaic Data Acquisition) via OEDI data lake,124.0,True,4.2137,4.2694,0.98695,16.55,0.0,145.39267,0.85286,True,0.93983,136.64445,0.90746,0.97764,True,0.02236,False
2017-11-08,Public dataset: NREL PVDAQ (Photovoltaic Data Acquisition) via OEDI data lake,133.0,True,3.9257,4.1868,0.93764,14.06,0.0,136.72701,0.97274,True,0.93905,128.39346,1.03588,0.9818,True,0.0182,False
2017-11-09,Public dataset: NREL PVDAQ (Photovoltaic Data Acquisition) via OEDI data lake,128.0,True,4.0682,4.1117,0.98942,16.91,0.0,139.8511,0.91526,True,0.93827,131.21797,0.97548,0.98596,True,0.01404,False
2017-11-10,Public dataset: NREL PVDAQ (Photovoltaic Data Acquisition) via OEDI data lake,128.0,True,3.8381,4.0896,0.9385,16.61,0.0,132.1801,0.96838,True,0.93749,123.91732,1.03295,0.97548,True,0.02452,False
2017-11-11,Public dataset: NREL PVDAQ (Photovoltaic Data Acquisition) via OEDI data lake,126.0,True,4.0116,4.1136,0.9752,16.86,0.0,139.59578,0.90261,True,0.93671,130.76047,0.96359,0.96561,True,0.03439,False
2017-11-12,Public dataset: NREL PVDAQ (Photovoltaic Data Acquisition) via OEDI data lake,65.0,True,1.9548,3.8489,0.50789,15.07,0.0,60.65371,1.07166,False,0.93593,56.76745,1.14502,0.97548,True,0.02452,False
2017-11-13,Public dataset: NREL PVDAQ (Photovoltaic Data Acquisition) via OEDI data lake,103.0,True,3.2354,3.9701,0.81494,15.69,0.0,110.14558,0.93513,False,0.93515,103.00227,0.99998,0.97054,True,0.02946,False
2017-11-14,Public dataset: NREL PVDAQ (Photovoltaic Data Acquisition) via OEDI data lake,114.0,True,3.2923,3.8782,0.84892,16.25,0.0,112.68527,1.01167,False,0.93437,105.28928,1.08273,0.97054,True,0.02946,False
2017-11-15,Public dataset: NREL PVDAQ (Photovoltaic Data Acquisition) via OEDI data lake,83.0,True,3.1291,3.7874,0.82619,15.93,0.0,106.96069,0.77599,False,0.93359,99.85693,0.83119,0.97423,True,0.02577,False
2017-11-16,Public dataset: NREL PVDAQ (Photovoltaic Data Acquisition) via OEDI data lake,77.0,True,2.3515,3.6674,0.64119,18.45,0.0,73.96895,1.04098,False,0.93229,68.96083,1.11658,0.97298,True,0.02702,False
2017-11-17,Public dataset: NREL PVDAQ (Photovoltaic Data Acquisition) via OEDI data lake,87.0,True,3.4162,3.775,0.90495,17.81,0.0,118.77345,0.73249,True,0.931,110.57848,0.78677,0.97298,True,0.02702,False
2017-11-18,Public dataset: NREL PVDAQ (Photovoltaic Data Acquisition) via OEDI data lake,128.0,True,3.882,3.9089,0.99312,9.67,0.0,142.58071,0.89774,True,0.92971,132.55905,0.96561,0.97298,True,0.02702,False
2017-11-19,Public dataset: NREL PVDAQ (Photovoltaic Data Acquisition) via OEDI data lake,126.0,True,3.7442,3.8582,0.97045,10.38,0.0,136.2983,0.92444,True,0.92842,126.54225,0.99571,0.97449,True,0.02551,False
2017-11-20,Public dataset: NREL PVDAQ (Photovoltaic Data Acquisition) via OEDI data lake,95.0,True,2.8824,3.623,0.79558,12.71,0.0,99.20469,0.95762,False,0.92713,91.97568,1.03288,0.97449,True,0.02551,False
2017-11-21,Public dataset: NREL PVDAQ (Photovoltaic Data Acquisition) via OEDI data lake,94.0,True,2.8435,3.5102,0.81007,17.03,0.0,96.30941,0.97602,False,0.92584,89.16704,1.0542,0.97799,True,0.02201,False
2017-11-22,Public dataset: NREL PVDAQ (Photovoltaic Data Acquisition) via OEDI data lake,110.0,True,3.4666,3.4942,0.9921,18.22,0.0,122.2813,0.89957,True,0.92455,113.05499,0.97298,0.97449,True,0.02551,False
2017-11-23,Public dataset: NREL PVDAQ (Photovoltaic Data Acquisition) via OEDI data lake,111.0,True,2.951,3.5098,0.84079,19.22,0.0,100.52679,1.10418,False,0.92326,92.81211,1.19596,0.97373,True,0.02627,False
2017-11-24,Public dataset: NREL PVDAQ (Photovoltaic Data Acquisition) via OEDI data lake,104.0,True,3.0962,3.403,0.90984,18.42,0.0,107.74668,0.96523,True,0.92197,99.33882,1.04692,0.97298,True,0.02702,False
2017-11-25,Public dataset: NREL PVDAQ (Photovoltaic Data Acquisition) via OEDI data lake,108.0,True,3.3854,3.4517,0.98079,18.21,0.0,120.37575,0.89719,True,0.92068,110.827,0.97449,0.97449,True,0.02551,False
2017-11-26,Public dataset: NREL PVDAQ (Photovoltaic Data Acquisition) via OEDI data lake,109.0,True,3.2297,3.4788,0.92839,17.96,0.0,113.60963,0.95943,True,0.91938,104.45094,1.04355,0.97799,True,0.02201,False
2017-11-27,Public dataset: NREL PVDAQ (Photovoltaic Data Acquisition) via OEDI data lake,92.0,True,2.8733,3.4903,0.82322,14.61,0.07,100.83309,0.9124,False,0.91809,92.57421,0.9938,0.97449,True,0.02551,False
2017-11-28,Public dataset: NREL PVDAQ (Photovoltaic Data Acquisition) via OEDI data lake,115.0,True,3.4548,3.5909,0.9621,11.31,0.0,127.80215,0.89983,True,0.9168,117.16933,0.98149,0.97373,True,0.02627,False
2017-11-29,Public dataset: NREL PVDAQ (Photovoltaic Data Acquisition) via OEDI data lake,102.0,True,3.2393,3.4666,0.93443,13.28,0.0,118.15559,0.86327,True,0.91551,108.17281,0.94294,0.97298,True,0.02702,False
2017-11-30,Public dataset: NREL PVDAQ (Photovoltaic Data Acquisition) via OEDI data lake,105.0,True,3.3552,3.3919,0.98918,13.13,0.0,123.47897,0.85035,True,0.91422,112.88702,0.93013,0.97155,True,0.02845,False
2017-12-01,Public dataset: NREL PVDAQ (Photovoltaic Data Acquisition) via OEDI data lake,108.0,True,3.3168,3.3799,0.98133,13.87,0.0,121.76429,0.88696,True,0.91293,111.16222,0.97155,0.96661,True,0.03339,False
2017-12-02,Public dataset: NREL PVDAQ (Photovoltaic Data Acquisition) via OEDI data lake,104.0,True,3.1356,3.4272,0.91492,13.77,0.0,114.42073,0.90893,True,0.91164,104.31035,0.99702,0.95761,True,0.04239,False
2017-12-03,Public dataset: NREL PVDAQ (Photovoltaic Data Acquisition) via OEDI data lake,105.0,True,2.7151,3.4498,0.78703,14.38,0.0,94.86308,1.10686,False,0.91035,86.35838,1.21586,0.9531,True,0.0469,False
2017-12-04,Public dataset: NREL PVDAQ (Photovoltaic Data Acquisition) via OEDI data lake,93.0,True,2.9014,3.4915,0.83099,7.88,0.0,108.74055,0.85525,False,0.90906,98.85133,0.94081,0.9531,True,0.0469,False
2017-12-05,Public dataset: NREL PVDAQ (Photovoltaic Data Acquisition) via OEDI data lake,117.0,True,3.4634,3.499,0.98983,6.47,0.0,134.02487,0.87297,True,0.90777,121.66317,0.96167,0.95355,True,0.04645,False
2017-12-06,Public dataset: NREL PVDAQ (Photovoltaic Data Acquisition) via OEDI data lake,111.0,True,3.3758,3.402,0.9923,8.08,0.0,129.36397,0.85804,True,0.90647,117.26517,0.94657,0.95355,True,0.04645,False
2017-12-07,Public dataset: NREL PVDAQ (Photovoltaic Data Acquisition) via OEDI data lake,112.0,True,3.3823,3.4222,0.98834,8.29,0.0,129.75961,0.86313,True,0.90518,117.45629,0.95355,0.95355,True,0.04645,False
2017-12-08,Public dataset: NREL PVDAQ (Photovoltaic Data Acquisition) via OEDI data lake,110.0,True,3.3576,3.3811,0.99305,9.04,0.0,127.74392,0.8611,True,0.90389,115.4668,0.95265,0.96167,True,0.03833,False
2017-12-09,Public dataset: NREL PVDAQ (Photovoltaic Data Acquisition) via OEDI data lake,109.0,True,3.3386,3.3816,0.98728,9.17,0.0,127.18631,0.85701,True,0.9026,114.79859,0.94949,0.95761,True,0.04239,False
2017-12-10,Public dataset: NREL PVDAQ (Photovoltaic Data Acquisition) via OEDI data lake,96.0,True,3.2107,3.3139,0.96886,9.97,0.0,121.0631,0.79297,True,0.90131,109.11547,0.8798,0.95761,True,0.04239,False
2017-12-11,Public dataset: NREL PVDAQ (Photovoltaic Data Acquisition) via OEDI data lake,109.0,True,3.1709,3.3065,0.95899,9.65,0.0,119.27739,0.91384,True,0.90002,107.35201,1.01535,0.96167,True,0.03833,False
2017-12-12,Public dataset: NREL PVDAQ (Photovoltaic Data Acquisition) via OEDI data lake,106.0,True,3.1942,3.2513,0.98244,10.48,0.0,119.88415,0.88419,True,0.89873,107.74334,0.98382,0.95761,True,0.04239,False
2017-12-13,Public dataset: NREL PVDAQ (Photovoltaic Data Acquisition) via OEDI data lake,105.0,True,3.1735,3.246,0.97766,11.67,0.0,118.70812,0.88452,True,0.89744,106.53316,0.98561,0.9531,True,0.0469,False
2017-12-14,Public dataset: NREL PVDAQ (Photovoltaic Data Acquisition) via OEDI data lake,106.0,True,3.2786,3.3084,0.99099,10.68,0.0,124.55269,0.85105,True,0.89615,111.6175,0.94967,0.96334,True,0.03666,False
2017-12-15,Public dataset: NREL PVDAQ (Photovoltaic Data Acquisition) via OEDI data lake,104.0,True,3.1486,3.2141,0.97962,9.13,0.0,119.42901,0.87081,True,0.89486,106.87175,0.97313,0.97317,True,0.02683,False
2017-12-16,Public dataset: NREL PVDAQ (Photovoltaic Data Acquisition) via OEDI data lake,77.0,True,2.0554,3.0365,0.6769,9.08,0.0,69.50702,1.1078,False,0.89823,62.43317,1.23332,0.97321,True,0.02679,False
2017-12-17,Public dataset: NREL PVDAQ (Photovoltaic Data Acquisition) via OEDI data lake,109.0,True,3.1843,3.2004,0.99497,7.12,0.0,123.11525,0.88535,True,0.9016,111.00077,0.98198,0.97759,True,0.02241,False
2017-12-18,Public dataset: NREL PVDAQ (Photovoltaic Data Acquisition) via OEDI data lake,104.0,True,2.8951,3.1978,0.90534,7.54,0.0,109.57625,0.94911,True,0.90497,99.16352,1.04877,0.98198,True,0.01802,False
2017-12-19,Public dataset: NREL PVDAQ (Photovoltaic Data Acquisition) via OEDI data lake,103.0,True,3.1435,3.1805,0.98837,9.93,0.0,119.19301,0.86414,True,0.90835,108.26838,0.95134,0.97759,True,0.02241,False
2017-12-20,Public dataset: NREL PVDAQ (Photovoltaic Data Acquisition) via OEDI data lake,89.0,True,2.9772,3.1284,0.95167,9.13,0.04,110.77512,0.80343,True,0.91172,100.99559,0.88123,0.97317,True,0.02683,False
2017-12-21,Public dataset: NREL PVDAQ (Photovoltaic Data Acquisition) via OEDI data lake,113.0,True,3.1742,3.3439,0.94925,4.49,0.0,124.40202,0.90835,True,0.91509,113.839,0.99263,0.96223,True,0.03777,False
2017-12-22,Public dataset: NREL PVDAQ (Photovoltaic Data Acquisition) via OEDI data lake,96.0,True,2.8183,3.2782,0.85971,4.63,0.0,107.40005,0.89385,True,0.91846,98.64286,0.97321,0.97317,True,0.02683,False
2017-12-23,Public dataset: NREL PVDAQ (Photovoltaic Data Acquisition) via OEDI data lake,87.0,True,2.555,3.2026,0.79779,6.33,0.0,93.33642,0.93211,False,0.92183,86.04071,1.01115,0.97321,True,0.02679,False
2017-12-24,Public dataset: NREL PVDAQ (Photovoltaic Data Acquisition) via OEDI data lake,80.0,True,2.0981,3.1454,0.66704,8.85,0.0,71.95732,1.11177,False,0.92521,66.57538,1.20165,0.96605,True,0.03395,False
2017-12-25,Public dataset: NREL PVDAQ (Photovoltaic Data Acquisition) via OEDI data lake,81.0,True,2.1658,3.15,0.68756,11.23,0.0,74.67737,1.08467,False,0.92858,69.34382,1.16809,0.9589,True,0.0411,False
2017-12-26,Public dataset: NREL PVDAQ (Photovoltaic Data Acquisition) via OEDI data lake,58.0,True,2.3923,3.246,0.737,10.61,0.0,85.47412,0.67857,False,0.93195,79.65771,0.72812,0.95512,True,0.04488,False
2017-12-27,Public dataset: NREL PVDAQ (Photovoltaic Data Acquisition) via OEDI data lake,106.0,True,3.1747,3.2455,0.97819,10.05,0.0,119.95397,0.88367,True,0.93532,112.19576,0.94478,0.95184,True,0.04816,False
2017-12-28,Public dataset: NREL PVDAQ (Photovoltaic Data Acquisition) via OEDI data lake,103.0,True,3.114,3.2515,0.95771,11.54,0.0,116.91619,0.88097,True,0.9387,109.74873,0.93851,0.96605,True,0.03395,False
2017-12-29,Public dataset: NREL PVDAQ (Photovoltaic Data Acquisition) via OEDI data lake,106.0,True,3.0245,3.2182,0.93981,11.68,0.0,112.43782,0.94274,True,0.94207,105.92407,1.00072,0.96605,True,0.03395,False
2017-12-30,Public dataset: NREL PVDAQ (Photovoltaic Data Acquisition) via OEDI data lake,106.0,True,2.4934,3.1884,0.78202,11.41,0.0,87.3214,1.21391,False,0.94544,82.55717,1.28396,0.9589,True,0.0411,False
2017-12-31,Public dataset: NREL PVDAQ (Photovoltaic Data Acquisition) via OEDI data lake,97.0,True,2.8968,3.2045,0.90398,10.94,0.0,106.61546,0.90981,True,0.94881,101.15809,0.9589,0.95184,True,0.04816,False
2018-01-01,Public dataset: NREL PVDAQ (Photovoltaic Data Acquisition) via OEDI data lake,95.0,True,2.785,3.2971,0.84468,10.72,0.0,100.61237,0.94422,False,0.95218,95.80158,0.99163,0.95184,True,0.04816,False
2018-01-02,Public dataset: NREL PVDAQ (Photovoltaic Data Acquisition) via OEDI data lake,48.0,True,1.788,3.2798,0.54516,10.58,0.0,57.46858,0.83524,False,0.95556,54.91451,0.87409,0.95184,True,0.04816,False
2018-01-03,Public dataset: NREL PVDAQ (Photovoltaic Data Acquisition) via OEDI data lake,84.0,True,2.8428,3.1985,0.88879,10.78,0.0,103.60726,0.81075,True,0.95893,99.35206,0.84548,0.9589,True,0.0411,False
2018-01-04,Public dataset: NREL PVDAQ (Photovoltaic Data Acquisition) via OEDI data lake,98.0,True,2.7866,3.2088,0.86842,12.04,0.0,100.50608,0.97507,True,0.9623,96.71718,1.01326,0.9589,True,0.0411,False
2018-01-05,Public dataset: NREL PVDAQ (Photovoltaic Data Acquisition) via OEDI data lake,104.0,True,3.023,3.179,0.95093,13.04,0.0,110.04628,0.94506,True,0.96567,106.26884,0.97865,0.9589,True,0.0411,False
2018-01-06,Public dataset: NREL PVDAQ (Photovoltaic Data Acquisition) via OEDI data lake,53.0,True,2.0834,3.1685,0.65754,13.32,0.0,68.64601,0.77208,False,0.96905,66.52117,0.79674,0.93921,True,0.06079,False
2018-01-07,Public dataset: NREL PVDAQ (Photovoltaic Data Acquisition) via OEDI data lake,107.0,True,3.2832,3.4507,0.95146,10.97,0.02,121.62754,0.87974,True,0.97242,118.27289,0.90469,0.94522,True,0.05478,False
2018-01-08,Public dataset: NREL PVDAQ (Photovoltaic Data Acquisition) via OEDI data lake,19.0,True,0.9569,3.0816,0.31052,10.48,3.65,29.59705,,False,0.97579,28.88053,,0.94522,True,0.05478,False
2018-01-09,Public dataset: NREL PVDAQ (Photovoltaic Data Acquisition) via OEDI data lake,6.0,True,0.8962,3.2724,0.27387,8.02,30.86,28.2237,,False,0.97916,27.63561,,0.94522,True,0.05478,False
2018-01-10,Public dataset: NREL PVDAQ (Photovoltaic Data Acquisition) via OEDI data lake,112.0,True,2.9054,3.3617,0.86427,9.16,0.05,105.05217,1.06614,True,0.98254,103.21749,1.08509,0.94522,True,0.05478,False
2018-01-11,Public dataset: NREL PVDAQ (Photovoltaic Data Acquisition) via OEDI data lake,116.0,True,3.3761,3.4214,0.98676,11.06,0.02,125.27348,0.92597,True,0.98591,123.50811,0.93921,0.95122,True,0.04878,False
2018-01-12,Public dataset: NREL PVDAQ (Photovoltaic Data Acquisition) via OEDI data lake,115.0,True,3.4692,3.4946,0.99273,10.48,0.0,128.67411,0.89373,True,0.98928,127.29474,0.90342,0.94522,True,0.05478,False
2018-01-13,Public dataset: NREL PVDAQ (Photovoltaic Data Acquisition) via OEDI data lake,116.0,True,3.4344,3.4778,0.98752,10.51,0.0,126.62787,0.91607,True,0.99265,125.69746,0.92285,0.93921,True,0.06079,False
2018-01-14,Public dataset: NREL PVDAQ (Photovoltaic Data Acquisition) via OEDI data lake,111.0,True,3.2316,3.4579,0.93456,11.26,0.0,117.15779,0.94744,True,0.99602,116.69206,0.95122,0.94123,True,0.05877,False
2018-01-15,Public dataset: NREL PVDAQ (Photovoltaic Data Acquisition) via OEDI data lake,114.0,True,3.2172,3.4426,0.93453,12.7,0.0,115.51406,0.98689,True,0.9994,115.44441,0.98749,0.94123,True,0.05877,False
2018-01-16,Public dataset: NREL PVDAQ (Photovoltaic Data Acquisition) via OEDI data lake,63.0,True,2.0064,3.5489,0.56536,10.77,0.0,66.69948,0.94454,False,0.99937,66.65764,0.94513,0.93921,True,0.06079,False
2018-01-17,Public dataset: NREL PVDAQ (Photovoltaic Data Acquisition) via OEDI data lake,106.0,True,2.8802,3.5369,0.81433,12.13,0.0,100.74147,1.0522,False,0.99935,100.67581,1.05288,0.94123,True,0.05877,False
2018-01-18,Public dataset: NREL PVDAQ (Photovoltaic Data Acquisition) via OEDI data lake,103.0,True,2.5759,3.504,0.73513,12.38,0.0,86.82804,1.18625,False,0.99932,86.76933,1.18706,0.94123,True,0.05877,False
2018-01-19,Public dataset: NREL PVDAQ (Photovoltaic Data Acquisition) via OEDI data lake,93.0,True,2.1569,3.4591,0.62354,12.95,0.01,69.77259,1.3329,False,0.9993,69.72371,1.33384,0.93306,True,0.06694,False
2018-01-20,Public dataset: NREL PVDAQ (Photovoltaic Data Acquisition) via OEDI data lake,78.0,True,2.0254,3.7742,0.53664,7.34,0.25,66.10242,1.17999,False,0.99928,66.0545,1.18084,0.94724,True,0.05276,False
2018-01-21,Public dataset: NREL PVDAQ (Photovoltaic Data Acquisition) via OEDI data lake,134.0,True,3.7874,3.8868,0.97443,5.0,0.0,142.16701,0.94255,True,0.99925,142.06048,0.94326,0.96621,True,0.03379,False
2018-01-22,Public dataset: NREL PVDAQ (Photovoltaic Data Acquisition) via OEDI data lake,123.0,True,3.6629,3.7546,0.97558,5.52,0.0,136.14099,0.90348,True,0.99923,136.03564,0.90417,0.9812,True,0.0188,False
2018-01-23,Public dataset: NREL PVDAQ (Photovoltaic Data Acquisition) via OEDI data lake,128.0,True,3.8273,3.858,0.99204,7.04,0.0,141.21017,0.90645,True,0.9992,141.09746,0.90717,0.94649,True,0.05351,False
2018-01-24,Public dataset: NREL PVDAQ (Photovoltaic Data Acquisition) via OEDI data lake,134.0,True,3.7207,3.8791,0.95917,7.88,0.0,135.7114,0.98739,True,0.99918,135.59976,0.9882,0.96384,True,0.03616,False
2018-01-25,Public dataset: NREL PVDAQ (Photovoltaic Data Acquisition) via OEDI data lake,134.0,True,3.5436,3.8849,0.91215,8.43,0.0,126.70785,1.05755,True,0.99915,126.60053,1.05845,0.96384,True,0.03616,False
2018-01-26,Public dataset: NREL PVDAQ (Photovoltaic Data Acquisition) via OEDI data lake,134.0,True,4.0018,4.0685,0.98361,6.79,0.0,146.77938,0.91293,True,0.99913,146.65148,0.91373,0.94649,True,0.05351,False
2018-01-27,Public dataset: NREL PVDAQ (Photovoltaic Data Acquisition) via OEDI data lake,133.0,True,3.6367,3.9694,0.91618,7.85,0.0,130.35872,1.02026,True,0.9991,130.24194,1.02118,0.94487,True,0.05513,False
2018-01-28,Public dataset: NREL PVDAQ (Photovoltaic Data Acquisition) via OEDI data lake,135.0,True,3.8628,3.9718,0.97256,10.92,0.0,137.71324,0.9803,True,0.99908,137.58652,0.9812,0.94649,True,0.05351,False
2018-01-29,Public dataset: NREL PVDAQ (Photovoltaic Data Acquisition) via OEDI data lake,124.0,True,3.3732,3.9758,0.84843,12.21,0.0,116.13848,1.06769,False,0.99906,116.02877,1.0687,0.94649,True,0.05351,False
2018-01-30,Public dataset: NREL PVDAQ (Photovoltaic Data Acquisition) via OEDI data lake,125.0,True,3.8023,3.9756,0.95641,13.3,0.0,132.19537,0.94557,True,0.99903,132.06728,0.94649,0.94649,True,0.05351,False
2018-01-31,Public dataset: NREL PVDAQ (Photovoltaic Data Acquisition) via OEDI data lake,130.0,True,3.8172,4.1244,0.92552,14.26,0.0,131.9879,0.98494,True,0.99901,131.85678,0.98592,0.94649,True,0.05351,False
2018-02-01,Public dataset: NREL PVDAQ (Photovoltaic Data Acquisition) via OEDI data lake,108.0,True,3.0118,4.0994,0.73469,14.4,0.0,99.34588,1.08711,False,0.99898,99.24476,1.08822,0.92752,True,0.07248,False
2018-02-02,Public dataset: NREL PVDAQ (Photovoltaic Data Acquisition) via OEDI data lake,126.0,True,4.0543,4.1054,0.98755,14.89,0.0,140.45712,0.89707,True,0.99896,140.31073,0.89801,0.92752,True,0.07248,False
2018-02-03,Public dataset: NREL PVDAQ (Photovoltaic Data Acquisition) via OEDI data lake,131.0,True,4.1162,4.2504,0.96843,14.85,0.0,142.3099,0.92053,True,0.99893,142.15811,0.92151,0.92752,True,0.07248,False
2018-02-04,Public dataset: NREL PVDAQ (Photovoltaic Data Acquisition) via OEDI data lake,137.0,True,4.0939,4.2967,0.9528,15.4,0.0,140.67163,0.9739,True,0.99891,140.51816,0.97496,0.92752,True,0.07248,False
2018-02-05,Public dataset: NREL PVDAQ (Photovoltaic Data Acquisition) via OEDI data lake,136.0,True,4.2874,4.3241,0.99151,15.19,0.0,147.15011,0.92423,True,0.99888,146.98598,0.92526,0.92639,True,0.07361,False
2018-02-06,Public dataset: NREL PVDAQ (Photovoltaic Data Acquisition) via OEDI data lake,142.0,True,4.4722,4.505,0.99272,13.02,0.0,154.81559,0.91722,True,0.99886,154.63913,0.91827,0.92639,True,0.07361,False
2018-02-07,Public dataset: NREL PVDAQ (Photovoltaic Data Acquisition) via OEDI data lake,140.0,True,4.4405,4.4671,0.99405,11.78,0.0,154.75467,0.90466,True,0.99884,154.5745,0.90571,0.92526,True,0.07474,False
2018-02-08,Public dataset: NREL PVDAQ (Photovoltaic Data Acquisition) via OEDI data lake,139.0,True,4.3817,4.4378,0.98736,14.4,0.0,150.04041,0.92642,True,0.99881,149.86207,0.92752,0.92526,True,0.07474,False
2018-02-09,Public dataset: NREL PVDAQ (Photovoltaic Data Acquisition) via OEDI data lake,142.0,True,4.1746,4.4954,0.92864,16.52,0.0,139.02764,1.02138,True,0.99879,138.859,1.02262,0.92338,True,0.07662,False
2018-02-10,Public dataset: NREL PVDAQ (Photovoltaic Data Acquisition) via OEDI data lake,128.0,True,4.1834,4.6181,0.90587,15.07,0.0,139.20426,0.91951,True,0.99876,139.03201,0.92065,0.92639,True,0.07361,False
2018-02-11,Public dataset: NREL PVDAQ (Photovoltaic Data Acquisition) via OEDI data lake,153.0,True,4.5043,4.8235,0.93382,8.16,0.0,156.447,0.97797,True,0.99874,156.24959,0.9792,0.93881,True,0.06119,False
2018-02-12,Public dataset: NREL PVDAQ (Photovoltaic Data Acquisition) via OEDI data lake,148.0,True,3.1032,4.5924,0.67573,10.15,2.8,101.67792,1.45558,False,0.99871,101.54714,1.45745,0.92752,True,0.07248,False
2018-02-13,Public dataset: NREL PVDAQ (Photovoltaic Data Acquisition) via OEDI data lake,122.0,True,3.5402,4.6882,0.75513,9.0,0.15,118.82762,1.0267,False,0.99869,118.67188,1.02804,0.93881,True,0.06119,False
2018-02-14,Public dataset: NREL PVDAQ (Photovoltaic Data Acquisition) via OEDI data lake,87.0,True,2.4958,4.6954,0.53154,10.66,0.07,77.89013,1.11696,False,0.99866,77.78615,1.11845,0.94445,True,0.05555,False
2018-02-15,Public dataset: NREL PVDAQ (Photovoltaic Data Acquisition) via OEDI data lake,154.0,True,4.7446,4.9718,0.9543,9.63,0.03,162.30993,0.9488,True,0.99864,162.08928,0.95009,0.952,True,0.048,False
2018-02-16,Public dataset: NREL PVDAQ (Photovoltaic Data Acquisition) via OEDI data lake,143.0,True,4.877,4.9999,0.97542,7.94,0.0,168.15159,0.85042,True,0.99829,167.86402,0.85188,0.95391,True,0.04609,False
2018-02-17,Public dataset: NREL PVDAQ (Photovoltaic Data Acquisition) via OEDI data lake,162.0,True,4.9517,4.9973,0.99088,10.15,0.0,168.23852,0.96292,True,0.99794,167.89177,0.96491,0.95045,True,0.04955,False
2018-02-18,Public dataset: NREL PVDAQ (Photovoltaic Data Acquisition) via OEDI data lake,156.0,True,4.9013,5.0006,0.98014,12.24,0.0,163.93274,0.95161,True,0.99759,163.53736,0.95391,0.95391,True,0.04609,False
2018-02-19,Public dataset: NREL PVDAQ (Photovoltaic Data Acquisition) via OEDI data lake,119.0,True,4.4633,5.2894,0.84382,5.53,0.0,152.86852,0.77845,False,0.99724,152.4462,0.7806,0.95391,True,0.04609,False
2018-02-20,Public dataset: NREL PVDAQ (Photovoltaic Data Acquisition) via OEDI data lake,173.0,True,5.3215,5.3592,0.99297,2.48,0.0,184.8517,0.93589,True,0.99689,184.27618,0.93881,0.95391,True,0.04609,False
2018-02-21,Public dataset: NREL PVDAQ (Photovoltaic Data Acquisition) via OEDI data lake,118.0,True,4.1765,5.1953,0.8039,4.4,0.0,141.83586,0.83195,False,0.99654,141.34451,0.83484,0.95549,True,0.04451,False
2018-02-22,Public dataset: NREL PVDAQ (Photovoltaic Data Acquisition) via OEDI data lake,145.0,True,4.3831,5.1377,0.85312,5.81,0.0,146.87308,0.98725,True,0.99618,146.31276,0.99103,0.95707,True,0.04293,False
2018-02-23,Public dataset: NREL PVDAQ (Photovoltaic Data Acquisition) via OEDI data lake,118.0,True,3.3235,5.3254,0.62408,4.15,0.08,108.34813,1.08908,False,0.99583,107.89677,1.09364,0.96491,True,0.03509,False
2018-02-24,Public dataset: NREL PVDAQ (Photovoltaic Data Acquisition) via OEDI data lake,162.0,True,5.0162,5.43,0.92379,3.69,0.0,171.21895,0.94616,True,0.99548,170.44562,0.95045,0.97763,True,0.02237,False
2018-02-25,Public dataset: NREL PVDAQ (Photovoltaic Data Acquisition) via OEDI data lake,177.0,True,5.4732,5.537,0.98848,5.19,0.0,185.84329,0.95242,True,0.99513,184.93872,0.95707,0.99069,False,0.0,False
2018-02-26,Public dataset: NREL PVDAQ (Photovoltaic Data Acquisition) via OEDI data lake,177.0,True,5.047,5.3798,0.93814,7.81,0.0,167.2799,1.05811,True,0.99478,166.407,1.06366,0.99069,False,0.0,False
2018-02-27,Public dataset: NREL PVDAQ (Photovoltaic Data Acquisition) via OEDI data lake,77.0,True,2.2001,5.1677,0.42574,7.01,0.22,69.05748,1.11501,False,0.99443,68.6729,1.12126,0.99036,False,0.0,False
2018-02-28,Public dataset: NREL PVDAQ (Photovoltaic Data Acquisition) via OEDI data lake,172.0,True,5.2639,5.4084,0.97328,7.54,0.0,174.7092,0.98449,True,0.99408,173.67496,0.99036,0.99069,False,0.0,False
2018-03-01,Public dataset: NREL PVDAQ (Photovoltaic Data Acquisition) via OEDI data lake,170.0,True,4.9999,5.4763,0.91301,9.33,0.0,163.65665,1.03876,True,0.99373,162.63043,1.04531,0.99069,False,0.0,False
2018-03-02,Public dataset: NREL PVDAQ (Photovoltaic Data Acquisition) via OEDI data lake,178.0,True,5.0431,5.5296,0.91202,11.51,0.0,163.14475,1.09106,True,0.99338,162.06451,1.09833,1.00539,False,0.0,False
2018-03-03,Public dataset: NREL PVDAQ (Photovoltaic Data Acquisition) via OEDI data lake,134.0,True,4.0802,5.6246,0.72542,10.54,0.02,129.78344,1.03249,False,0.99303,128.87856,1.03974,1.00539,False,0.0,False
2018-03-04,Public dataset: NREL PVDAQ (Photovoltaic Data Acquisition) via OEDI data lake,189.0,True,5.6724,5.916,0.95882,7.95,0.0,186.58431,1.01295,True,0.99268,185.21796,1.02042,1.02042,False,0.0,False
2018-03-05,Public dataset: NREL PVDAQ (Photovoltaic Data Acquisition) via OEDI data lake,186.0,True,5.9798,6.019,0.99349,7.5,0.0,196.06424,0.94867,True,0.99233,194.55969,0.956,1.028,False,0.0,False
2018-03-06,Public dataset: NREL PVDAQ (Photovoltaic Data Acquisition) via OEDI data lake,182.0,True,5.8212,5.9333,0.98111,9.14,0.0,188.25516,0.96677,True,0.99198,186.7445,0.97459,1.02042,False,0.0,False
2018-03-07,Public dataset: NREL PVDAQ (Photovoltaic Data Acquisition) via OEDI data lake,71.0,True,2.3345,5.8466,0.39929,9.71,0.0,71.65005,0.99093,False,0.99162,71.04996,0.9993,1.02042,False,0.0,False
2018-03-08,Public dataset: NREL PVDAQ (Photovoltaic Data Acquisition) via OEDI data lake,160.0,True,4.8912,5.9033,0.82855,13.04,0.0,155.24774,1.03061,False,0.99127,153.89302,1.03968,1.028,False,0.0,False
2018-03-09,Public dataset: NREL PVDAQ (Photovoltaic Data Acquisition) via OEDI data lake,175.0,True,5.4874,5.8927,0.93122,15.53,0.0,170.53601,1.02618,True,0.99092,168.98807,1.03558,1.0048,False,0.0,False
2018-03-10,Public dataset: NREL PVDAQ (Photovoltaic Data Acquisition) via OEDI data lake,59.0,True,2.5212,5.7871,0.43566,15.36,9.87,75.14534,0.78515,False,0.99057,74.43689,0.79262,0.98917,False,0.0,False
2018-03-11,Public dataset: NREL PVDAQ (Photovoltaic Data Acquisition) via OEDI data lake,125.0,True,3.4798,5.8558,0.59425,14.49,1.21,106.2806,1.17613,False,0.99022,105.24133,1.18775,1.0048,False,0.0,False
2018-03-12,Public dataset: NREL PVDAQ (Photovoltaic Data Acquisition) via OEDI data lake,170.0,True,4.7167,5.8589,0.80505,16.2,0.0,146.06202,1.16389,False,0.98987,144.5825,1.1758,0.9867,False,0.0,False
2018-03-13,Public dataset: NREL PVDAQ (Photovoltaic Data Acquisition) via OEDI data lake,153.0,True,5.0316,5.957,0.84465,18.19,0.21,152.88112,1.00078,False,0.98952,151.2789,1.01138,0.98917,False,0.0,False
2018-03-14,Public dataset: NREL PVDAQ (Photovoltaic Data Acquisition) via OEDI data lake,185.0,True,4.5734,6.1435,0.74443,15.54,0.07,140.80168,1.3139,False,0.98917,139.27667,1.32829,1.00887,False,0.0,False
2018-03-15,Public dataset: NREL PVDAQ (Photovoltaic Data Acquisition) via OEDI data lake,157.0,True,4.0409,6.3499,0.63637,11.54,2.22,125.10318,1.25496,False,0.98882,123.70431,1.26916,1.00887,False,0.0,False
2018-03-16,Public dataset: NREL PVDAQ (Photovoltaic Data Acquisition) via OEDI data lake,192.0,True,6.2633,6.3682,0.98353,10.82,0.0,196.19474,0.97862,True,0.98933,194.10194,0.98917,1.0065,False,0.0,False
2018-03-17,Public dataset: NREL PVDAQ (Photovoltaic Data Acquisition) via OEDI data lake,148.0,True,5.231,6.4846,0.80668,10.22,0.28,164.03714,0.90223,False,0.98985,162.37181,0.91149,0.98917,False,0.0,False
2018-03-18,Public dataset: NREL PVDAQ (Photovoltaic Data Acquisition) via OEDI data lake,207.0,True,6.4788,6.6898,0.96846,10.56,0.32,203.20754,1.01866,True,0.99036,201.24915,1.02858,0.9867,False,0.0,False
2018-03-19,Public dataset: NREL PVDAQ (Photovoltaic Data Acquisition) via OEDI data lake,199.0,True,6.5462,6.6019,0.99156,12.13,0.0,204.0491,0.97526,True,0.99088,202.18763,0.98423,0.98423,False,0.0,False
2018-03-20,Public dataset: NREL PVDAQ (Photovoltaic Data Acquisition) via OEDI data lake,135.0,True,4.6874,6.414,0.73081,13.51,0.0,143.89983,0.93815,False,0.99139,142.66117,0.9463,0.98106,False,0.0,False
2018-03-21,Public dataset: NREL PVDAQ (Photovoltaic Data Acquisition) via OEDI data lake,92.0,True,4.289,6.2959,0.68124,16.8,0.54,128.15813,0.71786,False,0.99191,127.12094,0.72372,0.98423,False,0.0,False
2018-03-22,Public dataset: NREL PVDAQ (Photovoltaic Data Acquisition) via OEDI data lake,54.0,True,2.0791,6.3017,0.32993,16.39,1.55,61.61264,0.87644,False,0.99242,61.14572,0.88314,0.9867,False,0.0,False
2018-03-23,Public dataset: NREL PVDAQ (Photovoltaic Data Acquisition) via OEDI data lake,201.0,True,6.631,6.7853,0.97726,15.55,1.86,201.12204,0.99939,True,0.99294,199.70142,1.0065,0.98917,False,0.0,False
2018-03-24,Public dataset: NREL PVDAQ (Photovoltaic Data Acquisition) via OEDI data lake,177.0,True,6.3871,6.9446,0.91972,13.67,0.0,193.92289,0.91273,True,0.99345,192.65294,0.91875,0.99401,False,0.0,False
2018-03-25,Public dataset: NREL PVDAQ (Photovoltaic Data Acquisition) via OEDI data lake,205.0,True,6.9338,7.0039,0.98999,12.13,0.0,211.78,0.96799,True,0.99397,210.50213,0.97386,0.98423,False,0.0,False
2018-03-26,Public dataset: NREL PVDAQ (Photovoltaic Data Acquisition) via OEDI data lake,206.0,True,6.9758,7.0711,0.98652,10.8,0.0,214.60988,0.95988,True,0.99448,213.42541,0.96521,0.98106,False,0.0,False
2018-03-27,Public dataset: NREL PVDAQ (Photovoltaic Data Acquisition) via OEDI data lake,210.0,True,7.0706,7.1006,0.99578,12.0,0.0,215.82705,0.973,True,0.995,214.74697,0.9779,0.97588,False,0.0,False
2018-03-28,Public dataset: NREL PVDAQ (Photovoltaic Data Acquisition) via OEDI data lake,204.0,True,6.7848,6.8309,0.99325,16.67,0.0,201.95087,1.01015,True,0.99551,201.04419,1.0147,0.97588,False,0.0,False
2018-03-29,Public dataset: NREL PVDAQ (Photovoltaic Data Acquisition) via OEDI data lake,189.0,True,6.3895,6.9955,0.91337,18.65,0.0,188.73641,1.0014,True,0.99603,187.98622,1.00539,0.97588,False,0.0,False
2018-03-30,Public dataset: NREL PVDAQ (Photovoltaic Data Acquisition) via OEDI data lake,201.0,True,6.8724,7.0102,0.98034,20.08,0.0,200.93613,1.00032,True,0.99654,200.24089,1.00379,0.97588,False,0.0,False
2018-03-31,Public dataset: NREL PVDAQ (Photovoltaic Data Acquisition) via OEDI data lake,178.0,True,5.8277,7.0207,0.83007,21.59,0.0,169.42188,1.05063,False,0.99705,168.92289,1.05374,0.97386,False,0.0,False
2018-04-01,Public dataset: NREL PVDAQ (Photovoltaic Data Acquisition) via OEDI data lake,173.0,True,6.2124,7.207,0.862,21.35,0.0,180.16253,0.96024,True,0.99757,179.72465,0.96258,0.9779,False,0.0,False
2018-04-02,Public dataset: NREL PVDAQ (Photovoltaic Data Acquisition) via OEDI data lake,175.0,True,5.6734,7.1796,0.79021,20.67,0.0,164.40728,1.06443,False,0.99808,164.09232,1.06647,0.9779,False,0.0,False
2018-04-03,Public dataset: NREL PVDAQ (Photovoltaic Data Acquisition) via OEDI data lake,209.0,True,7.433,7.4712,0.99489,17.82,0.39,218.85071,0.95499,True,0.9986,218.54411,0.95633,0.9837,False,0.0,False
2018-04-04,Public dataset: NREL PVDAQ (Photovoltaic Data Acquisition) via OEDI data lake,172.0,True,5.7898,7.0596,0.82013,20.13,0.0,168.27011,1.02217,False,0.99911,168.12099,1.02307,1.00379,False,0.0,False
2018-04-05,Public dataset: NREL PVDAQ (Photovoltaic Data Acquisition) via OEDI data lake,174.0,True,5.8121,7.1359,0.81449,23.22,0.0,167.20142,1.04066,False,0.99963,167.13933,1.04105,0.9837,False,0.0,False
2018-04-06,Public dataset: NREL PVDAQ (Photovoltaic Data Acquisition) via OEDI data lake,167.0,True,6.0552,7.2223,0.8384,24.0,0.0,172.29633,0.96926,False,1.00014,172.32104,0.96912,0.97793,False,0.0,False
2018-04-07,Public dataset: NREL PVDAQ (Photovoltaic Data Acquisition) via OEDI data lake,186.0,True,5.5582,7.1659,0.77565,23.34,0.01,157.94315,1.17764,False,1.00066,158.04711,1.17686,0.97396,False,0.0,False
2018-04-08,Public dataset: NREL PVDAQ (Photovoltaic Data Acquisition) via OEDI data lake,218.0,True,7.8125,7.8336,0.99731,21.33,0.0,221.35356,0.98485,True,1.00117,221.61321,0.9837,0.97396,False,0.0,False
2018-04-09,Public dataset: NREL PVDAQ (Photovoltaic Data Acquisition) via OEDI data lake,207.0,True,7.3982,7.542,0.98093,19.98,0.0,212.17721,0.9756,True,1.00169,212.53531,0.97396,0.97475,False,0.0,False
2018-04-10,Public dataset: NREL PVDAQ (Photovoltaic Data Acquisition) via OEDI data lake,199.0,True,6.815,7.4455,0.91532,22.3,0.0,192.56897,1.0334,True,1.0022,192.99311,1.03112,0.97435,False,0.0,False
2018-04-11,Public dataset: NREL PVDAQ (Photovoltaic Data Acquisition) via OEDI data lake,208.0,True,7.2233,7.6195,0.948,24.98,0.0,201.23773,1.0336,True,1.00272,201.78456,1.0308,0.97634,False,0.0,False
2018-04-12,Public dataset: NREL PVDAQ (Photovoltaic Data Acquisition) via OEDI data lake,225.0,True,7.9296,8.0038,0.99073,16.03,0.0,229.33575,0.98109,True,1.00323,230.07698,0.97793,0.97634,False,0.0,False
2018-04-13,Public dataset: NREL PVDAQ (Photovoltaic Data Acquisition) via OEDI data lake,222.0,True,7.9135,7.9447,0.99607,13.16,0.0,231.62695,0.95844,True,1.00375,232.49483,0.95486,0.97793,False,0.0,False
2018-04-14,Public dataset: NREL PVDAQ (Photovoltaic Data Acquisition) via OEDI data lake,215.0,True,7.7573,7.7868,0.99621,16.85,0.0,222.78263,0.96507,True,1.00426,223.73205,0.96097,0.97645,False,0.0,False
2018-04-15,Public dataset: NREL PVDAQ (Photovoltaic Data Acquisition) via OEDI data lake,169.0,True,5.1288,7.601,0.67475,20.59,0.0,146.85347,1.15081,False,1.00478,147.55491,1.14534,0.97793,False,0.0,False
2018-04-16,Public dataset: NREL PVDAQ (Photovoltaic Data Acquisition) via OEDI data lake,216.0,True,7.7741,7.853,0.98995,18.03,0.0,220.38035,0.98012,True,1.00551,221.5955,0.97475,0.97793,False,0.0,False
2018-04-17,Public dataset: NREL PVDAQ (Photovoltaic Data Acquisition) via OEDI data lake,222.0,True,8.034,8.1398,0.987,13.86,0.01,233.15691,0.95215,True,1.00625,234.61445,0.94623,0.98928,False,0.0,False
2018-04-18,Public dataset: NREL PVDAQ (Photovoltaic Data Acquisition) via OEDI data lake,214.0,True,7.4573,8.0136,0.93058,15.86,0.0,213.94126,1.00027,True,1.00699,215.43645,0.99333,0.98386,False,0.0,False
2018-04-19,Public dataset: NREL PVDAQ (Photovoltaic Data Acquisition) via OEDI data lake,188.0,True,5.9004,7.6126,0.77508,14.42,0.09,173.91167,1.08101,False,1.00773,175.25535,1.07272,0.98386,False,0.0,False
2018-04-20,Public dataset: NREL PVDAQ (Photovoltaic Data Acquisition) via OEDI data lake,228.0,True,7.8252,7.9274,0.98711,18.31,0.0,220.79554,1.03263,True,1.00846,222.66429,1.02396,0.98928,False,0.0,False
2018-04-21,Public dataset: NREL PVDAQ (Photovoltaic Data Acquisition) via OEDI data lake,220.0,True,8.0405,8.1098,0.99145,21.65,0.0,223.59355,0.98393,True,1.0092,225.65087,0.97496,0.98928,False,0.0,False
2018-04-22,Public dataset: NREL PVDAQ (Photovoltaic Data Acquisition) via OEDI data lake,212.0,True,7.6315,7.896,0.9665,23.33,0.0,210.85695,1.00542,True,1.00994,212.95258,0.99553,0.99025,False,0.0,False
2018-04-23,Public dataset: NREL PVDAQ (Photovoltaic Data Acquisition) via OEDI data lake,215.0,True,7.9306,8.0054,0.99066,25.02,0.0,215.03503,0.99984,True,1.01068,217.33076,0.98928,0.99025,False,0.0,False
2018-04-24,Public dataset: NREL PVDAQ (Photovoltaic Data Acquisition) via OEDI data lake,209.0,True,7.607,7.9267,0.95967,24.88,0.0,208.67514,1.00156,True,1.01141,211.05686,0.99025,0.99179,False,0.0,False
2018-04-25,Public dataset: NREL PVDAQ (Photovoltaic Data Acquisition) via OEDI data lake,208.0,True,7.6438,7.915,0.96574,25.48,0.0,208.87379,0.99582,True,1.01215,211.41181,0.98386,0.99333,False,0.0,False
2018-04-26,Public dataset: NREL PVDAQ (Photovoltaic Data Acquisition) via OEDI data lake,215.0,True,7.7719,7.8487,0.99021,27.38,0.0,210.06211,1.02351,True,1.01289,212.76948,1.01048,0.99553,False,0.0,False
2018-04-27,Public dataset: NREL PVDAQ (Photovoltaic Data Acquisition) via OEDI data lake,219.0,True,8.0916,8.1473,0.99316,26.88,0.0,216.58094,1.01117,True,1.01363,219.53205,0.99758,0.99655,False,0.0,False
2018-04-28,Public dataset: NREL PVDAQ (Photovoltaic Data Acquisition) via OEDI data lake,224.0,True,8.5214,8.5721,0.99409,22.55,0.0,231.1635,0.96901,True,1.01436,234.48378,0.95529,0.99655,False,0.0,False
2018-04-29,Public dataset: NREL PVDAQ (Photovoltaic Data Acquisition) via OEDI data lake,230.0,True,8.2277,8.3669,0.98336,20.4,0.0,226.36157,1.01607,True,1.0151,229.77981,1.00096,0.99758,False,0.0,False
2018-04-30,Public dataset: NREL PVDAQ (Photovoltaic Data Acquisition) via OEDI data lake,181.0,True,6.2107,8.2207,0.7555,18.62,0.0,177.19353,1.02148,False,1.01584,179.99997,1.00556,0.99758,False,0.0,False
2018-05-01,Public dataset: NREL PVDAQ (Photovoltaic Data Acquisition) via OEDI data lake,101.0,True,3.5712,7.7623,0.46007,15.54,4.66,104.58616,0.96571,False,1.01658,106.31975,0.94996,0.99758,False,0.0,False
2018-05-02,Public dataset: NREL PVDAQ (Photovoltaic Data Acquisition) via OEDI data lake,168.0,True,4.8082,7.8125,0.61545,13.85,1.21,142.00785,1.18303,False,1.01731,144.46645,1.1629,0.99758,False,0.0,False
2018-05-03,Public dataset: NREL PVDAQ (Photovoltaic Data Acquisition) via OEDI data lake,232.0,True,7.9296,8.2169,0.96504,18.93,0.0,220.88736,1.05031,True,1.01805,224.87451,1.03169,0.99758,False,0.0,False
2018-05-04,Public dataset: NREL PVDAQ (Photovoltaic Data Acquisition) via OEDI data lake,227.0,True,8.0957,8.2238,0.98442,23.22,0.0,220.35938,1.03014,True,1.01879,224.49951,1.01114,0.98455,False,0.0,False
2018-05-05,Public dataset: NREL PVDAQ (Photovoltaic Data Acquisition) via OEDI data lake,215.0,True,7.5674,8.3258,0.90891,26.35,0.0,204.05402,1.05364,True,1.01953,208.03829,1.03346,0.98455,False,0.0,False
2018-05-06,Public dataset: NREL PVDAQ (Photovoltaic Data Acquisition) via OEDI data lake,178.0,True,6.2618,8.4442,0.74155,27.66,0.0,169.76762,1.04849,False,1.02026,173.20761,1.02767,0.98714,False,0.0,False
2018-05-07,Public dataset: NREL PVDAQ (Photovoltaic Data Acquisition) via OEDI data lake,220.0,True,8.2946,8.448,0.98184,28.34,0.0,218.85519,1.00523,True,1.021,223.45124,0.98455,0.98585,False,0.0,False
2018-05-08,Public dataset: NREL PVDAQ (Photovoltaic Data Acquisition) via OEDI data lake,199.0,True,8.0057,8.3734,0.95609,28.82,0.0,210.38854,0.94587,True,1.02174,214.96194,0.92575,0.98714,False,0.0,False
2018-05-09,Public dataset: NREL PVDAQ (Photovoltaic Data Acquisition) via OEDI data lake,215.0,True,8.2596,8.5469,0.96639,30.8,0.0,214.09477,1.00423,True,1.02248,218.90662,0.98215,0.99106,False,0.0,False
2018-05-10,Public dataset: NREL PVDAQ (Photovoltaic Data Acquisition) via OEDI data lake,225.0,True,8.6028,8.7739,0.9805,28.61,0.0,225.04304,0.99981,True,1.02321,230.26692,0.97713,0.98714,False,0.0,False
2018-05-11,Public dataset: NREL PVDAQ (Photovoltaic Data Acquisition) via OEDI data lake,225.0,True,8.4122,8.5498,0.98391,24.96,0.0,224.44059,1.00249,True,1.02395,229.816,0.97904,0.98714,False,0.0,False
2018-05-12,Public dataset: NREL PVDAQ (Photovoltaic Data Acquisition) via OEDI data lake,238.0,True,8.6462,8.7437,0.98885,20.81,0.0,235.29264,1.01151,True,1.02469,241.10147,0.98714,0.98585,False,0.0,False
2018-05-13,Public dataset: NREL PVDAQ (Photovoltaic Data Acquisition) via OEDI data lake,211.0,True,7.5722,8.4506,0.89605,22.18,0.0,206.80371,1.02029,True,1.02543,212.06172,0.99499,0.98455,False,0.0,False
2018-05-14,Public dataset: NREL PVDAQ (Photovoltaic Data Acquisition) via OEDI data lake,196.0,True,6.4306,8.4914,0.75731,23.58,0.0,177.31218,1.1054,False,1.02616,181.95113,1.07721,0.98455,False,0.0,False
2018-05-15,Public dataset: NREL PVDAQ (Photovoltaic Data Acquisition) via OEDI data lake,230.0,True,8.322,8.4845,0.98085,24.77,0.0,222.29465,1.03466,True,1.0269,228.27439,1.00756,0.98554,False,0.0,False
2018-05-16,Public dataset: NREL PVDAQ (Photovoltaic Data Acquisition) via OEDI data lake,235.0,True,8.7178,8.778,0.99314,25.59,0.0,229.27733,1.02496,True,1.02622,235.28983,0.99877,0.99106,False,0.0,False
2018-05-17,Public dataset: NREL PVDAQ (Photovoltaic Data Acquisition) via OEDI data lake,234.0,True,8.7274,8.7622,0.99603,23.83,0.0,231.89449,1.00908,True,1.02555,237.81878,0.98394,0.99143,False,0.0,False
2018-05-18,Public dataset: NREL PVDAQ (Photovoltaic Data Acquisition) via OEDI data lake,226.0,True,7.7986,8.5406,0.91312,25.09,0.0,209.04758,1.08109,True,1.02487,214.24679,1.05486,0.99143,False,0.0,False
2018-05-19,Public dataset: NREL PVDAQ (Photovoltaic Data Acquisition) via OEDI data lake,207.0,True,6.5693,8.2951,0.79195,27.23,0.02,176.97291,1.16967,False,1.02419,181.25469,1.14204,0.99688,False,0.0,False
2018-05-20,Public dataset: NREL PVDAQ (Photovoltaic Data Acquisition) via OEDI data lake,211.0,True,7.02,8.4194,0.83379,26.67,0.03,189.60551,1.11284,False,1.02352,194.06469,1.08727,0.99877,False,0.0,False
2018-05-21,Public dataset: NREL PVDAQ (Photovoltaic Data Acquisition) via OEDI data lake,128.0,True,4.2626,8.1386,0.52375,23.14,0.16,120.52071,1.06206,False,1.02284,123.27362,1.03834,1.00756,False,0.0,False
2018-05-22,Public dataset: NREL PVDAQ (Photovoltaic Data Acquisition) via OEDI data lake,186.0,True,5.8901,8.383,0.70262,24.78,0.11,162.12384,1.14727,False,1.02217,165.71738,1.12239,1.00316,False,0.0,False
2018-05-23,Public dataset: NREL PVDAQ (Photovoltaic Data Acquisition) via OEDI data lake,228.0,True,8.0124,8.3945,0.95448,25.89,0.0,213.05012,1.07017,True,1.02149,217.62836,1.04766,0.99332,False,0.0,False
2018-05-24,Public dataset: NREL PVDAQ (Photovoltaic Data Acquisition) via OEDI data lake,229.0,True,8.6698,8.7072,0.9957,26.33,0.0,227.08701,1.00842,True,1.02081,231.81329,0.98786,1.00681,False,0.0,False
2018-05-25,Public dataset: NREL PVDAQ (Photovoltaic Data Acquisition) via OEDI data lake,233.0,True,8.8591,8.8927,0.99622,24.98,0.0,232.36132,1.00275,True,1.02014,237.04021,0.98296,1.00681,False,0.0,False
2018-05-26,Public dataset: NREL PVDAQ (Photovoltaic Data Acquisition) via OEDI data lake,232.0,True,8.1778,8.7874,0.93063,21.31,0.0,221.85637,1.04572,True,1.01946,226.17367,1.02576,0.98541,False,0.0,False
2018-05-27,Public dataset: NREL PVDAQ (Photovoltaic Data Acquisition) via OEDI data lake,208.0,True,6.9434,8.6491,0.80279,24.34,0.03,188.43081,1.10385,False,1.01878,191.97021,1.0835,0.98786,False,0.0,False
2018-05-28,Public dataset: NREL PVDAQ (Photovoltaic Data Acquisition) via OEDI data lake,233.0,True,8.4151,8.7826,0.95816,26.66,0.01,221.21776,1.05326,True,1.01811,225.22338,1.03453,0.9897,False,0.0,False
2018-05-29,Public dataset: NREL PVDAQ (Photovoltaic Data Acquisition) via OEDI data lake,216.0,True,8.4612,8.8586,0.95514,28.66,0.0,220.40915,0.98,True,1.01743,224.25105,0.96321,0.98786,False,0.0,False
2018-05-30,Public dataset: NREL PVDAQ (Photovoltaic Data Acquisition) via OEDI data lake,209.0,True,8.1607,8.6683,0.94144,30.45,0.0,211.28281,0.9892,True,1.01675,214.82273,0.9729,0.9897,False,0.0,False
2018-05-31,Public dataset: NREL PVDAQ (Photovoltaic Data Acquisition) via OEDI data lake,233.0,True,8.5207,9.0134,0.94534,26.26,0.0,223.1222,1.04427,True,1.01608,226.70956,1.02775,0.9897,False,0.0,False
2018-06-01,Public dataset: NREL PVDAQ (Photovoltaic Data Acquisition) via OEDI data lake,230.0,True,9.108,9.1944,0.9906,26.01,0.0,236.89583,0.97089,True,1.0154,240.54441,0.95616,0.99063,False,0.0,False
2018-06-02,Public dataset: NREL PVDAQ (Photovoltaic Data Acquisition) via OEDI data lake,203.0,True,8.4876,9.0329,0.93963,29.07,0.0,219.23917,0.92593,True,1.01473,222.46753,0.91249,0.99358,False,0.0,False
2018-06-03,Public dataset: NREL PVDAQ (Photovoltaic Data Acquisition) via OEDI data lake,227.0,True,8.9234,8.9477,0.99728,31.47,0.0,225.76627,1.00546,True,1.01405,228.93804,0.99153,0.99358,False,0.0,False
2018-06-04,Public dataset: NREL PVDAQ (Photovoltaic Data Acquisition) via OEDI data lake,222.0,True,8.7461,9.0024,0.97153,32.52,0.0,220.03102,1.00895,True,1.01337,222.97338,0.99563,0.99563,False,0.0,False
2018-06-05,Public dataset: NREL PVDAQ (Photovoltaic Data Acquisition) via OEDI data lake,198.0,True,8.1487,9.0451,0.9009,30.79,0.0,209.56165,0.94483,True,1.0127,212.22227,0.93298,0.99563,False,0.0,False
2018-06-06,Public dataset: NREL PVDAQ (Photovoltaic Data Acquisition) via OEDI data lake,231.0,True,8.8214,9.0122,0.97883,29.9,0.0,225.08835,1.02626,True,1.01202,227.79386,1.01407,1.00155,False,0.0,False
2018-06-07,Public dataset: NREL PVDAQ (Photovoltaic Data Acquisition) via OEDI data lake,233.0,True,8.9112,9.0062,0.98945,28.8,0.0,228.0035,1.02191,True,1.01134,230.58983,1.01045,1.00156,False,0.0,False
2018-06-08,Public dataset: NREL PVDAQ (Photovoltaic Data Acquisition) via OEDI data lake,228.0,True,8.9678,9.0134,0.99494,29.79,0.0,227.93371,1.00029,True,1.01067,230.36508,0.98973,1.00156,False,0.0,False
2018-06-09,Public dataset: NREL PVDAQ (Photovoltaic Data Acquisition) via OEDI data lake,231.0,True,8.8661,8.9983,0.98531,30.34,0.0,224.99413,1.02669,True,1.00999,227.24196,1.01654,1.00156,False,0.0,False
2018-06-10,Public dataset: NREL PVDAQ (Photovoltaic Data Acquisition) via OEDI data lake,231.0,True,8.916,9.0002,0.99064,29.21,0.0,228.51083,1.01089,True,1.00931,230.63923,1.00156,1.00291,False,0.0,False
2018-06-11,Public dataset: NREL PVDAQ (Photovoltaic Data Acquisition) via OEDI data lake,229.0,True,8.9124,8.9561,0.99512,31.34,0.0,226.07586,1.01293,True,1.00864,228.02867,1.00426,1.00291,False,0.0,False
2018-06-12,Public dataset: NREL PVDAQ (Photovoltaic Data Acquisition) via OEDI data lake,227.0,True,8.8459,8.8788,0.99629,32.9,0.0,222.3957,1.0207,True,1.00796,224.16629,1.01264,1.00291,False,0.0,False
2018-06-13,Public dataset: NREL PVDAQ (Photovoltaic Data Acquisition) via OEDI data lake,226.0,True,8.9743,9.0773,0.98865,33.29,0.0,224.01744,1.00885,True,1.00729,225.64943,1.00155,1.00291,False,0.0,False
2018-06-14,Public dataset: NREL PVDAQ (Photovoltaic Data Acquisition) via OEDI data lake,232.0,True,9.03,9.0965,0.99269,32.74,0.0,225.9075,1.02697,True,1.00661,227.40046,1.02023,1.00156,False,0.0,False
2018-06-15,Public dataset: NREL PVDAQ (Photovoltaic Data Acquisition) via OEDI data lake,185.0,True,7.3222,8.8759,0.82495,31.48,0.0,190.21974,0.97256,False,1.00593,191.34819,0.96682,1.00124,False,0.0,False
2018-06-16,Public dataset: NREL PVDAQ (Photovoltaic Data Acquisition) via OEDI data lake,232.0,True,8.9791,9.0233,0.9951,28.97,0.0,230.17386,1.00793,True,1.00701,231.78703,1.00092,1.00124,False,0.0,False
2018-06-17,Public dataset: NREL PVDAQ (Photovoltaic Data Acquisition) via OEDI data lake,238.0,True,9.0732,9.1277,0.99403,26.61,0.0,233.8703,1.01766,True,1.00808,235.76106,1.0095,0.99867,False,0.0,False
2018-06-18,Public dataset: NREL PVDAQ (Photovoltaic Data Acquisition) via OEDI data lake,234.0,True,9.1884,9.2198,0.99659,27.07,0.0,236.39845,0.98985,True,1.00916,238.56404,0.98087,0.99511,False,0.0,False
2018-06-19,Public dataset: NREL PVDAQ (Photovoltaic Data Acquisition) via OEDI data lake,229.0,True,8.9734,9.0314,0.99358,30.34,0.0,228.35129,1.00284,True,1.01024,230.68891,0.99268,0.99511,False,0.0,False
2018-06-20,Public dataset: NREL PVDAQ (Photovoltaic Data Acquisition) via OEDI data lake,226.0,True,8.9518,8.9894,0.99582,33.22,0.0,224.86346,1.00505,True,1.01131,227.40735,0.99381,0.99511,False,0.0,False
2018-06-21,Public dataset: NREL PVDAQ (Photovoltaic Data Acquisition) via OEDI data lake,226.0,True,9.0977,9.2611,0.98236,35.26,0.0,224.03806,1.00876,True,1.01239,226.81371,0.99641,0.99511,False,0.0,False
2018-06-22,Public dataset: NREL PVDAQ (Photovoltaic Data Acquisition) via OEDI data lake,227.0,True,9.1786,9.2196,0.99555,34.39,0.0,227.42111,0.99815,True,1.01347,230.48341,0.98489,0.99325,False,0.0,False
2018-06-23,Public dataset: NREL PVDAQ (Photovoltaic Data Acquisition) via OEDI data lake,228.0,True,9.1913,9.2244,0.99641,34.56,0.0,226.55406,1.00638,True,1.01454,229.84849,0.99196,0.99268,False,0.0,False
2018-06-24,Public dataset: NREL PVDAQ (Photovoltaic Data Acquisition) via OEDI data lake,221.0,True,8.9472,9.0041,0.99368,32.47,0.0,225.47113,0.98017,True,1.01562,228.99246,0.9651,0.99231,False,0.0,False
2018-06-25,Public dataset: NREL PVDAQ (Photovoltaic Data Acquisition) via OEDI data lake,221.0,True,8.7617,8.8025,0.99536,33.66,0.0,219.05523,1.00888,True,1.01669,222.71209,0.99231,0.99231,False,0.0,False
2018-06-26,Public dataset: NREL PVDAQ (Photovoltaic Data Acquisition) via OEDI data lake,223.0,True,8.7965,8.8118,0.99826,34.05,0.0,219.11136,1.01775,True,1.01777,223.00495,0.99998,0.99268,False,0.0,False
2018-06-27,Public dataset: NREL PVDAQ (Photovoltaic Data Acquisition) via OEDI data lake,226.0,True,8.8135,8.8606,0.99468,33.92,0.0,220.01291,1.02721,True,1.01885,224.15928,1.00821,0.99231,False,0.0,False
2018-06-28,Public dataset: NREL PVDAQ (Photovoltaic Data Acquisition) via OEDI data lake,233.0,True,9.1296,9.3185,0.97973,32.75,0.0,227.95695,1.02212,True,1.01992,232.49835,1.00216,0.99196,False,0.0,False
2018-06-29,Public dataset: NREL PVDAQ (Photovoltaic Data Acquisition) via OEDI data lake,226.0,True,9.0185,9.0703,0.99429,30.52,0.0,228.62497,0.98852,True,1.021,233.42572,0.96819,0.9904,False,0.0,False
2018-06-30,Public dataset: NREL PVDAQ (Photovoltaic Data Acquisition) via OEDI data lake,223.0,True,8.735,8.7607,0.99707,31.91,0.0,221.24351,1.00794,True,1.02207,226.12735,0.98617,0.99118,False,0.0,False
2018-07-01,Public dataset: NREL PVDAQ (Photovoltaic Data Acquisition) via OEDI data lake,222.0,True,8.6818,8.7091,0.99687,33.06,0.0,219.08013,1.01333,True,1.02315,224.15197,0.9904,0.9904,False,0.0,False
2018-07-02,Public dataset: NREL PVDAQ (Photovoltaic Data Acquisition) via OEDI data lake,223.0,True,8.6609,8.6966,0.99589,33.75,0.0,216.96679,1.02781,True,1.02423,222.22319,1.0035,0.99136,False,0.0,False
2018-07-03,Public dataset: NREL PVDAQ (Photovoltaic Data Acquisition) via OEDI data lake,228.0,True,8.8831,8.9304,0.9947,32.79,0.0,223.02639,1.0223,True,1.0253,228.6696,0.99707,0.99374,False,0.0,False
2018-07-04,Public dataset: NREL PVDAQ (Photovoltaic Data Acquisition) via OEDI data lake,225.0,True,8.9638,8.9803,0.99816,31.9,0.0,225.62428,0.99723,True,1.02638,231.57604,0.9716,0.9904,False,0.0,False
2018-07-05,Public dataset: NREL PVDAQ (Photovoltaic Data Acquisition) via OEDI data lake,222.0,True,8.8992,8.9294,0.99662,33.99,0.0,222.49937,0.99776,True,1.02746,228.60813,0.97109,0.98991,False,0.0,False
2018-07-06,Public dataset: NREL PVDAQ (Photovoltaic Data Acquisition) via OEDI data lake,219.0,True,8.6724,8.7125,0.9954,36.44,0.0,215.20292,1.01764,True,1.02853,221.34295,0.98941,0.98941,False,0.0,False
2018-07-07,Public dataset: NREL PVDAQ (Photovoltaic Data Acquisition) via OEDI data lake,134.0,True,5.3472,8.2337,0.64943,35.22,0.53,141.14283,0.94939,False,1.02961,145.32171,0.92209,0.98991,False,0.0,False
2018-07-08,Public dataset: NREL PVDAQ (Photovoltaic Data Acquisition) via OEDI data lake,168.0,True,6.2362,8.0424,0.77542,36.75,0.02,160.87951,1.04426,False,1.03068,165.81587,1.01317,0.99374,False,0.0,False
2018-07-09,Public dataset: NREL PVDAQ (Photovoltaic Data Acquisition) via OEDI data lake,172.0,True,5.6383,7.9498,0.70924,33.57,1.58,149.52843,1.15028,False,1.03176,154.27742,1.11487,1.00028,False,0.0,False
2018-07-10,Public dataset: NREL PVDAQ (Photovoltaic Data Acquisition) via OEDI data lake,223.0,True,7.8329,8.1413,0.96212,29.31,9.36,206.06545,1.08218,True,1.03284,212.83179,1.04778,1.00876,False,0.0,False
2018-07-11,Public dataset: NREL PVDAQ (Photovoltaic Data Acquisition) via OEDI data lake,179.0,True,6.4094,8.0868,0.79258,30.35,1.95,171.35486,1.04462,False,1.03391,177.16585,1.01035,1.02045,False,0.0,False
2018-07-12,Public dataset: NREL PVDAQ (Photovoltaic Data Acquisition) via OEDI data lake,146.0,True,4.859,8.107,0.59936,29.54,2.08,132.56108,1.10138,False,1.03499,137.19915,1.06415,1.03353,False,0.0,False
2018-07-13,Public dataset: NREL PVDAQ (Photovoltaic Data Acquisition) via OEDI data lake,158.0,True,5.7763,8.1379,0.7098,29.63,2.16,156.95846,1.00664,False,1.03606,162.61906,0.9716,1.03353,False,0.0,False
2018-07-14,Public dataset: NREL PVDAQ (Photovoltaic Data Acquisition) via OEDI data lake,193.0,True,6.6055,8.0633,0.81921,32.77,0.26,173.92559,1.10967,False,1.03714,180.38526,1.06993,1.0466,False,0.0,False
2018-07-15,Public dataset: NREL PVDAQ (Photovoltaic Data Acquisition) via OEDI data lake,216.0,True,7.5504,8.1079,0.93124,31.18,4.32,198.78599,1.0866,True,1.03822,206.38292,1.0466,1.04332,False,0.0,False
2018-07-16,Public dataset: NREL PVDAQ (Photovoltaic Data Acquisition) via OEDI data lake,210.0,True,7.4906,8.1674,0.91713,33.87,0.08,193.24411,1.08671,True,1.03761,200.51245,1.04732,1.0466,False,0.0,False
2018-07-17,Public dataset: NREL PVDAQ (Photovoltaic Data Acquisition) via OEDI data lake,210.0,True,7.6488,8.0914,0.9453,33.75,0.03,198.44705,1.05822,True,1.03701,205.79114,1.02045,1.0466,False,0.0,False
2018-07-18,Public dataset: NREL PVDAQ (Photovoltaic Data Acquisition) via OEDI data lake,201.0,True,6.0401,7.8922,0.76533,33.63,0.3,160.43693,1.25283,False,1.0364,166.27739,1.20882,1.0466,False,0.0,False
2018-07-19,Public dataset: NREL PVDAQ (Photovoltaic Data Acquisition) via OEDI data lake,199.0,True,6.5165,7.915,0.82331,35.21,1.97,169.46667,1.17427,False,1.0358,175.53342,1.13369,1.04696,False,0.0,False
2018-07-20,Public dataset: NREL PVDAQ (Photovoltaic Data Acquisition) via OEDI data lake,181.0,True,7.1146,8.1137,0.87686,33.6,1.17,186.26301,0.97174,True,1.03519,192.81847,0.93871,1.0466,False,0.0,False
2018-07-21,Public dataset: NREL PVDAQ (Photovoltaic Data Acquisition) via OEDI data lake,118.0,True,5.4247,7.9697,0.68067,32.45,0.76,144.97514,0.81393,False,1.03459,149.98987,0.78672,1.04332,False,0.0,False
2018-07-22,Public dataset: NREL PVDAQ (Photovoltaic Data Acquisition) via OEDI data lake,215.0,True,7.6807,7.9584,0.96511,32.76,0.07,199.927,1.07539,True,1.03399,206.7217,1.04005,1.04005,False,0.0,False
2018-07-23,Public dataset: NREL PVDAQ (Photovoltaic Data Acquisition) via OEDI data lake,211.0,True,7.5564,8.0938,0.9336,36.36,0.02,193.73623,1.08911,True,1.03338,200.20344,1.05393,1.03057,False,0.0,False
2018-07-24,Public dataset: NREL PVDAQ (Photovoltaic Data Acquisition) via OEDI data lake,176.0,True,6.7918,8.179,0.83039,38.08,0.06,174.14923,1.01063,False,1.03278,179.85734,0.97855,1.02077,False,0.0,False
2018-07-25,Public dataset: NREL PVDAQ (Photovoltaic Data Acquisition) via OEDI data lake,208.0,True,7.4052,8.2104,0.90193,38.51,0.85,188.39972,1.10404,True,1.03217,194.46105,1.06962,1.01547,False,0.0,False
2018-07-26,Public dataset: NREL PVDAQ (Photovoltaic Data Acquisition) via OEDI data lake,192.0,True,6.8278,8.0242,0.8509,38.31,0.0,174.69549,1.09906,True,1.03157,180.21034,1.06542,1.01547,False,0.0,False
2018-07-27,Public dataset: NREL PVDAQ (Photovoltaic Data Acquisition) via OEDI data lake,206.0,True,7.7249,8.1266,0.95057,38.18,0.33,195.68487,1.05271,True,1.03096,201.74405,1.0211,1.00984,False,0.0,False
2018-07-28,Public dataset: NREL PVDAQ (Photovoltaic Data Acquisition) via OEDI data lake,208.0,True,8.1331,8.2471,0.98618,36.54,0.0,206.45541,1.00748,True,1.03036,212.72331,0.9778,1.00984,False,0.0,False
2018-07-29,Public dataset: NREL PVDAQ (Photovoltaic Data Acquisition) via OEDI data lake,160.0,True,6.9348,7.8182,0.88701,35.44,0.02,179.65374,0.8906,True,1.02976,184.99937,0.86487,1.00977,False,0.0,False
2018-07-30,Public dataset: NREL PVDAQ (Photovoltaic Data Acquisition) via OEDI data lake,182.0,True,6.0228,7.5564,0.79705,35.04,3.32,159.09812,1.14395,False,1.02915,163.73596,1.11155,1.00222,False,0.0,False
2018-07-31,Public dataset: NREL PVDAQ (Photovoltaic Data Acquisition) via OEDI data lake,178.0,True,6.5186,7.4062,0.88015,34.66,0.56,171.37339,1.03867,True,1.02855,176.26549,1.00984,0.98627,False,0.0,False
2018-08-01,Public dataset: NREL PVDAQ (Photovoltaic Data Acquisition) via OEDI data lake,193.0,True,7.1995,7.7153,0.93315,36.56,0.0,185.95102,1.03791,True,1.02794,191.14687,1.00969,0.97824,False,0.0,False
2018-08-02,Public dataset: NREL PVDAQ (Photovoltaic Data Acquisition) via OEDI data lake,148.0,True,6.3418,7.813,0.8117,35.46,0.55,166.04675,0.89132,False,1.02734,170.58608,0.8676,0.9778,False,0.0,False
2018-08-03,Public dataset: NREL PVDAQ (Photovoltaic Data Acquisition) via OEDI data lake,195.0,True,7.4618,7.7618,0.96135,33.73,2.7,195.60552,0.9969,True,1.02673,200.8347,0.97095,0.97619,False,0.0,False
2018-08-04,Public dataset: NREL PVDAQ (Photovoltaic Data Acquisition) via OEDI data lake,210.0,True,8.053,8.2241,0.9792,35.22,0.0,205.73563,1.02073,True,1.02613,211.11127,0.99474,0.97095,False,0.0,False
2018-08-05,Public dataset: NREL PVDAQ (Photovoltaic Data Acquisition) via OEDI data lake,209.0,True,8.3731,8.4062,0.99606,33.12,0.0,214.92059,0.97245,True,1.02552,220.40633,0.94825,0.97095,False,0.0,False
2018-08-06,Public dataset: NREL PVDAQ (Photovoltaic Data Acquisition) via OEDI data lake,209.0,True,8.1365,8.1509,0.99823,34.85,0.0,208.89253,1.00051,True,1.02492,214.09816,0.97619,0.97619,False,0.0,False
2018-08-07,Public dataset: NREL PVDAQ (Photovoltaic Data Acquisition) via OEDI data lake,204.0,True,8.1722,8.1866,0.99824,36.44,0.0,209.00719,0.97604,True,1.02432,214.08936,0.95287,0.97721,False,0.0,False
2018-08-08,Public dataset: NREL PVDAQ (Photovoltaic Data Acquisition) via OEDI data lake,190.0,True,7.243,7.6961,0.94113,34.78,0.02,189.72743,1.00144,True,1.02371,194.22613,0.97824,0.97619,False,0.0,False
2018-08-09,Public dataset: NREL PVDAQ (Photovoltaic Data Acquisition) via OEDI data lake,181.0,True,7.1443,7.5461,0.94675,34.94,0.35,186.95304,0.96816,True,1.02311,191.27296,0.94629,0.97357,False,0.0,False
2018-08-10,Public dataset: NREL PVDAQ (Photovoltaic Data Acquisition) via OEDI data lake,184.0,True,7.3018,7.459,0.97892,34.29,0.53,192.22309,0.95722,True,1.0225,196.54861,0.93616,0.97619,False,0.0,False
2018-08-11,Public dataset: NREL PVDAQ (Photovoltaic Data Acquisition) via OEDI data lake,183.0,True,7.0277,7.2125,0.97438,34.11,1.11,185.23571,0.98793,True,1.0219,189.29204,0.96676,0.97824,False,0.0,False
2018-08-12,Public dataset: NREL PVDAQ (Photovoltaic Data Acquisition) via OEDI data lake,180.0,True,6.157,7.1995,0.8552,31.61,6.73,166.08731,1.08377,True,1.02129,169.62394,1.06117,0.97824,False,0.0,False
2018-08-13,Public dataset: NREL PVDAQ (Photovoltaic Data Acquisition) via OEDI data lake,198.0,True,7.0205,7.3678,0.95286,32.8,0.0,185.86013,1.06532,True,1.02069,189.70547,1.04372,1.00015,False,0.0,False
2018-08-14,Public dataset: NREL PVDAQ (Photovoltaic Data Acquisition) via OEDI data lake,195.0,True,6.5498,7.4448,0.87978,33.69,0.0,173.70663,1.12258,True,1.02009,177.19554,1.10048,1.00426,False,0.0,False
2018-08-15,Public dataset: NREL PVDAQ (Photovoltaic Data Acquisition) via OEDI data lake,167.0,True,6.2158,7.4323,0.83632,32.69,1.15,166.65476,1.00207,False,1.01948,169.90131,0.98292,1.00426,False,0.0,False
2018-08-16,Public dataset: NREL PVDAQ (Photovoltaic Data Acquisition) via OEDI data lake,158.0,True,5.911,7.3714,0.80188,30.62,2.57,162.56987,0.97189,False,1.01877,165.62127,0.95398,1.00426,False,0.0,False
2018-08-17,Public dataset: NREL PVDAQ (Photovoltaic Data Acquisition) via OEDI data lake,197.0,True,6.787,7.4616,0.90959,32.89,0.54,182.08405,1.08192,True,1.01806,185.37227,1.06273,1.00426,False,0.0,False
2018-08-18,Public dataset: NREL PVDAQ (Photovoltaic Data Acquisition) via OEDI data lake,192.0,True,7.0973,7.5302,0.94251,34.23,0.0,188.69851,1.0175,True,1.01735,191.97203,1.00015,1.04372,False,0.0,False
2018-08-19,Public dataset: NREL PVDAQ (Photovoltaic Data Acquisition) via OEDI data lake,196.0,True,6.5326,7.3735,0.88596,35.6,0.0,173.53164,1.12948,True,1.01664,176.41868,1.11099,1.04372,False,0.0,False
2018-08-20,Public dataset: NREL PVDAQ (Photovoltaic Data Acquisition) via OEDI data lake,195.0,True,7.2528,7.6826,0.94406,35.47,0.0,191.12855,1.02026,True,1.01593,194.17246,1.00426,1.00426,False,0.0,False
2018-08-21,Public dataset: NREL PVDAQ (Photovoltaic Data Acquisition) via OEDI data lake,203.0,True,6.8174,7.5286,0.90553,34.57,0.02,182.07991,1.1149,True,1.01522,184.85027,1.09819,1.00107,False,0.0,False
2018-08-22,Public dataset: NREL PVDAQ (Photovoltaic Data Acquisition) via OEDI data lake,189.0,True,7.0846,7.5307,0.94076,32.75,0.18,190.50079,0.99212,True,1.0145,193.26384,0.97794,1.00107,False,0.0,False
2018-08-23,Public dataset: NREL PVDAQ (Photovoltaic Data Acquisition) via OEDI data lake,199.0,True,7.3282,7.506,0.97631,32.85,0.01,196.08265,1.01488,True,1.01379,198.78725,1.00107,1.00061,False,0.0,False
2018-08-24,Public dataset: NREL PVDAQ (Photovoltaic Data Acquisition) via OEDI data lake,194.0,True,7.483,7.7858,0.96111,32.26,0.0,199.71983,0.97136,True,1.01308,202.33261,0.95882,1.00015,False,0.0,False
2018-08-25,Public dataset: NREL PVDAQ (Photovoltaic Data Acquisition) via OEDI data lake,199.0,True,6.4438,7.4503,0.8649,31.98,0.0,174.87909,1.13793,True,1.01237,177.04257,1.12402,0.98099,False,0.0,False
2018-08-26,Public dataset: NREL PVDAQ (Photovoltaic Data Acquisition) via OEDI data lake,199.0,True,7.475,7.5221,0.99374,32.06,0.0,200.51901,0.99242,True,1.01166,202.85714,0.98099,0.98099,False,0.0,False
2018-08-27,Public dataset: NREL PVDAQ (Photovoltaic Data Acquisition) via OEDI data lake,202.0,True,7.9135,7.9522,0.99513,29.75,0.0,213.33139,0.94688,True,1.01095,215.66725,0.93663,0.97946,False,0.0,False
2018-08-28,Public dataset: NREL PVDAQ (Photovoltaic Data Acquisition) via OEDI data lake,200.0,True,7.4287,7.5403,0.9852,29.0,0.0,203.12837,0.9846,True,1.01024,205.2081,0.97462,0.97794,False,0.0,False
2018-08-29,Public dataset: NREL PVDAQ (Photovoltaic Data Acquisition) via OEDI data lake,186.0,True,6.4536,7.2612,0.88878,30.33,0.0,176.32118,1.05489,True,1.00953,178.00109,1.04494,0.97794,False,0.0,False
2018-08-30,Public dataset: NREL PVDAQ (Photovoltaic Data Acquisition) via OEDI data lake,178.0,True,6.6581,7.4746,0.89076,30.27,0.0,182.76706,0.97392,True,1.00882,184.37845,0.96541,0.98099,False,0.0,False
2018-08-31,Public dataset: NREL PVDAQ (Photovoltaic Data Acquisition) via OEDI data lake,203.0,True,7.583,7.6481,0.99149,29.55,0.0,206.26641,0.98416,True,1.00811,207.93834,0.97625,0.97625,False,0.0,False
2018-09-01,Public dataset: NREL PVDAQ (Photovoltaic Data Acquisition) via OEDI data lake,188.0,True,7.2962,7.4446,0.98007,30.32,0.0,198.71581,0.94607,True,1.00739,200.18527,0.93913,0.97625,False,0.0,False
2018-09-02,Public dataset: NREL PVDAQ (Photovoltaic Data Acquisition) via OEDI data lake,188.0,True,6.1745,6.913,0.89317,30.63,0.0,170.73637,1.10111,True,1.00668,171.87754,1.0938,0.97625,False,0.0,False
2018-09-03,Public dataset: NREL PVDAQ (Photovoltaic Data Acquisition) via OEDI data lake,183.0,True,5.6458,6.8016,0.83007,29.99,0.14,156.53282,1.16908,False,1.00597,157.46778,1.16214,0.97462,False,0.0,False
2018-09-04,Public dataset: NREL PVDAQ (Photovoltaic Data Acquisition) via OEDI data lake,178.0,True,4.9786,6.637,0.75013,28.32,1.15,139.70041,1.27416,False,1.00526,140.43551,1.26749,0.97462,False,0.0,False
2018-09-05,Public dataset: NREL PVDAQ (Photovoltaic Data Acquisition) via OEDI data lake,175.0,True,5.6402,6.5815,0.85698,30.45,0.35,158.13037,1.10668,True,1.00455,158.85002,1.10167,0.97104,False,0.0,False
2018-09-06,Public dataset: NREL PVDAQ (Photovoltaic Data Acquisition) via OEDI data lake,186.0,True,5.9779,6.7073,0.89125,31.81,0.0,166.55045,1.11678,True,1.00384,167.19001,1.11251,0.97104,False,0.0,False
2018-09-07,Public dataset: NREL PVDAQ (Photovoltaic Data Acquisition) via OEDI data lake,182.0,True,6.7882,7.0488,0.96303,33.13,0.0,186.84355,0.97408,True,1.00313,187.42821,0.97104,0.97625,False,0.0,False
2018-09-08,Public dataset: NREL PVDAQ (Photovoltaic Data Acquisition) via OEDI data lake,185.0,True,7.0106,7.0536,0.9939,33.67,0.0,190.59143,0.97066,True,1.00242,191.05232,0.96832,0.98292,False,0.0,False
2018-09-09,Public dataset: NREL PVDAQ (Photovoltaic Data Acquisition) via OEDI data lake,188.0,True,6.9749,6.9977,0.99674,32.14,0.0,190.94087,0.9846,True,1.00171,191.26686,0.98292,0.98292,False,0.0,False
2018-09-10,Public dataset: NREL PVDAQ (Photovoltaic Data Acquisition) via OEDI data lake,186.0,True,7.0886,7.1105,0.99692,30.65,0.0,195.61816,0.95083,True,1.001,195.81306,0.94989,0.97931,False,0.0,False
2018-09-11,Public dataset: NREL PVDAQ (Photovoltaic Data Acquisition) via OEDI data lake,188.0,True,7.0994,7.1218,0.99685,30.15,0.0,196.6021,0.95625,True,1.00029,196.65821,0.95597,0.97662,False,0.0,False
2018-09-12,Public dataset: NREL PVDAQ (Photovoltaic Data Acquisition) via OEDI data lake,188.0,True,7.0632,7.0848,0.99695,28.44,0.0,197.99109,0.94954,True,0.99957,197.90684,0.94994,0.97392,False,0.0,False
2018-09-13,Public dataset: NREL PVDAQ (Photovoltaic Data Acquisition) via OEDI data lake,194.0,True,6.9775,7.1215,0.97978,27.39,0.0,196.73939,0.98608,True,0.99886,196.5158,0.9872,0.97288,False,0.0,False
2018-09-14,Public dataset: NREL PVDAQ (Photovoltaic Data Acquisition) via OEDI data lake,190.0,True,6.8834,6.9137,0.99562,28.83,0.0,193.26267,0.98312,True,0.99815,192.90563,0.98494,0.97104,False,0.0,False
2018-09-15,Public dataset: NREL PVDAQ (Photovoltaic Data Acquisition) via OEDI data lake,184.0,True,6.5568,6.6994,0.97871,30.34,0.0,183.82869,1.00093,True,0.99744,183.35839,1.0035,0.97288,False,0.0,False
2018-09-16,Public dataset: NREL PVDAQ (Photovoltaic Data Acquisition) via OEDI data lake,180.0,True,6.5542,6.6643,0.98348,30.21,0.0,184.51877,0.97551,True,0.99612,183.8028,0.97931,0.97288,False,0.0,False
2018-09-17,Public dataset: NREL PVDAQ (Photovoltaic Data Acquisition) via OEDI data lake,183.0,True,6.697,6.7174,0.99696,29.41,0.0,189.08455,0.96782,True,0.9948,188.10091,0.97288,0.97288,False,0.0,False
2018-09-18,Public dataset: NREL PVDAQ (Photovoltaic Data Acquisition) via OEDI data lake,190.0,True,6.955,6.9991,0.9937,28.38,0.0,196.36909,0.96757,True,0.99348,195.08797,0.97392,0.97288,False,0.0,False
2018-09-19,Public dataset: NREL PVDAQ (Photovoltaic Data Acquisition) via OEDI data lake,184.0,True,7.103,7.1333,0.99575,27.49,0.0,201.22496,0.9144,True,0.99215,199.64617,0.92163,0.97288,False,0.0,False
2018-09-20,Public dataset: NREL PVDAQ (Photovoltaic Data Acquisition) via OEDI data lake,181.0,True,6.7726,6.8066,0.995,27.96,0.0,195.66507,0.92505,True,0.99083,193.87125,0.93361,0.97392,False,0.0,False
2018-09-21,Public dataset: NREL PVDAQ (Photovoltaic Data Acquisition) via OEDI data lake,175.0,True,6.331,6.353,0.99654,28.41,0.0,182.50876,0.95886,True,0.98951,180.5943,0.96902,0.97392,False,0.0,False
2018-09-22,Public dataset: NREL PVDAQ (Photovoltaic Data Acquisition) via OEDI data lake,173.0,True,6.1882,6.2191,0.99503,29.48,0.0,177.66938,0.97372,True,0.98819,175.57083,0.98536,0.97288,False,0.0,False
2018-09-23,Public dataset: NREL PVDAQ (Photovoltaic Data Acquisition) via OEDI data lake,155.0,True,5.8092,6.2609,0.92785,29.64,0.0,167.46584,0.92556,True,0.98687,165.26643,0.93788,0.96902,False,0.0,False
2018-09-24,Public dataset: NREL PVDAQ (Photovoltaic Data Acquisition) via OEDI data lake,163.0,True,5.8754,6.2467,0.94056,29.34,0.0,169.57817,0.96121,True,0.98554,167.12686,0.97531,0.96723,False,0.0,False
2018-09-25,Public dataset: NREL PVDAQ (Photovoltaic Data Acquisition) via OEDI data lake,166.0,True,6.175,6.2035,0.99541,28.52,0.0,180.46781,0.91983,True,0.98422,177.62053,0.93458,0.96545,False,0.0,False
2018-09-26,Public dataset: NREL PVDAQ (Photovoltaic Data Acquisition) via OEDI data lake,172.0,True,6.1795,6.217,0.99397,27.75,0.01,181.25515,0.94894,True,0.9829,178.15585,0.96545,0.95738,False,0.0,False
2018-09-27,Public dataset: NREL PVDAQ (Photovoltaic Data Acquisition) via OEDI data lake,172.0,True,6.0058,6.1135,0.98238,28.47,0.0,175.52102,0.97994,True,0.98158,172.28775,0.99833,0.96723,False,0.0,False
2018-09-28,Public dataset: NREL PVDAQ (Photovoltaic Data Acquisition) via OEDI data lake,163.0,True,5.6856,5.9683,0.95263,29.38,0.0,166.10647,0.9813,True,0.98026,162.82705,1.00106,0.97216,False,0.0,False
2018-09-29,Public dataset: NREL PVDAQ (Photovoltaic Data Acquisition) via OEDI data lake,154.0,True,5.7571,6.0187,0.95654,28.71,0.0,168.91869,0.91168,True,0.97894,165.36046,0.9313,0.97531,False,0.0,False
2018-09-30,Public dataset: NREL PVDAQ (Photovoltaic Data Acquisition) via OEDI data lake,156.0,True,5.7098,5.9263,0.96347,27.93,0.01,168.09238,0.92806,True,0.97761,164.32935,0.94931,0.97038,False,0.0,False
2018-10-01,Public dataset: NREL PVDAQ (Photovoltaic Data Acquisition) via OEDI data lake,140.0,True,4.3258,5.6004,0.77241,26.12,0.65,128.43447,1.09005,False,0.97629,125.38947,1.11652,0.98682,False,0.0,False
2018-10-02,Public dataset: NREL PVDAQ (Photovoltaic Data Acquisition) via OEDI data lake,112.0,True,3.6715,5.4631,0.67205,25.79,0.14,107.82696,1.0387,False,0.97497,105.128,1.06537,0.9997,False,0.0,False
2018-10-03,Public dataset: NREL PVDAQ (Photovoltaic Data Acquisition) via OEDI data lake,133.0,True,4.4333,5.5886,0.79328,25.27,2.66,132.59052,1.00309,False,0.97365,129.09645,1.03024,1.00238,False,0.0,False
2018-10-04,Public dataset: NREL PVDAQ (Photovoltaic Data Acquisition) via OEDI data lake,171.0,True,4.9944,5.6496,0.88403,22.17,0.89,153.9915,1.11045,True,0.97233,149.7299,1.14206,1.0037,False,0.0,False
2018-10-05,Public dataset: NREL PVDAQ (Photovoltaic Data Acquisition) via OEDI data lake,168.0,True,5.3736,5.7362,0.93679,22.56,0.05,165.66576,1.01409,True,0.971,160.8621,1.04437,1.00928,False,0.0,False
2018-10-06,Public dataset: NREL PVDAQ (Photovoltaic Data Acquisition) via OEDI data lake,102.0,True,3.2038,5.5306,0.57929,20.81,0.66,95.6307,1.0666,False,0.96968,92.73137,1.09995,1.00928,False,0.0,False
2018-10-07,Public dataset: NREL PVDAQ (Photovoltaic Data Acquisition) via OEDI data lake,43.0,True,3.0926,5.645,0.54785,17.94,0.05,93.66132,0.4591,False,0.96836,90.69788,0.4741,1.00928,False,0.0,False
2018-10-08,Public dataset: NREL PVDAQ (Photovoltaic Data Acquisition) via OEDI data lake,170.0,True,5.5236,5.6834,0.97188,18.22,0.0,174.17895,0.97601,True,0.96704,168.4377,1.00928,1.00928,False,0.0,False
2018-10-09,Public dataset: NREL PVDAQ (Photovoltaic Data Acquisition) via OEDI data lake,170.0,True,5.5663,5.5994,0.99409,19.32,0.0,175.38696,0.96929,True,0.96572,169.37405,1.0037,1.00928,False,0.0,False
2018-10-10,Public dataset: NREL PVDAQ (Photovoltaic Data Acquisition) via OEDI data lake,164.0,True,5.2486,5.4509,0.96289,19.44,0.02,165.86815,0.98874,True,0.96439,159.96233,1.02524,1.00685,False,0.0,False
2018-10-11,Public dataset: NREL PVDAQ (Photovoltaic Data Acquisition) via OEDI data lake,154.0,True,4.2523,5.257,0.80888,19.86,0.64,132.89272,1.15883,False,0.96307,127.98533,1.20326,1.00442,False,0.0,False
2018-10-12,Public dataset: NREL PVDAQ (Photovoltaic Data Acquisition) via OEDI data lake,164.0,True,5.161,5.2164,0.98938,20.02,0.1,164.27874,0.9983,True,0.96175,157.99519,1.03801,1.0042,False,0.0,False
2018-10-13,Public dataset: NREL PVDAQ (Photovoltaic Data Acquisition) via OEDI data lake,148.0,True,4.9613,5.2469,0.94557,20.1,0.24,157.45123,0.93997,True,0.96043,151.2207,0.9787,1.0037,False,0.0,False
2018-10-14,Public dataset: NREL PVDAQ (Photovoltaic Data Acquisition) via OEDI data lake,167.0,True,5.5637,5.6086,0.99199,16.43,0.0,180.07211,0.92741,True,0.95911,172.70841,0.96695,1.0037,False,0.0,False
2018-10-15,Public dataset: NREL PVDAQ (Photovoltaic Data Acquisition) via OEDI data lake,176.0,True,5.5332,5.5697,0.99345,12.81,0.0,182.94906,0.96202,True,0.95779,175.22587,1.00442,1.00395,False,0.0,False
2018-10-16,Public dataset: NREL PVDAQ (Photovoltaic Data Acquisition) via OEDI data lake,112.0,True,4.5442,5.347,0.84986,13.43,0.0,148.98444,0.75176,False,0.957,142.57877,0.78553,1.00395,False,0.0,False
2018-10-17,Public dataset: NREL PVDAQ (Photovoltaic Data Acquisition) via OEDI data lake,160.0,True,5.1293,5.172,0.99174,15.2,0.0,168.27311,0.95084,True,0.95622,160.90674,0.99436,1.00431,False,0.0,False
2018-10-18,Public dataset: NREL PVDAQ (Photovoltaic Data Acquisition) via OEDI data lake,157.0,True,5.1077,5.1302,0.99561,16.57,0.0,166.86564,0.94088,True,0.95544,159.43063,0.98475,1.00431,False,0.0,False
2018-10-19,Public dataset: NREL PVDAQ (Photovoltaic Data Acquisition) via OEDI data lake,159.0,True,5.0957,5.1233,0.99461,17.77,0.0,165.8552,0.95867,True,0.95466,158.33574,1.0042,1.0042,False,0.0,False
2018-10-20,Public dataset: NREL PVDAQ (Photovoltaic Data Acquisition) via OEDI data lake,140.0,True,4.7088,4.9411,0.95299,20.2,0.03,152.14748,0.92016,True,0.95388,145.13072,0.96465,1.0042,False,0.0,False
2018-10-21,Public dataset: NREL PVDAQ (Photovoltaic Data Acquisition) via OEDI data lake,142.0,True,3.7318,4.7287,0.78918,19.84,4.78,118.50467,1.19827,False,0.9531,112.94694,1.25723,1.0042,False,0.0,False
2018-10-22,Public dataset: NREL PVDAQ (Photovoltaic Data Acquisition) via OEDI data lake,155.0,True,4.332,4.7587,0.91033,18.94,3.6,140.76095,1.10116,True,0.95232,134.04955,1.15629,1.0042,False,0.0,False
2018-10-23,Public dataset: NREL PVDAQ (Photovoltaic Data Acquisition) via OEDI data lake,152.0,True,4.5029,4.7573,0.94652,19.14,0.0,147.25661,1.03221,True,0.95154,140.12055,1.08478,1.0042,False,0.0,False
2018-10-24,Public dataset: NREL PVDAQ (Photovoltaic Data Acquisition) via OEDI data lake,151.0,True,4.6145,4.657,0.99087,19.85,0.0,150.67131,1.00218,True,0.95076,143.25215,1.05409,1.00136,False,0.0,False
2018-10-25,Public dataset: NREL PVDAQ (Photovoltaic Data Acquisition) via OEDI data lake,146.0,True,4.4758,4.7059,0.9511,21.29,0.0,146.11516,0.99921,True,0.94998,138.80629,1.05183,1.02043,False,0.0,False
2018-10-26,Public dataset: NREL PVDAQ (Photovoltaic Data Acquisition) via OEDI data lake,141.0,True,4.6238,4.6882,0.98626,20.11,0.0,152.00627,0.92759,True,0.9492,144.28405,0.97724,1.04191,False,0.0,False
2018-10-27,Public dataset: NREL PVDAQ (Photovoltaic Data Acquisition) via OEDI data lake,141.0,True,4.153,4.5725,0.90826,20.89,0.0,134.94712,1.04485,True,0.94842,127.98619,1.10168,1.04949,False,0.0,False
2018-10-28,Public dataset: NREL PVDAQ (Photovoltaic Data Acquisition) via OEDI data lake,136.0,True,4.3932,4.56,0.96342,20.42,0.0,143.84679,0.94545,True,0.94764,136.3145,0.99769,1.05183,False,0.0,False
2018-10-29,Public dataset: NREL PVDAQ (Photovoltaic Data Acquisition) via OEDI data lake,138.0,True,4.4695,4.5706,0.97788,20.18,0.0,145.99111,0.94526,True,0.94686,138.23257,0.99832,1.04949,False,0.0,False
2018-10-30,Public dataset: NREL PVDAQ (Photovoltaic Data Acquisition) via OEDI data lake,153.0,True,4.6313,4.6637,0.99305,16.71,0.0,156.00204,0.98076,True,0.94608,147.5897,1.03666,1.04191,False,0.0,False
2018-10-31,Public dataset: NREL PVDAQ (Photovoltaic Data Acquisition) via OEDI data lake,149.0,True,4.5857,4.6176,0.99309,14.04,0.0,157.85471,0.94391,True,0.94529,149.21924,0.99853,1.02362,False,0.0,False
2018-11-01,Public dataset: NREL PVDAQ (Photovoltaic Data Acquisition) via OEDI data lake,139.0,True,4.0267,4.3325,0.92942,16.94,0.0,134.98978,1.02971,True,0.94451,127.49976,1.0902,1.00455,False,0.0,False
2018-11-02,Public dataset: NREL PVDAQ (Photovoltaic Data Acquisition) via OEDI data lake,140.0,True,4.2233,4.3889,0.96227,18.29,0.0,141.66597,0.98824,True,0.94373,133.69493,1.04716,0.99842,False,0.0,False
2018-11-03,Public dataset: NREL PVDAQ (Photovoltaic Data Acquisition) via OEDI data lake,138.0,True,3.9802,4.3807,0.90858,17.83,0.0,133.32862,1.03504,True,0.94295,125.72262,1.09765,0.99842,False,0.0,False
2018-11-04,Public dataset: NREL PVDAQ (Photovoltaic Data Acquisition) via OEDI data lake,111.0,True,3.4874,4.2451,0.82151,17.02,0.0,115.23021,0.96329,False,0.94217,108.56671,1.02241,0.99801,False,0.0,False
2018-11-05,Public dataset: NREL PVDAQ (Photovoltaic Data Acquisition) via OEDI data lake,136.0,True,4.2072,4.2972,0.97906,17.88,0.0,142.95511,0.95135,True,0.94139,134.57675,1.01058,0.9957,False,0.0,False
2018-11-06,Public dataset: NREL PVDAQ (Photovoltaic Data Acquisition) via OEDI data lake,136.0,True,4.3306,4.362,0.9928,17.68,0.0,148.79087,0.91403,True,0.94061,139.95433,0.97175,0.99581,False,0.0,False
2018-11-07,Public dataset: NREL PVDAQ (Photovoltaic Data Acquisition) via OEDI data lake,135.0,True,4.2761,4.3193,0.99,15.53,0.0,148.04356,0.91189,True,0.93983,139.13584,0.97027,0.99198,False,0.0,False
2018-11-08,Public dataset: NREL PVDAQ (Photovoltaic Data Acquisition) via OEDI data lake,142.0,True,4.3082,4.3363,0.99352,11.94,0.0,152.6083,0.93049,True,0.93905,143.30678,0.99088,0.98974,False,0.0,False
2018-11-09,Public dataset: NREL PVDAQ (Photovoltaic Data Acquisition) via OEDI data lake,139.0,True,4.2444,4.2713,0.9937,10.3,0.0,151.07162,0.92009,True,0.93827,141.74584,0.98063,0.9886,False,0.0,False
2018-11-10,Public dataset: NREL PVDAQ (Photovoltaic Data Acquisition) via OEDI data lake,137.0,True,4.1722,4.2151,0.98982,10.84,0.0,147.82042,0.9268,True,0.93749,138.57994,0.9886,0.9886,False,0.0,False
2018-11-11,Public dataset: NREL PVDAQ (Photovoltaic Data Acquisition) via OEDI data lake,141.0,True,4.2516,4.278,0.99383,9.0,0.0,152.87224,0.92234,True,0.93671,143.19663,0.98466,0.98466,False,0.0,False
2018-11-12,Public dataset: NREL PVDAQ (Photovoltaic Data Acquisition) via OEDI data lake,139.0,True,4.1242,4.163,0.99068,7.25,0.0,149.54995,0.92946,True,0.93593,139.96786,0.99309,0.9836,False,0.0,False
2018-11-13,Public dataset: NREL PVDAQ (Photovoltaic Data Acquisition) via OEDI data lake,131.0,True,3.6163,4.0128,0.90119,7.76,0.0,130.14789,1.00655,True,0.93515,121.70735,1.07635,0.9836,False,0.0,False
2018-11-14,Public dataset: NREL PVDAQ (Photovoltaic Data Acquisition) via OEDI data lake,124.0,True,3.779,3.9024,0.96838,11.0,0.0,135.06965,0.91804,True,0.93437,126.20448,0.98253,0.98663,False,0.0,False
2018-11-15,Public dataset: NREL PVDAQ (Photovoltaic Data Acquisition) via OEDI data lake,120.0,True,3.7567,3.8402,0.97826,12.97,0.0,133.5147,0.89878,True,0.93359,124.64736,0.96272,0.98974,False,0.0,False
2018-11-16,Public dataset: NREL PVDAQ (Photovoltaic Data Acquisition) via OEDI data lake,95.0,True,3.1013,3.7046,0.83715,12.93,0.0,107.27835,0.88555,False,0.93229,100.015,0.94986,0.98663,False,0.0,False
2018-11-17,Public dataset: NREL PVDAQ (Photovoltaic Data Acquisition) via OEDI data lake,114.0,True,3.4416,3.6439,0.94448,13.12,0.0,121.58547,0.93761,True,0.931,113.19648,1.0071,0.98663,False,0.0,False
2018-11-18,Public dataset: NREL PVDAQ (Photovoltaic Data Acquisition) via OEDI data lake,121.0,True,3.8237,3.853,0.9924,10.72,0.0,138.94013,0.87088,True,0.92971,129.17435,0.93672,0.98466,False,0.0,False
2018-11-19,Public dataset: NREL PVDAQ (Photovoltaic Data Acquisition) via OEDI data lake,117.0,True,3.6422,3.925,0.92795,9.59,0.0,132.20624,0.88498,True,0.92842,122.7431,0.95321,0.99309,False,0.0,False
2018-11-20,Public dataset: NREL PVDAQ (Photovoltaic Data Acquisition) via OEDI data lake,115.0,True,3.3012,3.7046,0.89111,10.45,0.0,119.01274,0.96628,True,0.92713,110.34033,1.04223,0.99334,False,0.0,False
2018-11-21,Public dataset: NREL PVDAQ (Photovoltaic Data Acquisition) via OEDI data lake,114.0,True,3.3876,3.6134,0.93751,11.72,0.0,121.59767,0.93752,True,0.92584,112.57991,1.01261,0.98253,False,0.0,False
2018-11-22,Public dataset: NREL PVDAQ (Photovoltaic Data Acquisition) via OEDI data lake,107.0,True,3.1255,3.5674,0.87613,12.39,0.22,110.39331,0.96926,True,0.92455,102.06396,1.04836,0.98343,False,0.0,False
2018-11-23,Public dataset: NREL PVDAQ (Photovoltaic Data Acquisition) via OEDI data lake,100.0,True,3.2738,3.595,0.91065,10.84,0.0,118.46264,0.84415,True,0.92326,109.37151,0.91431,1.00415,False,0.0,False
2018-11-24,Public dataset: NREL PVDAQ (Photovoltaic Data Acquisition) via OEDI data lake,111.0,True,3.5299,3.57,0.98877,12.13,0.0,128.88715,0.86122,True,0.92197,118.82963,0.93411,1.00562,False,0.0,False
2018-11-25,Public dataset: NREL PVDAQ (Photovoltaic Data Acquisition) via OEDI data lake,102.0,True,2.9587,3.553,0.83273,9.08,0.0,106.61946,0.95667,False,0.92068,98.16193,1.0391,1.00838,False,0.0,False
2018-11-26,Public dataset: NREL PVDAQ (Photovoltaic Data Acquisition) via OEDI data lake,112.0,True,3.3134,3.582,0.92501,9.13,0.0,121.31744,0.9232,True,0.91938,111.53737,1.00415,1.00838,False,0.0,False
2018-11-27,Public dataset: NREL PVDAQ (Photovoltaic Data Acquisition) via OEDI data lake,96.0,True,2.9172,3.4354,0.84916,10.79,0.0,103.87946,0.92415,False,0.91809,95.37106,1.00659,1.01261,False,0.0,False
2018-11-28,Public dataset: NREL PVDAQ (Photovoltaic Data Acquisition) via OEDI data lake,94.0,True,2.3045,3.3024,0.69783,13.01,0.21,76.56336,1.22774,False,0.9168,70.19349,1.33916,1.00838,False,0.0,False
2018-11-29,Public dataset: NREL PVDAQ (Photovoltaic Data Acquisition) via OEDI data lake,40.0,True,1.3078,3.329,0.39285,10.62,7.23,40.6442,,False,0.91551,37.21024,,1.00415,False,0.0,False
2018-11-30,Public dataset: NREL PVDAQ (Photovoltaic Data Acquisition) via OEDI data lake,105.0,True,2.8752,3.4411,0.83555,9.76,0.5,103.929,1.01031,False,0.91422,95.01403,1.1051,1.00292,False,0.0,False
2018-12-01,Public dataset: NREL PVDAQ (Photovoltaic Data Acquisition) via OEDI data lake,117.0,True,3.0818,3.3943,0.90793,8.7,0.0,113.67389,1.02926,True,0.91293,103.77626,1.12743,1.00292,False,0.0,False
2018-12-02,Public dataset: NREL PVDAQ (Photovoltaic Data Acquisition) via OEDI data lake,124.0,True,3.4886,3.5436,0.98448,7.21,0.0,133.62305,0.92798,True,0.91164,121.81593,1.01793,1.01104,False,0.0,False
2018-12-03,Public dataset: NREL PVDAQ (Photovoltaic Data Acquisition) via OEDI data lake,117.0,True,3.3434,3.4454,0.9704,5.06,0.0,128.30617,0.91188,True,0.91035,116.80322,1.00168,1.01104,False,0.0,False
2018-12-04,Public dataset: NREL PVDAQ (Photovoltaic Data Acquisition) via OEDI data lake,91.0,True,2.8087,3.3113,0.84822,5.51,0.0,103.77722,0.87688,False,0.90906,94.33937,0.9646,1.00981,False,0.0,False
2018-12-05,Public dataset: NREL PVDAQ (Photovoltaic Data Acquisition) via OEDI data lake,32.0,True,1.3315,3.2688,0.40734,5.8,0.14,42.28344,,False,0.90777,38.38345,,1.01793,False,0.0,False
2018-12-06,Public dataset: NREL PVDAQ (Photovoltaic Data Acquisition) via OEDI data lake,32.0,True,1.5557,3.2062,0.48522,7.9,1.88,49.8163,0.64236,False,0.90647,45.15722,0.70864,1.00981,False,0.0,False
2018-12-07,Public dataset: NREL PVDAQ (Photovoltaic Data Acquisition) via OEDI data lake,49.0,True,1.8103,3.2244,0.56144,8.61,3.39,59.16079,0.82825,False,0.90518,53.55139,0.91501,1.00981,False,0.0,False
2018-12-08,Public dataset: NREL PVDAQ (Photovoltaic Data Acquisition) via OEDI data lake,108.0,True,3.2141,3.3113,0.97065,9.94,0.0,121.46182,0.88917,True,0.90389,109.78845,0.98371,1.00168,False,0.0,False
2018-12-09,Public dataset: NREL PVDAQ (Photovoltaic Data Acquisition) via OEDI data lake,111.0,True,3.0372,3.2455,0.93582,8.28,0.0,113.84376,0.97502,True,0.9026,102.75558,1.08023,0.98371,True,0.01629,False
2018-12-10,Public dataset: NREL PVDAQ (Photovoltaic Data Acquisition) via OEDI data lake,98.0,True,2.0899,3.1956,0.65399,9.56,0.0,70.66685,1.38679,False,0.90131,63.69279,1.53864,0.9703,True,0.0297,False
2018-12-11,Public dataset: NREL PVDAQ (Photovoltaic Data Acquisition) via OEDI data lake,103.0,True,3.186,3.2443,0.98203,10.81,0.0,120.07977,0.85776,True,0.90002,108.07417,0.95305,0.9703,True,0.0297,False
2018-12-12,Public dataset: NREL PVDAQ (Photovoltaic Data Acquisition) via OEDI data lake,106.0,True,3.0269,3.3283,0.90944,9.4,0.0,113.38805,0.93484,True,0.89873,101.90511,1.04018,0.95689,True,0.04311,False
2018-12-13,Public dataset: NREL PVDAQ (Photovoltaic Data Acquisition) via OEDI data lake,105.0,True,3.2434,3.2736,0.99077,6.47,0.0,125.30545,0.83795,True,0.89744,112.45385,0.93372,0.95689,True,0.04311,False
2018-12-14,Public dataset: NREL PVDAQ (Photovoltaic Data Acquisition) via OEDI data lake,66.0,True,2.2454,3.1598,0.71061,6.75,0.0,78.69369,0.83869,False,0.89615,70.5211,0.93589,0.95689,True,0.04311,False
2018-12-15,Public dataset: NREL PVDAQ (Photovoltaic Data Acquisition) via OEDI data lake,104.0,True,3.2357,3.2782,0.98704,8.89,0.0,123.92772,0.8392,True,0.89486,110.89745,0.9378,0.95497,True,0.04503,False
2018-12-16,Public dataset: NREL PVDAQ (Photovoltaic Data Acquisition) via OEDI data lake,103.0,True,3.1541,3.1961,0.98686,9.97,0.0,119.83577,0.85951,True,0.89823,107.63986,0.95689,0.95305,True,0.04695,False
2018-12-17,Public dataset: NREL PVDAQ (Photovoltaic Data Acquisition) via OEDI data lake,54.0,True,1.7902,3.0946,0.57849,10.18,0.06,59.47905,0.90788,False,0.9016,53.62634,1.00697,0.95041,True,0.04959,False
2018-12-18,Public dataset: NREL PVDAQ (Photovoltaic Data Acquisition) via OEDI data lake,93.0,True,2.7838,3.2098,0.86728,9.84,0.0,102.13628,0.91055,True,0.90497,92.43055,1.00616,0.95041,True,0.04959,False
2018-12-19,Public dataset: NREL PVDAQ (Photovoltaic Data Acquisition) via OEDI data lake,99.0,True,3.0619,3.2311,0.94763,10.36,0.0,114.99575,0.8609,True,0.90835,104.45582,0.94777,0.94976,True,0.05024,False
2018-12-20,Public dataset: NREL PVDAQ (Photovoltaic Data Acquisition) via OEDI data lake,83.0,True,2.616,3.2162,0.81338,10.31,0.0,94.6498,0.87692,False,0.91172,86.29386,0.96183,0.94777,True,0.05223,False
2018-12-21,Public dataset: NREL PVDAQ (Photovoltaic Data Acquisition) via OEDI data lake,67.0,True,2.4542,3.1282,0.78454,10.66,0.0,88.76986,0.75476,False,0.91509,81.23238,0.82479,0.94976,True,0.05024,False
2018-12-22,Public dataset: NREL PVDAQ (Photovoltaic Data Acquisition) via OEDI data lake,99.0,True,3.2052,3.3106,0.96816,9.65,0.0,121.03974,0.81791,True,0.91846,111.1704,0.89052,0.94777,True,0.05223,False
2018-12-23,Public dataset: NREL PVDAQ (Photovoltaic Data Acquisition) via OEDI data lake,77.0,True,2.3482,3.1567,0.74388,9.66,0.0,83.59851,0.92107,False,0.92183,77.06397,0.99917,0.94777,True,0.05223,False
2018-12-24,Public dataset: NREL PVDAQ (Photovoltaic Data Acquisition) via OEDI data lake,82.0,True,2.4173,3.1526,0.76676,9.31,0.01,86.3971,0.94911,False,0.92521,79.93516,1.02583,0.936,True,0.064,False
2018-12-25,Public dataset: NREL PVDAQ (Photovoltaic Data Acquisition) via OEDI data lake,79.0,True,1.997,3.1601,0.63194,8.02,0.49,68.0577,1.16078,False,0.92858,63.19694,1.25006,0.92493,True,0.07507,False
2018-12-26,Public dataset: NREL PVDAQ (Photovoltaic Data Acquisition) via OEDI data lake,109.0,True,3.192,3.3286,0.95896,6.87,0.0,122.88935,0.88698,True,0.93195,114.52687,0.95174,0.90745,True,0.09255,False
2018-12-27,Public dataset: NREL PVDAQ (Photovoltaic Data Acquisition) via OEDI data lake,100.0,True,2.7449,3.311,0.82902,5.06,0.06,103.2661,0.96837,False,0.93532,96.5872,1.03533,0.89938,True,0.10062,False
2018-12-28,Public dataset: NREL PVDAQ (Photovoltaic Data Acquisition) via OEDI data lake,83.0,True,2.7878,3.3377,0.83525,3.07,0.0,105.76172,0.78478,False,0.9387,99.27807,0.83604,0.89771,True,0.10229,False
2018-12-29,Public dataset: NREL PVDAQ (Photovoltaic Data Acquisition) via OEDI data lake,110.0,True,3.251,3.2935,0.9871,3.13,0.0,127.77182,0.86091,True,0.94207,120.36974,0.91385,0.89771,True,0.10229,False
2018-12-30,Public dataset: NREL PVDAQ (Photovoltaic Data Acquisition) via OEDI data lake,108.0,True,3.1826,3.2978,0.96507,5.31,0.0,122.04307,0.88493,True,0.94544,115.38443,0.936,0.89938,True,0.10062,False
2018-12-31,Public dataset: NREL PVDAQ (Photovoltaic Data Acquisition) via OEDI data lake,65.0,True,3.0898,3.4025,0.9081,3.66,0.46,118.83009,0.547,True,0.94881,112.74749,0.57651,0.89938,True,0.10062,False
2019-01-01,Public dataset: NREL PVDAQ (Photovoltaic Data Acquisition) via OEDI data lake,116.0,True,3.4056,3.4598,0.98433,0.13,0.0,135.20295,0.85797,True,0.95218,128.73821,0.90105,0.89938,True,0.10062,False
2019-01-02,Public dataset: NREL PVDAQ (Photovoltaic Data Acquisition) via OEDI data lake,113.0,True,3.324,3.3972,0.97845,0.37,0.0,131.73038,0.85781,True,0.95556,125.87591,0.89771,0.90105,True,0.09895,False
2019-01-03,Public dataset: NREL PVDAQ (Photovoltaic Data Acquisition) via OEDI data lake,109.0,True,3.3266,3.3461,0.99417,3.31,0.0,129.64275,0.84077,True,0.95893,124.31825,0.87678,0.90105,True,0.09895,False
2019-01-04,Public dataset: NREL PVDAQ (Photovoltaic Data Acquisition) via OEDI data lake,109.0,True,3.2962,3.3929,0.9715,5.25,0.0,126.56171,0.86124,True,0.9623,121.79056,0.89498,0.90105,True,0.09895,False
2019-01-05,Public dataset: NREL PVDAQ (Photovoltaic Data Acquisition) via OEDI data lake,28.0,True,1.4124,3.2885,0.4295,4.56,6.32,45.81514,,False,0.96567,44.2425,,0.90105,True,0.09895,False
2019-01-06,Public dataset: NREL PVDAQ (Photovoltaic Data Acquisition) via OEDI data lake,98.0,True,1.7261,3.3547,0.51453,5.65,3.46,56.80333,1.72525,False,0.96905,55.04506,1.78036,0.90105,True,0.09895,False
2019-01-07,Public dataset: NREL PVDAQ (Photovoltaic Data Acquisition) via OEDI data lake,37.0,True,1.6973,3.2573,0.52108,7.11,0.09,54.67823,0.67669,False,0.97242,53.17013,0.69588,0.89938,True,0.10062,False
2019-01-08,Public dataset: NREL PVDAQ (Photovoltaic Data Acquisition) via OEDI data lake,91.0,True,2.5579,3.2801,0.77982,7.57,0.0,90.77246,1.00251,False,0.97579,88.57495,1.02738,0.90105,True,0.09895,False
2019-01-09,Public dataset: NREL PVDAQ (Photovoltaic Data Acquisition) via OEDI data lake,113.0,True,3.2218,3.3953,0.9489,9.46,0.0,119.33169,0.94694,True,0.97916,116.84521,0.96709,0.90039,True,0.09961,False
2019-01-10,Public dataset: NREL PVDAQ (Photovoltaic Data Acquisition) via OEDI data lake,109.0,True,3.3139,3.3986,0.97508,10.04,0.03,122.84593,0.88729,True,0.98254,120.7005,0.90306,0.90306,True,0.09694,False
2019-01-11,Public dataset: NREL PVDAQ (Photovoltaic Data Acquisition) via OEDI data lake,100.0,True,2.747,3.4997,0.78492,7.97,0.0,97.87267,1.02174,False,0.98591,96.49343,1.03634,0.91267,True,0.08733,False
2019-01-12,Public dataset: NREL PVDAQ (Photovoltaic Data Acquisition) via OEDI data lake,63.0,True,2.5303,3.461,0.73109,6.49,0.01,89.17528,0.70647,False,0.98928,88.21933,0.71413,0.93808,True,0.06192,False
2019-01-13,Public dataset: NREL PVDAQ (Photovoltaic Data Acquisition) via OEDI data lake,118.0,True,3.4517,3.5664,0.96784,6.09,0.0,130.24802,0.90596,True,0.99265,129.29102,0.91267,0.93808,True,0.06192,False
2019-01-14,Public dataset: NREL PVDAQ (Photovoltaic Data Acquisition) via OEDI data lake,49.0,True,2.1742,3.4205,0.63564,6.64,7.82,72.88499,0.67229,False,0.99602,72.59526,0.67498,0.93808,True,0.06192,False
2019-01-15,Public dataset: NREL PVDAQ (Photovoltaic Data Acquisition) via OEDI data lake,13.0,True,0.9089,3.3566,0.27078,7.06,10.54,28.66498,,False,0.9994,28.6477,,0.93518,True,0.06482,False
2019-01-16,Public dataset: NREL PVDAQ (Photovoltaic Data Acquisition) via OEDI data lake,79.0,True,2.022,3.443,0.58728,8.75,0.46,65.53991,1.20537,False,0.99937,65.4988,1.20613,0.93227,True,0.06773,False
2019-01-17,Public dataset: NREL PVDAQ (Photovoltaic Data Acquisition) via OEDI data lake,57.0,True,1.9236,3.4284,0.56108,10.51,3.47,61.74211,0.92319,False,0.99935,61.70187,0.9238,0.93227,True,0.06773,False
2019-01-18,Public dataset: NREL PVDAQ (Photovoltaic Data Acquisition) via OEDI data lake,124.0,True,3.4848,3.6163,0.96364,9.97,0.0,128.05977,0.9683,True,0.99932,127.97318,0.96895,0.93227,True,0.06773,False
2019-01-19,Public dataset: NREL PVDAQ (Photovoltaic Data Acquisition) via OEDI data lake,116.0,True,3.4008,3.6209,0.93921,9.48,0.0,123.74296,0.93743,True,0.9993,123.65627,0.93808,0.93466,True,0.06534,False
2019-01-20,Public dataset: NREL PVDAQ (Photovoltaic Data Acquisition) via OEDI data lake,98.0,True,2.4854,3.6005,0.69029,9.36,0.0,84.14487,1.16466,False,0.99928,84.08386,1.1655,0.93227,True,0.06773,False
2019-01-21,Public dataset: NREL PVDAQ (Photovoltaic Data Acquisition) via OEDI data lake,77.0,True,1.4674,3.8256,0.38357,8.75,0.2,45.89693,,False,0.99925,45.86254,,0.93227,True,0.06773,False
2019-01-22,Public dataset: NREL PVDAQ (Photovoltaic Data Acquisition) via OEDI data lake,138.0,True,3.9262,3.9809,0.98626,4.16,0.0,148.14017,0.93155,True,0.99923,148.02555,0.93227,0.93227,True,0.06773,False
2019-01-23,Public dataset: NREL PVDAQ (Photovoltaic Data Acquisition) via OEDI data lake,127.0,True,3.7466,3.8206,0.98063,5.57,0.0,139.0419,0.91339,True,0.9992,138.93092,0.91412,0.93466,True,0.06534,False
2019-01-24,Public dataset: NREL PVDAQ (Photovoltaic Data Acquisition) via OEDI data lake,133.0,True,3.8681,3.9346,0.9831,7.94,0.0,142.05216,0.93628,True,0.99918,141.93531,0.93705,0.93466,True,0.06534,False
2019-01-25,Public dataset: NREL PVDAQ (Photovoltaic Data Acquisition) via OEDI data lake,127.0,True,3.8489,3.9485,0.97478,7.8,0.0,140.38689,0.90464,True,0.99915,140.26799,0.90541,0.93227,True,0.06773,False
2019-01-26,Public dataset: NREL PVDAQ (Photovoltaic Data Acquisition) via OEDI data lake,135.0,True,3.8657,3.9862,0.96977,8.73,0.0,139.48061,0.96788,True,0.99913,139.35906,0.96872,0.92969,True,0.07031,False
2019-01-27,Public dataset: NREL PVDAQ (Photovoltaic Data Acquisition) via OEDI data lake,121.0,True,3.6799,3.9466,0.93242,11.18,0.0,130.6672,0.92602,True,0.9991,130.55015,0.92685,0.9271,True,0.0729,False
2019-01-28,Public dataset: NREL PVDAQ (Photovoltaic Data Acquisition) via OEDI data lake,116.0,True,3.7346,3.9689,0.94097,11.07,0.0,131.80392,0.8801,True,0.99908,131.68264,0.88091,0.9271,True,0.0729,False
2019-01-29,Public dataset: NREL PVDAQ (Photovoltaic Data Acquisition) via OEDI data lake,90.0,True,3.0446,3.881,0.78449,10.76,0.0,103.14689,0.87254,False,0.99906,103.04945,0.87337,0.9271,True,0.0729,False
2019-01-30,Public dataset: NREL PVDAQ (Photovoltaic Data Acquisition) via OEDI data lake,128.0,True,3.7613,4.0032,0.93957,10.53,0.0,133.01595,0.96229,True,0.99903,132.88705,0.96322,0.9271,True,0.0729,False
2019-01-31,Public dataset: NREL PVDAQ (Photovoltaic Data Acquisition) via OEDI data lake,86.0,True,2.7228,3.9614,0.68733,11.24,0.0,89.85279,0.95712,False,0.99901,89.76353,0.95807,0.9271,True,0.0729,False
2019-02-01,Public dataset: NREL PVDAQ (Photovoltaic Data Acquisition) via OEDI data lake,125.0,True,3.8702,4.0651,0.95206,12.03,0.0,134.96596,0.92616,True,0.99898,134.82859,0.9271,0.9271,True,0.0729,False
2019-02-02,Public dataset: NREL PVDAQ (Photovoltaic Data Acquisition) via OEDI data lake,15.0,True,0.9098,4.0318,0.22566,12.24,10.52,27.90799,,False,0.99896,27.87891,,0.94516,True,0.05484,False
2019-02-03,Public dataset: NREL PVDAQ (Photovoltaic Data Acquisition) via OEDI data lake,45.0,True,3.1104,4.1868,0.74291,9.24,0.05,105.15794,0.42793,False,0.99893,105.04578,0.42838,0.9271,True,0.0729,False
2019-02-04,Public dataset: NREL PVDAQ (Photovoltaic Data Acquisition) via OEDI data lake,67.0,True,1.9075,4.2221,0.45179,9.41,2.36,59.93045,1.11796,False,0.99891,59.86506,1.11918,0.96322,True,0.03678,False
2019-02-05,Public dataset: NREL PVDAQ (Photovoltaic Data Acquisition) via OEDI data lake,63.0,True,2.4454,4.3891,0.55715,6.43,3.89,79.65804,0.79088,False,0.99888,79.56919,0.79176,0.9759,True,0.0241,False
2019-02-06,Public dataset: NREL PVDAQ (Photovoltaic Data Acquisition) via OEDI data lake,150.0,True,4.0265,4.6058,0.87422,2.76,0.0,144.94916,1.03485,True,0.99886,144.78395,1.03603,0.9759,True,0.0241,False
2019-02-07,Public dataset: NREL PVDAQ (Photovoltaic Data Acquisition) via OEDI data lake,152.0,True,4.5775,4.6687,0.98047,2.4,0.0,166.63712,0.91216,True,0.99884,166.44312,0.91322,0.98858,True,0.01142,False
2019-02-08,Public dataset: NREL PVDAQ (Photovoltaic Data Acquisition) via OEDI data lake,157.0,True,4.4119,4.6183,0.95531,3.79,0.0,159.00219,0.98741,True,0.99881,158.81319,0.98858,0.95784,True,0.04216,False
2019-02-09,Public dataset: NREL PVDAQ (Photovoltaic Data Acquisition) via OEDI data lake,,False,3.5899,4.5319,0.79214,5.61,0.0,123.51076,,False,0.99879,123.36094,,0.9509,True,0.0491,False
2019-02-10,Public dataset: NREL PVDAQ (Photovoltaic Data Acquisition) via OEDI data lake,152.0,True,3.3934,4.5809,0.74077,5.55,0.85,115.64408,1.31438,False,0.99876,115.50098,1.31601,0.9509,True,0.0491,False
2019-02-11,Public dataset: NREL PVDAQ (Photovoltaic Data Acquisition) via OEDI data lake,162.0,True,4.4218,4.7952,0.92213,3.36,0.0,157.43747,1.02898,True,0.99874,157.23881,1.03028,0.9509,True,0.0491,False
2019-02-12,Public dataset: NREL PVDAQ (Photovoltaic Data Acquisition) via OEDI data lake,143.0,True,4.015,4.8257,0.832,5.4,0.0,139.31123,1.02648,False,0.99871,139.13204,1.0278,0.98858,True,0.01142,False
2019-02-13,Public dataset: NREL PVDAQ (Photovoltaic Data Acquisition) via OEDI data lake,53.0,True,1.6382,4.597,0.35636,6.97,0.17,51.08963,1.03739,False,0.99869,51.02267,1.03875,0.98858,True,0.01142,False
2019-02-14,Public dataset: NREL PVDAQ (Photovoltaic Data Acquisition) via OEDI data lake,9.0,True,0.7601,4.5295,0.16781,7.35,29.8,24.04326,,False,0.99866,24.01116,,0.9509,True,0.0491,False
2019-02-15,Public dataset: NREL PVDAQ (Photovoltaic Data Acquisition) via OEDI data lake,136.0,True,4.5456,4.8799,0.93149,8.45,0.19,156.84661,0.86709,True,0.99864,156.63339,0.86827,1.00943,False,0.0,False
2019-02-16,Public dataset: NREL PVDAQ (Photovoltaic Data Acquisition) via OEDI data lake,125.0,True,4.4638,4.9896,0.89462,7.03,0.17,152.91218,0.81746,True,0.99829,152.65067,0.81886,1.03776,False,0.0,False
2019-02-17,Public dataset: NREL PVDAQ (Photovoltaic Data Acquisition) via OEDI data lake,99.0,True,3.2738,4.9723,0.65841,4.22,2.9,110.16052,0.89869,False,0.99794,109.93348,0.90054,1.03028,False,0.0,False
2019-02-18,Public dataset: NREL PVDAQ (Photovoltaic Data Acquisition) via OEDI data lake,177.0,True,3.9826,5.1535,0.7728,3.82,0.98,135.36768,1.30755,False,0.99759,135.0412,1.31071,1.02275,False,0.0,False
2019-02-19,Public dataset: NREL PVDAQ (Photovoltaic Data Acquisition) via OEDI data lake,179.0,True,4.7899,5.2286,0.9161,2.77,0.0,167.21611,1.07047,True,0.99724,166.75416,1.07344,1.01522,False,0.0,False
2019-02-20,Public dataset: NREL PVDAQ (Photovoltaic Data Acquisition) via OEDI data lake,80.0,True,3.0482,4.9778,0.61236,3.12,1.84,100.12124,0.79903,False,0.99689,99.80952,0.80153,0.99823,False,0.0,False
2019-02-21,Public dataset: NREL PVDAQ (Photovoltaic Data Acquisition) via OEDI data lake,56.0,True,2.8315,5.1938,0.54517,1.39,6.2,92.44875,0.60574,False,0.99654,92.12849,0.60785,1.01522,False,0.0,False
2019-02-22,Public dataset: NREL PVDAQ (Photovoltaic Data Acquisition) via OEDI data lake,185.0,True,4.7724,5.3539,0.89139,3.0,0.06,165.20955,1.11979,True,0.99618,164.57928,1.12408,1.01522,False,0.0,False
2019-02-23,Public dataset: NREL PVDAQ (Photovoltaic Data Acquisition) via OEDI data lake,170.0,True,4.7988,5.4048,0.88788,4.56,0.63,163.32224,1.04089,True,0.99583,162.64188,1.04524,1.02127,False,0.0,False
2019-02-24,Public dataset: NREL PVDAQ (Photovoltaic Data Acquisition) via OEDI data lake,175.0,True,5.1089,5.3278,0.95891,6.59,0.0,173.15777,1.01064,True,0.99548,172.37569,1.01522,1.02732,False,0.0,False
2019-02-25,Public dataset: NREL PVDAQ (Photovoltaic Data Acquisition) via OEDI data lake,145.0,True,4.5084,5.2632,0.85659,9.07,0.0,148.49588,0.97646,True,0.99513,147.77309,0.98123,1.03628,False,0.0,False
2019-02-26,Public dataset: NREL PVDAQ (Photovoltaic Data Acquisition) via OEDI data lake,162.0,True,4.1935,5.3213,0.78806,10.64,0.0,135.36903,1.19673,False,0.99478,134.66265,1.20301,1.03628,False,0.0,False
2019-02-27,Public dataset: NREL PVDAQ (Photovoltaic Data Acquisition) via OEDI data lake,140.0,True,4.8679,5.3544,0.90914,12.96,0.0,156.90562,0.89226,True,0.99443,156.03181,0.89725,1.02732,False,0.0,False
2019-02-28,Public dataset: NREL PVDAQ (Photovoltaic Data Acquisition) via OEDI data lake,172.0,True,5.2248,5.3998,0.96759,14.57,0.0,168.42323,1.02124,True,0.99408,167.4262,1.02732,1.03628,False,0.0,False
2019-03-01,Public dataset: NREL PVDAQ (Photovoltaic Data Acquisition) via OEDI data lake,121.0,True,3.8016,5.4742,0.69446,14.34,0.0,119.15751,1.01546,False,0.99373,118.41032,1.02187,1.03628,False,0.0,False
2019-03-02,Public dataset: NREL PVDAQ (Photovoltaic Data Acquisition) via OEDI data lake,127.0,True,2.9237,5.405,0.54093,14.08,4.73,89.67852,1.41617,False,0.99338,89.08473,1.42561,1.03628,False,0.0,False
2019-03-03,Public dataset: NREL PVDAQ (Photovoltaic Data Acquisition) via OEDI data lake,181.0,True,4.4225,5.5627,0.79503,13.41,0.01,141.3403,1.2806,False,0.99303,140.35485,1.28959,1.02732,False,0.0,False
2019-03-04,Public dataset: NREL PVDAQ (Photovoltaic Data Acquisition) via OEDI data lake,177.0,True,4.9802,5.6726,0.87794,12.87,0.0,160.21919,1.10474,True,0.99268,159.04591,1.11289,1.06105,False,0.0,False
2019-03-05,Public dataset: NREL PVDAQ (Photovoltaic Data Acquisition) via OEDI data lake,138.0,True,3.2947,5.5486,0.59379,14.71,0.37,100.13647,1.37812,False,0.99233,99.36805,1.38878,1.09478,False,0.0,False
2019-03-06,Public dataset: NREL PVDAQ (Photovoltaic Data Acquisition) via OEDI data lake,66.0,True,2.1228,5.5116,0.38515,13.11,10.73,64.84085,1.01788,False,0.99198,64.32053,1.02611,1.06105,False,0.0,False
2019-03-07,Public dataset: NREL PVDAQ (Photovoltaic Data Acquisition) via OEDI data lake,193.0,True,5.2831,5.8997,0.89549,12.87,0.05,168.94356,1.14239,True,0.99162,167.52859,1.15204,1.06105,False,0.0,False
2019-03-08,Public dataset: NREL PVDAQ (Photovoltaic Data Acquisition) via OEDI data lake,140.0,True,4.3049,5.8536,0.73543,8.89,0.07,138.58802,1.01019,False,0.99127,137.37868,1.01908,1.05474,False,0.0,False
2019-03-09,Public dataset: NREL PVDAQ (Photovoltaic Data Acquisition) via OEDI data lake,195.0,True,5.5452,6.017,0.92159,8.25,0.0,179.74992,1.08484,True,0.99092,178.11834,1.09478,1.01491,False,0.0,False
2019-03-10,Public dataset: NREL PVDAQ (Photovoltaic Data Acquisition) via OEDI data lake,104.0,True,2.8565,5.9311,0.48161,9.34,0.01,87.90574,1.18309,False,0.99057,87.07699,1.19435,1.0148,False,0.0,False
2019-03-11,Public dataset: NREL PVDAQ (Photovoltaic Data Acquisition) via OEDI data lake,146.0,True,4.7232,5.9892,0.78862,10.92,1.95,148.98016,0.98,False,0.99022,147.52335,0.98967,1.01491,False,0.0,False
2019-03-12,Public dataset: NREL PVDAQ (Photovoltaic Data Acquisition) via OEDI data lake,146.0,True,4.5691,5.9731,0.76495,11.91,3.61,142.67448,1.02331,False,0.98987,141.22928,1.03378,1.0148,False,0.0,False
2019-03-13,Public dataset: NREL PVDAQ (Photovoltaic Data Acquisition) via OEDI data lake,196.0,True,6.0612,6.4862,0.93448,7.96,0.4,196.17589,0.9991,True,0.98952,194.11994,1.00969,1.0148,False,0.0,False
2019-03-14,Public dataset: NREL PVDAQ (Photovoltaic Data Acquisition) via OEDI data lake,205.0,True,6.3523,6.4867,0.97928,7.11,0.0,204.24306,1.00371,True,0.98917,202.03092,1.0147,1.0148,False,0.0,False
2019-03-15,Public dataset: NREL PVDAQ (Photovoltaic Data Acquisition) via OEDI data lake,204.0,True,6.4229,6.5374,0.98249,9.09,0.0,203.60996,1.00192,True,0.98882,201.33325,1.01325,1.0148,False,0.0,False
2019-03-16,Public dataset: NREL PVDAQ (Photovoltaic Data Acquisition) via OEDI data lake,200.0,True,6.3799,6.4421,0.99034,12.01,0.0,199.18578,1.00409,True,0.98933,197.06107,1.01491,1.01491,False,0.0,False
2019-03-17,Public dataset: NREL PVDAQ (Photovoltaic Data Acquisition) via OEDI data lake,192.0,True,6.3389,6.3986,0.99067,14.88,0.0,195.55582,0.98182,True,0.98985,193.57051,0.99189,1.0147,False,0.0,False
2019-03-18,Public dataset: NREL PVDAQ (Photovoltaic Data Acquisition) via OEDI data lake,188.0,True,5.9945,6.2926,0.95263,16.37,0.0,183.48704,1.0246,True,0.99036,181.7187,1.03457,1.01397,False,0.0,False
2019-03-19,Public dataset: NREL PVDAQ (Photovoltaic Data Acquisition) via OEDI data lake,166.0,True,4.8151,6.2928,0.76518,16.92,0.0,146.09832,1.13622,False,0.99088,144.76552,1.14668,1.01397,False,0.0,False
2019-03-20,Public dataset: NREL PVDAQ (Photovoltaic Data Acquisition) via OEDI data lake,48.0,True,1.6956,6.2316,0.2721,13.79,1.25,51.28817,0.93589,False,0.99139,50.84669,0.94401,1.01325,False,0.0,False
2019-03-21,Public dataset: NREL PVDAQ (Photovoltaic Data Acquisition) via OEDI data lake,172.0,True,3.239,6.3353,0.51126,11.17,0.3,98.21814,1.7512,False,0.99191,97.42326,1.76549,1.01325,False,0.0,False
2019-03-22,Public dataset: NREL PVDAQ (Photovoltaic Data Acquisition) via OEDI data lake,192.0,True,6.1373,6.5832,0.93227,13.2,0.0,189.07328,1.01548,True,0.99242,187.64043,1.02323,1.00674,False,0.0,False
2019-03-23,Public dataset: NREL PVDAQ (Photovoltaic Data Acquisition) via OEDI data lake,192.0,True,5.8882,6.4644,0.91087,15.13,0.0,178.6032,1.07501,True,0.99294,177.34164,1.08266,1.00573,False,0.0,False
2019-03-24,Public dataset: NREL PVDAQ (Photovoltaic Data Acquisition) via OEDI data lake,201.0,True,6.7447,6.8422,0.98575,14.43,0.0,204.88949,0.98102,True,0.99345,203.54773,0.98748,1.00232,False,0.0,False
2019-03-25,Public dataset: NREL PVDAQ (Photovoltaic Data Acquisition) via OEDI data lake,203.0,True,6.7306,6.833,0.98501,16.12,0.0,203.06775,0.99967,True,0.99397,201.84245,1.00573,1.00403,False,0.0,False
2019-03-26,Public dataset: NREL PVDAQ (Photovoltaic Data Acquisition) via OEDI data lake,181.0,True,5.6347,6.9041,0.81614,17.98,0.0,168.43297,1.07461,False,0.99448,167.50336,1.08058,1.00232,False,0.0,False
2019-03-27,Public dataset: NREL PVDAQ (Photovoltaic Data Acquisition) via OEDI data lake,158.0,True,6.0233,6.852,0.87906,15.66,0.0,181.52488,0.8704,True,0.995,180.61646,0.87478,0.99966,False,0.0,False
2019-03-28,Public dataset: NREL PVDAQ (Photovoltaic Data Acquisition) via OEDI data lake,174.0,True,6.6418,7.0663,0.93993,15.27,0.0,198.55668,0.87632,True,0.99551,197.66524,0.88028,0.99966,False,0.0,False
2019-03-29,Public dataset: NREL PVDAQ (Photovoltaic Data Acquisition) via OEDI data lake,211.0,True,7.0044,7.0927,0.98755,14.67,0.0,210.42445,1.00274,True,0.99603,209.58805,1.00674,0.99966,False,0.0,False
2019-03-30,Public dataset: NREL PVDAQ (Photovoltaic Data Acquisition) via OEDI data lake,209.0,True,6.9494,7.001,0.99263,13.57,0.0,209.24049,0.99885,True,0.99654,208.51651,1.00232,0.99966,False,0.0,False
2019-03-31,Public dataset: NREL PVDAQ (Photovoltaic Data Acquisition) via OEDI data lake,210.0,True,7.1062,7.1635,0.992,14.49,0.0,212.87821,0.98648,True,0.99705,212.25123,0.98939,0.9932,False,0.0,False
2019-04-01,Public dataset: NREL PVDAQ (Photovoltaic Data Acquisition) via OEDI data lake,167.0,True,5.4804,6.9826,0.78487,17.14,0.0,163.173,1.02345,False,0.99757,162.77641,1.02595,0.99701,False,0.0,False
2019-04-02,Public dataset: NREL PVDAQ (Photovoltaic Data Acquisition) via OEDI data lake,182.0,True,5.2128,6.9317,0.75202,19.06,0.01,152.16106,1.1961,False,0.99808,151.86956,1.1984,0.99701,False,0.0,False
2019-04-03,Public dataset: NREL PVDAQ (Photovoltaic Data Acquisition) via OEDI data lake,199.0,True,6.7812,7.2672,0.93312,17.35,0.01,199.8778,0.99561,True,0.9986,199.59778,0.99701,0.99966,False,0.0,False
2019-04-04,Public dataset: NREL PVDAQ (Photovoltaic Data Acquisition) via OEDI data lake,160.0,True,5.148,6.9874,0.73675,17.61,0.0,151.84091,1.05373,False,0.99911,151.70635,1.05467,1.00232,False,0.0,False
2019-04-05,Public dataset: NREL PVDAQ (Photovoltaic Data Acquisition) via OEDI data lake,194.0,True,6.0307,7.129,0.84594,16.86,0.0,178.52842,1.08666,False,0.99963,178.46212,1.08707,1.00453,False,0.0,False
2019-04-06,Public dataset: NREL PVDAQ (Photovoltaic Data Acquisition) via OEDI data lake,200.0,True,6.6576,7.3399,0.90704,17.38,0.0,195.60717,1.02246,True,1.00014,195.63523,1.02231,0.99966,False,0.0,False
2019-04-07,Public dataset: NREL PVDAQ (Photovoltaic Data Acquisition) via OEDI data lake,196.0,True,7.0346,7.3015,0.96345,20.43,0.0,203.40348,0.9636,True,1.00066,203.53735,0.96297,1.00966,False,0.0,False
2019-04-08,Public dataset: NREL PVDAQ (Photovoltaic Data Acquisition) via OEDI data lake,158.0,True,5.6431,7.2108,0.78259,21.23,0.0,163.43862,0.96672,False,1.00117,163.63033,0.96559,1.02231,False,0.0,False
2019-04-09,Public dataset: NREL PVDAQ (Photovoltaic Data Acquisition) via OEDI data lake,205.0,True,6.8724,7.4309,0.92484,19.77,0.0,197.77022,1.03656,True,1.00169,198.10401,1.03481,1.02231,False,0.0,False
2019-04-10,Public dataset: NREL PVDAQ (Photovoltaic Data Acquisition) via OEDI data lake,233.0,True,7.1273,7.7621,0.91822,14.19,0.0,211.27525,1.10283,True,1.0022,211.74059,1.1004,1.02165,False,0.0,False
2019-04-11,Public dataset: NREL PVDAQ (Photovoltaic Data Acquisition) via OEDI data lake,187.0,True,5.6921,7.6051,0.74846,14.56,0.0,168.94735,1.10685,False,1.00272,169.40643,1.10385,1.02165,False,0.0,False
2019-04-12,Public dataset: NREL PVDAQ (Photovoltaic Data Acquisition) via OEDI data lake,161.0,True,6.0434,7.6834,0.78655,14.06,0.16,180.15663,0.89367,False,1.00323,180.73891,0.89079,1.02099,False,0.0,False
2019-04-13,Public dataset: NREL PVDAQ (Photovoltaic Data Acquisition) via OEDI data lake,224.0,True,7.7621,7.8029,0.99477,15.86,0.0,224.71168,0.99683,True,1.00375,225.55365,0.99311,1.02165,False,0.0,False
2019-04-14,Public dataset: NREL PVDAQ (Photovoltaic Data Acquisition) via OEDI data lake,219.0,True,7.4326,7.531,0.98693,19.06,0.0,211.4968,1.03548,True,1.00426,212.39813,1.03108,1.02099,False,0.0,False
2019-04-15,Public dataset: NREL PVDAQ (Photovoltaic Data Acquisition) via OEDI data lake,164.0,True,5.8349,7.674,0.76035,19.31,0.0,167.78825,0.97742,False,1.00478,168.58968,0.97278,1.03108,False,0.0,False
2019-04-16,Public dataset: NREL PVDAQ (Photovoltaic Data Acquisition) via OEDI data lake,81.0,True,2.9885,7.6327,0.39154,14.87,2.15,89.17926,0.90828,False,1.00551,89.67098,0.9033,1.02604,False,0.0,False
2019-04-17,Public dataset: NREL PVDAQ (Photovoltaic Data Acquisition) via OEDI data lake,231.0,True,7.8814,7.9186,0.9953,17.52,0.0,224.84586,1.02737,True,1.00625,226.25145,1.02099,1.01399,False,0.0,False
2019-04-18,Public dataset: NREL PVDAQ (Photovoltaic Data Acquisition) via OEDI data lake,224.0,True,7.8674,7.9406,0.99078,20.66,0.0,220.90059,1.01403,True,1.00699,222.44442,1.00699,1.01399,False,0.0,False
2019-04-19,Public dataset: NREL PVDAQ (Photovoltaic Data Acquisition) via OEDI data lake,198.0,True,7.1155,7.7839,0.91413,22.3,0.0,198.94867,0.99523,True,1.00773,200.4858,0.9876,1.01842,False,0.0,False
2019-04-20,Public dataset: NREL PVDAQ (Photovoltaic Data Acquisition) via OEDI data lake,215.0,True,7.4066,7.7688,0.95338,22.73,0.0,205.2853,1.04732,True,1.00846,207.02278,1.03853,1.0127,False,0.0,False
2019-04-21,Public dataset: NREL PVDAQ (Photovoltaic Data Acquisition) via OEDI data lake,186.0,True,6.4082,7.9584,0.80521,19.6,0.03,182.75634,1.01775,False,1.0092,184.43791,1.00847,1.0127,False,0.0,False
2019-04-22,Public dataset: NREL PVDAQ (Photovoltaic Data Acquisition) via OEDI data lake,216.0,True,6.8069,7.921,0.85935,18.98,0.03,194.53098,1.11036,True,1.00994,196.46434,1.09944,1.00699,False,0.0,False
2019-04-23,Public dataset: NREL PVDAQ (Photovoltaic Data Acquisition) via OEDI data lake,222.0,True,7.914,7.9968,0.98965,22.5,0.0,219.74363,1.01027,True,1.01068,222.08962,0.9996,1.00699,False,0.0,False
2019-04-24,Public dataset: NREL PVDAQ (Photovoltaic Data Acquisition) via OEDI data lake,215.0,True,7.8166,7.8578,0.99476,24.45,0.0,214.1417,1.00401,True,1.01141,216.58581,0.99268,1.0127,False,0.0,False
2019-04-25,Public dataset: NREL PVDAQ (Photovoltaic Data Acquisition) via OEDI data lake,210.0,True,7.3205,7.7198,0.94828,26.51,0.0,199.66908,1.05174,True,1.01215,202.09526,1.03911,1.00329,False,0.0,False
2019-04-26,Public dataset: NREL PVDAQ (Photovoltaic Data Acquisition) via OEDI data lake,218.0,True,7.8302,7.9898,0.98002,26.81,0.0,211.33414,1.03154,True,1.01289,214.0579,1.01842,0.99614,False,0.0,False
2019-04-27,Public dataset: NREL PVDAQ (Photovoltaic Data Acquisition) via OEDI data lake,202.0,True,7.621,8.1206,0.93848,25.51,0.0,206.7052,0.97724,True,1.01363,209.52175,0.9641,1.00901,False,0.0,False
2019-04-28,Public dataset: NREL PVDAQ (Photovoltaic Data Acquisition) via OEDI data lake,210.0,True,8.0556,8.2378,0.97788,25.23,0.0,217.8753,0.96385,True,1.01436,221.00471,0.95021,1.00901,False,0.0,False
2019-04-29,Public dataset: NREL PVDAQ (Photovoltaic Data Acquisition) via OEDI data lake,64.0,True,1.8749,7.9644,0.23541,20.96,8.34,54.78849,1.16813,False,1.0151,55.61584,1.15075,1.01842,False,0.0,False
2019-04-30,Public dataset: NREL PVDAQ (Photovoltaic Data Acquisition) via OEDI data lake,188.0,True,6.1207,8.058,0.75958,18.59,0.02,174.67581,1.07628,False,1.01584,177.44237,1.0595,1.00901,False,0.0,False
2019-05-01,Public dataset: NREL PVDAQ (Photovoltaic Data Acquisition) via OEDI data lake,239.0,True,8.0731,8.4353,0.95706,17.85,0.0,227.13389,1.05224,True,1.01658,230.89879,1.03509,1.01979,False,0.0,False
2019-05-02,Public dataset: NREL PVDAQ (Photovoltaic Data Acquisition) via OEDI data lake,230.0,True,8.2224,8.2541,0.99616,19.75,0.0,227.90199,1.00921,True,1.01731,231.84769,0.99203,1.02117,False,0.0,False
2019-05-03,Public dataset: NREL PVDAQ (Photovoltaic Data Acquisition) via OEDI data lake,203.0,True,7.8528,8.2056,0.957,22.43,0.0,215.39423,0.94246,True,1.01805,219.28223,0.92575,1.01979,False,0.0,False
2019-05-04,Public dataset: NREL PVDAQ (Photovoltaic Data Acquisition) via OEDI data lake,225.0,True,7.9488,8.0602,0.98618,24.29,0.0,214.98187,1.0466,True,1.01879,219.02096,1.0273,1.02423,False,0.0,False
2019-05-05,Public dataset: NREL PVDAQ (Photovoltaic Data Acquisition) via OEDI data lake,227.0,True,8.0803,8.2147,0.98364,23.47,0.0,218.03662,1.04111,True,1.01953,222.2939,1.02117,1.02423,False,0.0,False
2019-05-06,Public dataset: NREL PVDAQ (Photovoltaic Data Acquisition) via OEDI data lake,232.0,True,7.8154,8.2639,0.94573,20.8,0.0,215.06619,1.07874,True,1.02026,219.42407,1.05731,1.02733,False,0.0,False
2019-05-07,Public dataset: NREL PVDAQ (Photovoltaic Data Acquisition) via OEDI data lake,192.0,True,6.8758,8.1905,0.83948,21.31,0.47,190.63656,1.00715,False,1.021,194.64001,0.98644,1.0273,False,0.0,False
2019-05-08,Public dataset: NREL PVDAQ (Photovoltaic Data Acquisition) via OEDI data lake,230.0,True,7.3325,8.3777,0.87524,22.33,0.01,201.93226,1.139,True,1.02174,206.32184,1.11476,1.0273,False,0.0,False
2019-05-09,Public dataset: NREL PVDAQ (Photovoltaic Data Acquisition) via OEDI data lake,115.0,True,5.2486,8.0602,0.65117,19.57,13.35,150.17491,0.76577,False,1.02248,153.55014,0.74894,1.02423,False,0.0,False
2019-05-10,Public dataset: NREL PVDAQ (Photovoltaic Data Acquisition) via OEDI data lake,213.0,True,5.7334,7.9728,0.71912,18.23,4.98,162.80853,1.30829,False,1.02321,166.58777,1.27861,1.0273,False,0.0,False
2019-05-11,Public dataset: NREL PVDAQ (Photovoltaic Data Acquisition) via OEDI data lake,228.0,True,7.7693,8.3232,0.93345,21.22,0.16,213.73506,1.06674,True,1.02395,218.85407,1.04179,1.0273,False,0.0,False
2019-05-12,Public dataset: NREL PVDAQ (Photovoltaic Data Acquisition) via OEDI data lake,231.0,True,8.2966,8.4694,0.9796,23.07,0.0,223.8975,1.03172,True,1.02469,229.42502,1.00686,1.02427,False,0.0,False
2019-05-13,Public dataset: NREL PVDAQ (Photovoltaic Data Acquisition) via OEDI data lake,224.0,True,7.9541,8.2498,0.96416,25.38,0.0,212.62718,1.05349,True,1.02543,218.03326,1.02737,1.02737,False,0.0,False
2019-05-14,Public dataset: NREL PVDAQ (Photovoltaic Data Acquisition) via OEDI data lake,225.0,True,8.4082,8.6016,0.97752,25.86,0.0,222.44093,1.0115,True,1.02616,228.26057,0.98572,1.01712,False,0.0,False
2019-05-15,Public dataset: NREL PVDAQ (Photovoltaic Data Acquisition) via OEDI data lake,190.0,True,6.336,8.4559,0.7493,24.92,0.0,172.91455,1.09881,False,1.0269,177.56596,1.07002,1.01712,False,0.0,False
2019-05-16,Public dataset: NREL PVDAQ (Photovoltaic Data Acquisition) via OEDI data lake,159.0,True,4.5214,8.4336,0.53612,17.9,1.05,129.25521,1.23012,False,1.02622,132.64476,1.19869,1.00686,False,0.0,False
2019-05-17,Public dataset: NREL PVDAQ (Photovoltaic Data Acquisition) via OEDI data lake,207.0,True,7.3776,8.8526,0.83338,17.01,0.0,206.26948,1.00354,False,1.02555,211.53911,0.97854,1.00686,False,0.0,False
2019-05-18,Public dataset: NREL PVDAQ (Photovoltaic Data Acquisition) via OEDI data lake,227.0,True,8.1646,8.6909,0.93944,18.88,0.0,224.81812,1.00971,True,1.02487,230.40956,0.9852,1.00686,False,0.0,False
2019-05-19,Public dataset: NREL PVDAQ (Photovoltaic Data Acquisition) via OEDI data lake,223.0,True,6.5969,8.6676,0.7611,16.78,1.85,187.48859,1.18941,False,1.02419,192.02479,1.16131,0.99629,False,0.0,False
2019-05-20,Public dataset: NREL PVDAQ (Photovoltaic Data Acquisition) via OEDI data lake,196.0,True,6.0934,8.8202,0.69085,15.13,0.04,174.81787,1.12117,False,1.02352,178.92926,1.0954,1.00711,False,0.0,False
2019-05-21,Public dataset: NREL PVDAQ (Photovoltaic Data Acquisition) via OEDI data lake,197.0,True,6.8549,8.8373,0.77568,15.93,0.02,192.53202,1.02321,False,1.02284,196.9298,1.00036,1.01793,False,0.0,False
2019-05-22,Public dataset: NREL PVDAQ (Photovoltaic Data Acquisition) via OEDI data lake,120.0,True,5.1926,8.7322,0.59465,14.27,2.18,151.12569,0.79404,False,1.02217,154.47545,0.77682,1.02875,False,0.0,False
2019-05-23,Public dataset: NREL PVDAQ (Photovoltaic Data Acquisition) via OEDI data lake,132.0,True,4.7366,8.7413,0.54186,15.59,0.9,137.39892,0.96071,False,1.02149,140.35149,0.9405,1.03957,False,0.0,False
2019-05-24,Public dataset: NREL PVDAQ (Photovoltaic Data Acquisition) via OEDI data lake,209.0,True,6.0067,8.683,0.69178,19.1,0.07,169.50291,1.23302,False,1.02081,173.03072,1.20788,1.05039,False,0.0,False
2019-05-25,Public dataset: NREL PVDAQ (Photovoltaic Data Acquisition) via OEDI data lake,222.0,True,6.7207,8.569,0.7843,22.1,0.0,184.69536,1.20198,False,1.02014,188.41444,1.17825,1.0612,False,0.0,False
2019-05-26,Public dataset: NREL PVDAQ (Photovoltaic Data Acquisition) via OEDI data lake,140.0,True,5.4288,8.7581,0.61986,18.23,0.39,153.16851,0.91403,False,1.01946,156.14916,0.89658,1.07202,False,0.0,False
2019-05-27,Public dataset: NREL PVDAQ (Photovoltaic Data Acquisition) via OEDI data lake,206.0,True,6.1675,8.8466,0.69716,16.61,0.13,175.57949,1.17326,False,1.01878,178.87749,1.15163,1.08284,False,0.0,False
2019-05-28,Public dataset: NREL PVDAQ (Photovoltaic Data Acquisition) via OEDI data lake,184.0,True,6.4829,8.7197,0.74348,20.49,0.46,179.45889,1.0253,False,1.01811,182.70837,1.00707,1.09366,False,0.0,False
2019-05-29,Public dataset: NREL PVDAQ (Photovoltaic Data Acquisition) via OEDI data lake,223.0,True,7.1983,8.7262,0.82491,22.57,0.16,196.65251,1.13398,False,1.01743,200.08031,1.11455,1.08035,False,0.0,False
2019-05-30,Public dataset: NREL PVDAQ (Photovoltaic Data Acquisition) via OEDI data lake,204.0,True,6.0912,8.4998,0.71663,25.56,0.03,165.73892,1.23085,False,1.01675,168.51577,1.21057,1.07886,False,0.0,False
2019-05-31,Public dataset: NREL PVDAQ (Photovoltaic Data Acquisition) via OEDI data lake,221.0,True,6.9072,8.5171,0.81098,26.08,0.0,185.43432,1.1918,False,1.01608,188.41573,1.17294,1.07737,False,0.0,False
2019-06-01,Public dataset: NREL PVDAQ (Photovoltaic Data Acquisition) via OEDI data lake,236.0,True,8.1571,8.6513,0.94288,25.99,0.0,215.7303,1.09396,True,1.0154,219.0529,1.07737,1.04389,False,0.0,False
2019-06-02,Public dataset: NREL PVDAQ (Photovoltaic Data Acquisition) via OEDI data lake,232.0,True,7.4808,8.5438,0.87558,25.61,0.04,199.98571,1.16008,True,1.01473,202.93055,1.14325,1.01785,False,0.0,False
2019-06-03,Public dataset: NREL PVDAQ (Photovoltaic Data Acquisition) via OEDI data lake,231.0,True,7.765,8.6654,0.89609,27.3,0.0,205.2328,1.12555,True,1.01405,208.11609,1.10996,1.01413,False,0.0,False
2019-06-04,Public dataset: NREL PVDAQ (Photovoltaic Data Acquisition) via OEDI data lake,224.0,True,8.5834,8.8046,0.97488,29.5,0.0,221.43324,1.01159,True,1.01337,224.39436,0.99824,1.01041,False,0.0,False
2019-06-05,Public dataset: NREL PVDAQ (Photovoltaic Data Acquisition) via OEDI data lake,224.0,True,7.9111,8.6875,0.91063,31.23,0.0,204.74174,1.09406,True,1.0127,207.34117,1.08035,1.01413,False,0.0,False
2019-06-06,Public dataset: NREL PVDAQ (Photovoltaic Data Acquisition) via OEDI data lake,201.0,True,8.027,8.82,0.91009,31.88,0.0,205.80666,0.97664,True,1.01202,208.2804,0.96505,1.01785,False,0.0,False
2019-06-07,Public dataset: NREL PVDAQ (Photovoltaic Data Acquisition) via OEDI data lake,219.0,True,8.2886,9.1274,0.9081,29.22,0.0,214.31317,1.02187,True,1.01134,216.7442,1.01041,1.01785,False,0.0,False
2019-06-08,Public dataset: NREL PVDAQ (Photovoltaic Data Acquisition) via OEDI data lake,236.0,True,9.0718,9.1301,0.99361,25.89,0.0,236.26582,0.99887,True,1.01067,238.78607,0.98833,1.02499,False,0.0,False
2019-06-09,Public dataset: NREL PVDAQ (Photovoltaic Data Acquisition) via OEDI data lake,241.0,True,8.9652,9.1207,0.98295,25.18,0.0,234.43138,1.02802,True,1.00999,236.77349,1.01785,1.01785,False,0.0,False
2019-06-10,Public dataset: NREL PVDAQ (Photovoltaic Data Acquisition) via OEDI data lake,216.0,True,8.2457,9.0542,0.9107,29.04,0.0,213.89766,1.00983,True,1.00931,215.88995,1.00051,1.01785,False,0.0,False
2019-06-11,Public dataset: NREL PVDAQ (Photovoltaic Data Acquisition) via OEDI data lake,191.0,True,7.8142,8.8872,0.87926,32.41,0.0,201.17204,0.94944,True,1.00864,202.90974,0.94131,1.01785,False,0.0,False
2019-06-12,Public dataset: NREL PVDAQ (Photovoltaic Data Acquisition) via OEDI data lake,224.0,True,8.4936,8.6182,0.98554,33.6,0.0,215.31334,1.04034,True,1.00796,217.02755,1.03213,1.01785,False,0.0,False
2019-06-13,Public dataset: NREL PVDAQ (Photovoltaic Data Acquisition) via OEDI data lake,228.0,True,8.4804,8.9314,0.9495,33.04,0.0,213.55263,1.06765,True,1.00729,215.10839,1.05993,1.01785,False,0.0,False
2019-06-14,Public dataset: NREL PVDAQ (Photovoltaic Data Acquisition) via OEDI data lake,152.0,True,7.0032,8.6414,0.81042,31.29,0.35,182.56568,0.83258,False,1.00661,183.77221,0.82711,1.01785,False,0.0,False
2019-06-15,Public dataset: NREL PVDAQ (Photovoltaic Data Acquisition) via OEDI data lake,214.0,True,7.8413,8.7578,0.89535,32.43,0.16,201.4281,1.06241,True,1.00593,202.62304,1.05615,1.01785,False,0.0,False
2019-06-16,Public dataset: NREL PVDAQ (Photovoltaic Data Acquisition) via OEDI data lake,189.0,True,6.4154,8.4641,0.75795,31.68,0.01,168.79662,1.11969,False,1.00701,169.97962,1.1119,1.01785,False,0.0,False
2019-06-17,Public dataset: NREL PVDAQ (Photovoltaic Data Acquisition) via OEDI data lake,214.0,True,6.997,8.1826,0.85511,30.09,0.02,184.23463,1.16156,True,1.00808,185.7241,1.15225,1.00959,False,0.0,False
2019-06-18,Public dataset: NREL PVDAQ (Photovoltaic Data Acquisition) via OEDI data lake,222.0,True,8.2934,8.7574,0.94702,31.26,0.01,212.874,1.04287,True,1.00916,214.82409,1.0334,1.01406,False,0.0,False
2019-06-19,Public dataset: NREL PVDAQ (Photovoltaic Data Acquisition) via OEDI data lake,218.0,True,8.8862,8.9678,0.9909,33.18,0.0,222.66954,0.97903,True,1.01024,224.94898,0.96911,1.01406,False,0.0,False
2019-06-20,Public dataset: NREL PVDAQ (Photovoltaic Data Acquisition) via OEDI data lake,228.0,True,8.748,9.0811,0.96332,31.69,0.0,221.34966,1.03004,True,1.01131,223.8538,1.01852,1.0,False,0.0,False
2019-06-21,Public dataset: NREL PVDAQ (Photovoltaic Data Acquisition) via OEDI data lake,227.0,True,8.9767,9.2491,0.97055,28.69,0.0,230.60117,0.98438,True,1.01239,233.45813,0.97234,0.98842,False,0.0,False
2019-06-22,Public dataset: NREL PVDAQ (Photovoltaic Data Acquisition) via OEDI data lake,239.0,True,9.2112,9.2854,0.99201,25.85,0.0,239.06661,0.99972,True,1.01347,242.28572,0.98644,0.98842,False,0.0,False
2019-06-23,Public dataset: NREL PVDAQ (Photovoltaic Data Acquisition) via OEDI data lake,235.0,True,9.1238,9.1718,0.99477,27.05,0.0,235.17644,0.99925,True,1.01454,238.59625,0.98493,0.98644,False,0.0,False
2019-06-24,Public dataset: NREL PVDAQ (Photovoltaic Data Acquisition) via OEDI data lake,230.0,True,8.8404,9.0665,0.97506,31.0,0.0,224.31166,1.02536,True,1.01562,227.81487,1.00959,0.98568,False,0.0,False
2019-06-25,Public dataset: NREL PVDAQ (Photovoltaic Data Acquisition) via OEDI data lake,193.0,True,7.3951,8.911,0.82988,30.92,0.0,191.64667,1.00706,False,1.01669,194.84597,0.99053,0.98568,False,0.0,False
2019-06-26,Public dataset: NREL PVDAQ (Photovoltaic Data Acquisition) via OEDI data lake,229.0,True,8.9033,8.9314,0.99685,29.54,0.0,227.18017,1.00801,True,1.01777,231.21714,0.99041,0.98435,False,0.0,False
2019-06-27,Public dataset: NREL PVDAQ (Photovoltaic Data Acquisition) via OEDI data lake,229.0,True,8.988,9.0972,0.988,29.47,0.0,228.47246,1.00231,True,1.01885,232.77826,0.98377,0.98568,False,0.0,False
2019-06-28,Public dataset: NREL PVDAQ (Photovoltaic Data Acquisition) via OEDI data lake,228.0,True,9.1202,9.2086,0.9904,30.58,0.0,229.87641,0.99184,True,1.01992,234.45605,0.97246,0.98568,False,0.0,False
2019-06-29,Public dataset: NREL PVDAQ (Photovoltaic Data Acquisition) via OEDI data lake,176.0,True,7.3726,8.9743,0.82152,30.18,0.0,192.94214,0.91219,False,1.021,196.99361,0.89343,0.98568,False,0.0,False
2019-06-30,Public dataset: NREL PVDAQ (Photovoltaic Data Acquisition) via OEDI data lake,178.0,True,7.2458,8.7583,0.82731,31.53,0.04,185.12368,0.96152,False,1.02207,189.21018,0.94075,0.98435,False,0.0,False
2019-07-01,Public dataset: NREL PVDAQ (Photovoltaic Data Acquisition) via OEDI data lake,227.0,True,9.1342,9.1843,0.99455,32.27,0.0,228.30665,0.99428,True,1.02315,233.59209,0.97178,0.98494,False,0.0,False
2019-07-02,Public dataset: NREL PVDAQ (Photovoltaic Data Acquisition) via OEDI data lake,227.0,True,8.7074,9.3775,0.92854,32.09,0.0,219.56171,1.03388,True,1.02423,224.88097,1.00942,0.9836,False,0.0,False
2019-07-03,Public dataset: NREL PVDAQ (Photovoltaic Data Acquisition) via OEDI data lake,216.0,True,8.3899,9.1339,0.91855,30.86,0.0,214.21972,1.00831,True,1.0253,219.6401,0.98343,0.98343,False,0.0,False
2019-07-04,Public dataset: NREL PVDAQ (Photovoltaic Data Acquisition) via OEDI data lake,233.0,True,9.041,9.0912,0.99448,30.12,0.0,229.25436,1.01634,True,1.02638,235.30187,0.99022,0.98343,False,0.0,False
2019-07-05,Public dataset: NREL PVDAQ (Photovoltaic Data Acquisition) via OEDI data lake,219.0,True,7.8348,8.718,0.89869,31.14,0.0,201.61232,1.08624,True,1.02746,207.14762,1.05722,0.97912,False,0.0,False
2019-07-06,Public dataset: NREL PVDAQ (Photovoltaic Data Acquisition) via OEDI data lake,225.0,True,9.0115,9.0377,0.9971,32.14,0.0,226.45548,0.99357,True,1.02853,232.91655,0.96601,0.98477,False,0.0,False
2019-07-07,Public dataset: NREL PVDAQ (Photovoltaic Data Acquisition) via OEDI data lake,203.0,True,7.8242,8.8591,0.88318,31.23,0.0,202.57542,1.0021,True,1.02961,208.57316,0.97328,0.98343,False,0.0,False
2019-07-08,Public dataset: NREL PVDAQ (Photovoltaic Data Acquisition) via OEDI data lake,227.0,True,8.7326,8.7588,0.99701,30.09,0.0,223.34587,1.01636,True,1.03068,230.19893,0.9861,0.97912,False,0.0,False
2019-07-09,Public dataset: NREL PVDAQ (Photovoltaic Data Acquisition) via OEDI data lake,221.0,True,8.6237,8.6539,0.99651,31.25,0.0,219.73357,1.00576,True,1.03176,226.71225,0.9748,0.97912,False,0.0,False
2019-07-10,Public dataset: NREL PVDAQ (Photovoltaic Data Acquisition) via OEDI data lake,221.0,True,8.8334,8.8502,0.9981,33.41,0.0,221.67807,0.99694,True,1.03284,228.95707,0.96525,0.97912,False,0.0,False
2019-07-11,Public dataset: NREL PVDAQ (Photovoltaic Data Acquisition) via OEDI data lake,223.0,True,8.6453,8.8092,0.98139,35.45,0.0,215.89916,1.03289,True,1.03391,223.22073,0.99901,0.97723,False,0.0,False
2019-07-12,Public dataset: NREL PVDAQ (Photovoltaic Data Acquisition) via OEDI data lake,168.0,True,6.48,8.5049,0.76191,36.06,0.01,167.25364,1.00446,False,1.03499,173.10554,0.97051,0.97723,False,0.0,False
2019-07-13,Public dataset: NREL PVDAQ (Photovoltaic Data Acquisition) via OEDI data lake,221.0,True,8.3405,8.7185,0.95664,36.57,0.08,208.56796,1.05961,True,1.03606,216.08983,1.02272,0.97723,False,0.0,False
2019-07-14,Public dataset: NREL PVDAQ (Photovoltaic Data Acquisition) via OEDI data lake,223.0,True,8.9302,8.9494,0.99785,36.01,0.0,220.68303,1.0105,True,1.03714,228.8793,0.97431,0.9815,False,0.0,False
2019-07-15,Public dataset: NREL PVDAQ (Photovoltaic Data Acquisition) via OEDI data lake,225.0,True,9.1318,9.1855,0.99415,35.29,0.0,225.41176,0.99817,True,1.03822,234.02623,0.96143,0.98334,False,0.0,False
2019-07-16,Public dataset: NREL PVDAQ (Photovoltaic Data Acquisition) via OEDI data lake,228.0,True,9.1687,9.2035,0.99622,34.19,0.0,227.40061,1.00264,True,1.03761,235.95365,0.96629,0.9815,False,0.0,False
2019-07-17,Public dataset: NREL PVDAQ (Photovoltaic Data Acquisition) via OEDI data lake,229.0,True,8.7922,8.8958,0.98835,32.55,0.0,222.00276,1.03152,True,1.03701,230.2186,0.99471,0.98334,False,0.0,False
2019-07-18,Public dataset: NREL PVDAQ (Photovoltaic Data Acquisition) via OEDI data lake,223.0,True,8.712,8.7394,0.99686,33.0,0.0,219.63399,1.01533,True,1.0364,227.62942,0.97966,0.98611,False,0.0,False
2019-07-19,Public dataset: NREL PVDAQ (Photovoltaic Data Acquisition) via OEDI data lake,226.0,True,8.4698,8.6551,0.97859,32.62,0.0,215.28259,1.04978,True,1.0358,222.9895,1.0135,0.98611,False,0.0,False
2019-07-20,Public dataset: NREL PVDAQ (Photovoltaic Data Acquisition) via OEDI data lake,221.0,True,8.5579,8.5922,0.99601,32.82,0.0,217.10402,1.01795,True,1.03519,224.74492,0.98334,0.98888,False,0.0,False
2019-07-21,Public dataset: NREL PVDAQ (Photovoltaic Data Acquisition) via OEDI data lake,219.0,True,8.4624,8.5135,0.994,33.91,0.0,214.05788,1.02309,True,1.03459,221.46221,0.98888,0.98888,False,0.0,False
2019-07-22,Public dataset: NREL PVDAQ (Photovoltaic Data Acquisition) via OEDI data lake,170.0,True,6.9938,8.347,0.83788,35.06,0.0,180.28981,0.94293,False,1.03399,186.41712,0.91193,0.98888,False,0.0,False
2019-07-23,Public dataset: NREL PVDAQ (Photovoltaic Data Acquisition) via OEDI data lake,148.0,True,4.3942,7.825,0.56156,33.36,0.03,119.03921,1.24329,False,1.03338,123.01292,1.20313,0.98888,False,0.0,False
2019-07-24,Public dataset: NREL PVDAQ (Photovoltaic Data Acquisition) via OEDI data lake,95.0,True,4.7158,7.817,0.60327,33.41,1.59,126.74995,0.74951,False,1.03278,130.90445,0.72572,0.98888,False,0.0,False
2019-07-25,Public dataset: NREL PVDAQ (Photovoltaic Data Acquisition) via OEDI data lake,155.0,True,4.8302,7.5209,0.64224,33.57,1.51,128.93839,1.20212,False,1.03217,133.0867,1.16465,0.98888,False,0.0,False
2019-07-26,Public dataset: NREL PVDAQ (Photovoltaic Data Acquisition) via OEDI data lake,205.0,True,6.8935,7.8638,0.87661,34.78,0.0,179.3665,1.14291,True,1.03157,185.0288,1.10794,0.98888,False,0.0,False
2019-07-27,Public dataset: NREL PVDAQ (Photovoltaic Data Acquisition) via OEDI data lake,207.0,True,7.5154,8.1046,0.9273,35.17,0.0,193.87864,1.06768,True,1.03096,199.8819,1.03561,0.98334,False,0.0,False
2019-07-28,Public dataset: NREL PVDAQ (Photovoltaic Data Acquisition) via OEDI data lake,208.0,True,7.4894,8.2865,0.90381,36.4,0.0,192.15224,1.08247,True,1.03036,197.98591,1.05058,0.96807,False,0.0,False
2019-07-29,Public dataset: NREL PVDAQ (Photovoltaic Data Acquisition) via OEDI data lake,214.0,True,8.6758,8.741,0.99254,36.61,0.0,217.34522,0.98461,True,1.02976,223.81237,0.95616,0.96807,False,0.0,False
2019-07-30,Public dataset: NREL PVDAQ (Photovoltaic Data Acquisition) via OEDI data lake,205.0,True,8.1127,8.4206,0.96343,34.3,0.0,208.74002,0.98208,True,1.02915,214.82496,0.95427,0.96807,False,0.0,False
2019-07-31,Public dataset: NREL PVDAQ (Photovoltaic Data Acquisition) via OEDI data lake,165.0,True,7.1909,8.2087,0.87601,32.21,0.9,189.79,0.86938,True,1.02855,195.20783,0.84525,0.96807,False,0.0,False
2019-08-01,Public dataset: NREL PVDAQ (Photovoltaic Data Acquisition) via OEDI data lake,211.0,True,7.9529,8.2056,0.9692,33.6,0.57,206.08866,1.02383,True,1.02794,211.8472,0.996,0.98068,False,0.0,False
2019-08-02,Public dataset: NREL PVDAQ (Photovoltaic Data Acquisition) via OEDI data lake,205.0,True,8.1264,8.3532,0.97285,35.21,0.0,207.85719,0.98625,True,1.02734,213.53952,0.96001,0.97409,False,0.0,False
2019-08-03,Public dataset: NREL PVDAQ (Photovoltaic Data Acquisition) via OEDI data lake,199.0,True,7.8173,8.0429,0.97195,36.07,0.0,200.21185,0.99395,True,1.02673,205.56417,0.96807,0.97409,False,0.0,False
2019-08-04,Public dataset: NREL PVDAQ (Photovoltaic Data Acquisition) via OEDI data lake,196.0,True,7.7645,8.1302,0.95502,35.75,0.0,198.97013,0.98507,True,1.02613,204.169,0.95999,0.97409,False,0.0,False
2019-08-05,Public dataset: NREL PVDAQ (Photovoltaic Data Acquisition) via OEDI data lake,209.0,True,8.0796,8.1876,0.98681,36.56,0.0,205.17477,1.01864,True,1.02552,210.41176,0.99329,0.9731,False,0.0,False
2019-08-06,Public dataset: NREL PVDAQ (Photovoltaic Data Acquisition) via OEDI data lake,121.0,True,4.2842,7.8432,0.54623,34.29,0.0,115.50287,1.04759,False,1.02492,118.38122,1.02212,0.97409,False,0.0,False
2019-08-07,Public dataset: NREL PVDAQ (Photovoltaic Data Acquisition) via OEDI data lake,131.0,True,6.5134,7.9394,0.82039,33.26,1.76,171.53922,0.76367,False,1.02432,175.71033,0.74555,0.97844,False,0.0,False
2019-08-08,Public dataset: NREL PVDAQ (Photovoltaic Data Acquisition) via OEDI data lake,196.0,True,6.7298,7.8094,0.86176,32.09,0.21,179.13445,1.09415,True,1.02371,183.38197,1.06881,0.97844,False,0.0,False
2019-08-09,Public dataset: NREL PVDAQ (Photovoltaic Data Acquisition) via OEDI data lake,218.0,True,8.417,8.4358,0.99777,31.65,0.0,218.74422,0.9966,True,1.02311,223.79874,0.97409,0.97844,False,0.0,False
2019-08-10,Public dataset: NREL PVDAQ (Photovoltaic Data Acquisition) via OEDI data lake,224.0,True,8.3146,8.335,0.99755,30.36,0.0,217.4585,1.03008,True,1.0225,222.35188,1.00741,0.98018,False,0.0,False
2019-08-11,Public dataset: NREL PVDAQ (Photovoltaic Data Acquisition) via OEDI data lake,221.0,True,8.4118,8.4377,0.99693,29.78,0.0,220.6383,1.00164,True,1.0219,225.46989,0.98018,0.98108,False,0.0,False
2019-08-12,Public dataset: NREL PVDAQ (Photovoltaic Data Acquisition) via OEDI data lake,213.0,True,8.2003,8.221,0.99748,31.58,0.0,214.32418,0.99382,True,1.02129,218.88796,0.9731,0.98769,False,0.0,False
2019-08-13,Public dataset: NREL PVDAQ (Photovoltaic Data Acquisition) via OEDI data lake,208.0,True,7.9826,8.009,0.9967,33.11,0.0,208.27472,0.99868,True,1.02069,212.58381,0.97844,0.98769,False,0.0,False
2019-08-14,Public dataset: NREL PVDAQ (Photovoltaic Data Acquisition) via OEDI data lake,209.0,True,7.9942,8.0256,0.99609,34.6,0.0,207.43942,1.00752,True,1.02009,211.60586,0.98769,0.98438,False,0.0,False
2019-08-15,Public dataset: NREL PVDAQ (Photovoltaic Data Acquisition) via OEDI data lake,208.0,True,8.207,8.2294,0.99728,34.99,0.0,211.20478,0.98483,True,1.01948,215.31919,0.96601,0.98108,False,0.0,False
2019-08-16,Public dataset: NREL PVDAQ (Photovoltaic Data Acquisition) via OEDI data lake,209.0,True,8.0767,8.107,0.99626,34.39,0.0,209.10566,0.99949,True,1.01877,213.03052,0.98108,0.98018,False,0.0,False
2019-08-17,Public dataset: NREL PVDAQ (Photovoltaic Data Acquisition) via OEDI data lake,214.0,True,7.9726,8.0088,0.99548,32.75,0.0,208.28552,1.02744,True,1.01806,212.04691,1.00921,0.98108,False,0.0,False
2019-08-18,Public dataset: NREL PVDAQ (Photovoltaic Data Acquisition) via OEDI data lake,198.0,True,7.3716,7.9745,0.9244,31.27,0.0,195.98986,1.01026,True,1.01735,199.38987,0.99303,0.98108,False,0.0,False
2019-08-19,Public dataset: NREL PVDAQ (Photovoltaic Data Acquisition) via OEDI data lake,209.0,True,7.7304,7.8031,0.99068,31.47,0.0,204.47283,1.02214,True,1.01664,207.87463,1.00541,0.98769,False,0.0,False
2019-08-20,Public dataset: NREL PVDAQ (Photovoltaic Data Acquisition) via OEDI data lake,206.0,True,7.739,7.7938,0.99297,33.04,0.0,204.14854,1.00907,True,1.01593,207.39981,0.99325,0.98769,False,0.0,False
2019-08-21,Public dataset: NREL PVDAQ (Photovoltaic Data Acquisition) via OEDI data lake,201.0,True,7.8418,7.9265,0.98931,34.04,0.0,205.26815,0.97921,True,1.01522,208.39132,0.96453,0.98769,False,0.0,False
2019-08-22,Public dataset: NREL PVDAQ (Photovoltaic Data Acquisition) via OEDI data lake,189.0,True,7.6205,8.0335,0.94859,32.37,0.0,201.42781,0.9383,True,1.0145,204.34934,0.92489,0.98108,False,0.0,False
2019-08-23,Public dataset: NREL PVDAQ (Photovoltaic Data Acquisition) via OEDI data lake,199.0,True,7.5689,7.704,0.98246,31.82,0.0,201.39096,0.98813,True,1.01379,204.16878,0.97468,0.9853,False,0.0,False
2019-08-24,Public dataset: NREL PVDAQ (Photovoltaic Data Acquisition) via OEDI data lake,200.0,True,7.4011,7.4244,0.99686,32.12,0.0,197.80609,1.01109,True,1.01308,200.39384,0.99803,0.9853,False,0.0,False
2019-08-25,Public dataset: NREL PVDAQ (Photovoltaic Data Acquisition) via OEDI data lake,196.0,True,7.3762,7.4071,0.99583,33.49,0.0,195.8222,1.00091,True,1.01237,198.24478,0.98868,0.9853,False,0.0,False
2019-08-26,Public dataset: NREL PVDAQ (Photovoltaic Data Acquisition) via OEDI data lake,196.0,True,7.3846,7.5024,0.9843,34.07,0.0,196.07027,0.99964,True,1.01166,198.35652,0.98812,0.98137,False,0.0,False
2019-08-27,Public dataset: NREL PVDAQ (Photovoltaic Data Acquisition) via OEDI data lake,180.0,True,6.8734,7.1686,0.95882,34.7,0.05,183.67787,0.97998,True,1.01095,185.68904,0.96936,0.98137,False,0.0,False
2019-08-28,Public dataset: NREL PVDAQ (Photovoltaic Data Acquisition) via OEDI data lake,190.0,True,7.2674,7.297,0.99594,35.56,0.05,192.41585,0.98744,True,1.01024,194.3859,0.97744,0.98137,False,0.0,False
2019-08-29,Public dataset: NREL PVDAQ (Photovoltaic Data Acquisition) via OEDI data lake,193.0,True,7.3277,7.3716,0.99404,33.74,0.0,196.2731,0.98332,True,1.00953,198.14311,0.97404,0.9853,False,0.0,False
2019-08-30,Public dataset: NREL PVDAQ (Photovoltaic Data Acquisition) via OEDI data lake,197.0,True,7.4472,7.4676,0.99727,34.02,0.0,198.19191,0.99399,True,1.00882,199.9393,0.9853,0.98812,False,0.0,False
2019-08-31,Public dataset: NREL PVDAQ (Photovoltaic Data Acquisition) via OEDI data lake,194.0,True,7.5182,7.5408,0.997,33.88,0.0,199.89415,0.97051,True,1.00811,201.51443,0.96271,0.98812,False,0.0,False
2019-09-01,Public dataset: NREL PVDAQ (Photovoltaic Data Acquisition) via OEDI data lake,194.0,True,7.1014,7.2842,0.9749,34.33,0.19,190.27088,1.0196,True,1.00739,191.67789,1.01211,0.9853,False,0.0,False
2019-09-02,Public dataset: NREL PVDAQ (Photovoltaic Data Acquisition) via OEDI data lake,132.0,True,4.7177,6.8093,0.69283,32.58,0.05,129.87504,1.01636,False,1.00668,130.7431,1.00961,0.9853,False,0.0,False
2019-09-03,Public dataset: NREL PVDAQ (Photovoltaic Data Acquisition) via OEDI data lake,185.0,True,6.0518,6.8688,0.88106,34.47,0.0,164.52331,1.12446,True,1.00597,165.50599,1.11778,0.984,False,0.0,False
2019-09-04,Public dataset: NREL PVDAQ (Photovoltaic Data Acquisition) via OEDI data lake,183.0,True,6.1874,6.8599,0.90197,35.44,0.13,167.49388,1.09258,True,1.00526,168.37523,1.08686,0.984,False,0.0,False
2019-09-05,Public dataset: NREL PVDAQ (Photovoltaic Data Acquisition) via OEDI data lake,156.0,True,4.4638,6.6823,0.668,34.37,0.42,122.56341,1.27281,False,1.00455,123.1212,1.26704,0.9853,False,0.0,False
2019-09-06,Public dataset: NREL PVDAQ (Photovoltaic Data Acquisition) via OEDI data lake,187.0,True,6.4656,6.7843,0.95302,33.35,0.11,177.56209,1.05315,True,1.00384,178.24394,1.04912,0.98601,False,0.0,False
2019-09-07,Public dataset: NREL PVDAQ (Photovoltaic Data Acquisition) via OEDI data lake,182.0,True,6.7555,6.8633,0.98429,33.38,0.0,184.38279,0.98708,True,1.00313,184.95975,0.984,0.99613,False,0.0,False
2019-09-08,Public dataset: NREL PVDAQ (Photovoltaic Data Acquisition) via OEDI data lake,194.0,True,7.056,7.075,0.99731,28.66,0.0,197.22551,0.98365,True,1.00242,197.70244,0.98127,1.00812,False,0.0,False
2019-09-09,Public dataset: NREL PVDAQ (Photovoltaic Data Acquisition) via OEDI data lake,195.0,True,6.8436,6.8657,0.99678,28.23,0.0,191.97115,1.01578,True,1.00171,192.2989,1.01405,1.00213,False,0.0,False
2019-09-10,Public dataset: NREL PVDAQ (Photovoltaic Data Acquisition) via OEDI data lake,192.0,True,7.0003,7.0385,0.99457,26.63,0.01,197.9498,0.96994,True,1.001,198.14702,0.96898,0.99613,False,0.0,False
2019-09-11,Public dataset: NREL PVDAQ (Photovoltaic Data Acquisition) via OEDI data lake,193.0,True,6.9074,6.9274,0.99711,25.67,0.01,197.05932,0.9794,True,1.00029,197.11556,0.97912,0.99314,False,0.0,False
2019-09-12,Public dataset: NREL PVDAQ (Photovoltaic Data Acquisition) via OEDI data lake,193.0,True,6.709,6.737,0.99584,26.53,0.0,191.52628,1.00769,True,0.99957,191.44478,1.00812,0.99314,False,0.0,False
2019-09-13,Public dataset: NREL PVDAQ (Photovoltaic Data Acquisition) via OEDI data lake,187.0,True,6.726,6.7529,0.99602,28.88,0.0,189.86957,0.98489,True,0.99886,189.65379,0.98601,0.98957,False,0.0,False
2019-09-14,Public dataset: NREL PVDAQ (Photovoltaic Data Acquisition) via OEDI data lake,184.0,True,6.601,6.6823,0.98783,30.04,0.0,185.05659,0.99429,True,0.99815,184.71472,0.99613,0.985,False,0.0,False
2019-09-15,Public dataset: NREL PVDAQ (Photovoltaic Data Acquisition) via OEDI data lake,170.0,True,5.8351,6.4901,0.89908,30.07,0.0,164.89065,1.03099,True,0.99744,164.4688,1.03363,0.98478,False,0.0,False
2019-09-16,Public dataset: NREL PVDAQ (Photovoltaic Data Acquisition) via OEDI data lake,144.0,True,4.9558,6.4596,0.7672,29.53,0.0,140.39927,1.02565,False,0.99612,139.85448,1.02964,0.98601,False,0.0,False
2019-09-17,Public dataset: NREL PVDAQ (Photovoltaic Data Acquisition) via OEDI data lake,190.0,True,6.768,6.8028,0.99488,25.28,0.0,195.96235,0.96957,True,0.9948,194.94293,0.97464,0.98592,False,0.0,False
2019-09-18,Public dataset: NREL PVDAQ (Photovoltaic Data Acquisition) via OEDI data lake,189.0,True,6.6492,6.6751,0.99612,25.58,0.0,191.55488,0.98666,True,0.99348,190.30518,0.99314,0.98592,False,0.0,False
2019-09-19,Public dataset: NREL PVDAQ (Photovoltaic Data Acquisition) via OEDI data lake,193.0,True,6.6228,6.6588,0.99459,23.23,0.0,193.97751,0.99496,True,0.99215,192.45558,1.00283,0.98596,False,0.0,False
2019-09-20,Public dataset: NREL PVDAQ (Photovoltaic Data Acquisition) via OEDI data lake,190.0,True,6.6031,6.6358,0.99507,22.72,0.0,195.12731,0.97372,True,0.99083,193.33842,0.98273,0.98596,False,0.0,False
2019-09-21,Public dataset: NREL PVDAQ (Photovoltaic Data Acquisition) via OEDI data lake,183.0,True,6.3497,6.4459,0.98508,23.19,0.0,188.03092,0.97324,True,0.98951,186.05854,0.98356,0.98644,False,0.0,False
2019-09-22,Public dataset: NREL PVDAQ (Photovoltaic Data Acquisition) via OEDI data lake,153.0,True,5.5351,6.349,0.87181,24.11,0.0,163.13893,0.93785,True,0.98819,161.212,0.94906,0.98644,False,0.0,False
2019-09-23,Public dataset: NREL PVDAQ (Photovoltaic Data Acquisition) via OEDI data lake,120.0,True,4.8084,6.0142,0.79951,25.01,0.91,139.87247,0.85792,False,0.98687,138.03546,0.86934,0.98644,False,0.0,False
2019-09-24,Public dataset: NREL PVDAQ (Photovoltaic Data Acquisition) via OEDI data lake,178.0,True,6.2287,6.2626,0.99459,25.85,0.0,183.19044,0.97167,True,0.98554,180.54236,0.98592,0.98592,False,0.0,False
2019-09-25,Public dataset: NREL PVDAQ (Photovoltaic Data Acquisition) via OEDI data lake,152.0,True,5.8565,6.1639,0.95013,26.75,0.0,172.33104,0.88202,True,0.98422,169.61213,0.89616,0.98697,False,0.0,False
2019-09-26,Public dataset: NREL PVDAQ (Photovoltaic Data Acquisition) via OEDI data lake,116.0,True,4.5857,5.8673,0.78157,25.12,0.02,136.13579,0.85209,False,0.9829,133.80799,0.86691,0.98697,False,0.0,False
2019-09-27,Public dataset: NREL PVDAQ (Photovoltaic Data Acquisition) via OEDI data lake,169.0,True,5.8682,5.8975,0.99503,25.38,0.0,174.44504,0.96879,True,0.98158,171.23159,0.98697,0.98592,False,0.0,False
2019-09-28,Public dataset: NREL PVDAQ (Photovoltaic Data Acquisition) via OEDI data lake,177.0,True,5.9172,5.9616,0.99255,24.19,0.0,177.31423,0.99823,True,0.98026,173.81354,1.01833,0.98697,False,0.0,False
2019-09-29,Public dataset: NREL PVDAQ (Photovoltaic Data Acquisition) via OEDI data lake,184.0,True,6.1522,6.1754,0.99624,18.43,0.0,189.47352,0.97111,True,0.97894,185.4823,0.99201,0.99201,False,0.0,False
2019-09-30,Public dataset: NREL PVDAQ (Photovoltaic Data Acquisition) via OEDI data lake,185.0,True,6.1826,6.2114,0.99536,17.57,0.0,190.45238,0.97137,True,0.97761,186.18879,0.99362,0.99247,False,0.0,False
2019-10-01,Public dataset: NREL PVDAQ (Photovoltaic Data Acquisition) via OEDI data lake,182.0,True,6.1922,6.2155,0.99625,17.85,0.0,190.65502,0.9546,True,0.97629,186.13487,0.97779,0.99304,False,0.0,False
2019-10-02,Public dataset: NREL PVDAQ (Photovoltaic Data Acquisition) via OEDI data lake,181.0,True,6.0178,6.0463,0.99529,19.47,0.0,186.04383,0.97289,True,0.97497,181.38707,0.99787,0.99304,False,0.0,False
2019-10-03,Public dataset: NREL PVDAQ (Photovoltaic Data Acquisition) via OEDI data lake,177.0,True,5.9174,5.9556,0.99359,21.59,0.0,180.77722,0.97911,True,0.97365,176.01332,1.00561,0.99534,False,0.0,False
2019-10-04,Public dataset: NREL PVDAQ (Photovoltaic Data Acquisition) via OEDI data lake,175.0,True,6.0571,6.0838,0.99561,21.56,0.0,184.84918,0.94672,True,0.97233,179.73363,0.97366,0.99706,False,0.0,False
2019-10-05,Public dataset: NREL PVDAQ (Photovoltaic Data Acquisition) via OEDI data lake,173.0,True,5.8207,5.8565,0.99389,21.72,0.0,179.51845,0.96369,True,0.971,174.31312,0.99247,0.99787,False,0.0,False
2019-10-06,Public dataset: NREL PVDAQ (Photovoltaic Data Acquisition) via OEDI data lake,169.0,True,5.616,5.6666,0.99107,21.31,0.0,173.51147,0.974,True,0.96968,168.25096,1.00445,0.99787,False,0.0,False
2019-10-07,Public dataset: NREL PVDAQ (Photovoltaic Data Acquisition) via OEDI data lake,168.0,True,5.6184,5.6551,0.99351,22.99,0.0,172.72317,0.97265,True,0.96836,167.25823,1.00443,1.00143,False,0.0,False
2019-10-08,Public dataset: NREL PVDAQ (Photovoltaic Data Acquisition) via OEDI data lake,163.0,True,5.4442,5.513,0.98752,23.96,0.0,166.47305,0.97914,True,0.96704,160.9858,1.01251,1.00443,False,0.0,False
2019-10-09,Public dataset: NREL PVDAQ (Photovoltaic Data Acquisition) via OEDI data lake,158.0,True,5.7866,5.8171,0.99476,23.15,0.0,177.37539,0.89077,True,0.96572,171.29431,0.92239,1.00445,False,0.0,False
2019-10-10,Public dataset: NREL PVDAQ (Photovoltaic Data Acquisition) via OEDI data lake,181.0,True,5.7775,5.8078,0.99478,13.86,0.0,188.23661,0.96156,True,0.96439,181.53435,0.99706,1.00445,False,0.0,False
2019-10-11,Public dataset: NREL PVDAQ (Photovoltaic Data Acquisition) via OEDI data lake,175.0,True,5.58,5.6602,0.98583,13.48,0.0,181.45071,0.96445,True,0.96307,174.75021,1.00143,1.00445,False,0.0,False
2019-10-12,Public dataset: NREL PVDAQ (Photovoltaic Data Acquisition) via OEDI data lake,171.0,True,5.5111,5.5582,0.99153,16.73,0.0,176.49353,0.96887,True,0.96175,169.74278,1.00741,1.00741,False,0.0,False
2019-10-13,Public dataset: NREL PVDAQ (Photovoltaic Data Acquisition) via OEDI data lake,166.0,True,5.275,5.3585,0.98442,18.81,0.0,167.75364,0.98955,True,0.96043,161.11543,1.03032,1.00741,False,0.0,False
2019-10-14,Public dataset: NREL PVDAQ (Photovoltaic Data Acquisition) via OEDI data lake,159.0,True,5.1542,5.201,0.991,20.87,0.0,163.39373,0.97311,True,0.95911,156.71205,1.0146,1.00795,False,0.0,False
2019-10-15,Public dataset: NREL PVDAQ (Photovoltaic Data Acquisition) via OEDI data lake,157.0,True,5.1502,5.2121,0.98812,21.66,0.0,162.62724,0.9654,True,0.95779,155.76194,1.00795,1.00795,False,0.0,False
2019-10-16,Public dataset: NREL PVDAQ (Photovoltaic Data Acquisition) via OEDI data lake,150.0,True,4.7909,5.1233,0.93512,22.94,0.0,149.59467,1.00271,True,0.957,143.16276,1.04776,1.00741,False,0.0,False
2019-10-17,Public dataset: NREL PVDAQ (Photovoltaic Data Acquisition) via OEDI data lake,136.0,True,4.7009,5.1146,0.91911,22.59,0.0,147.09328,0.92458,True,0.95622,140.65409,0.96691,1.00741,False,0.0,False
2019-10-18,Public dataset: NREL PVDAQ (Photovoltaic Data Acquisition) via OEDI data lake,164.0,True,5.2102,5.2303,0.99616,18.79,0.0,169.23699,0.96906,True,0.95544,161.69632,1.01425,1.00795,False,0.0,False
2019-10-19,Public dataset: NREL PVDAQ (Photovoltaic Data Acquisition) via OEDI data lake,145.0,True,4.5156,5.1653,0.87422,18.83,0.0,144.00563,1.00691,True,0.95466,137.47678,1.05472,1.01134,False,0.0,False
2019-10-20,Public dataset: NREL PVDAQ (Photovoltaic Data Acquisition) via OEDI data lake,158.0,True,5.0803,5.119,0.99244,17.03,0.0,166.81532,0.94716,True,0.95388,159.12211,0.99295,1.01354,False,0.0,False
2019-10-21,Public dataset: NREL PVDAQ (Photovoltaic Data Acquisition) via OEDI data lake,152.0,True,4.837,4.9606,0.97508,18.7,0.0,157.3486,0.96601,True,0.9531,149.96914,1.01354,1.01134,False,0.0,False
2019-10-22,Public dataset: NREL PVDAQ (Photovoltaic Data Acquisition) via OEDI data lake,149.0,True,4.9246,4.9447,0.99594,20.06,0.0,159.95334,0.93152,True,0.95232,152.32685,0.97816,1.00795,False,0.0,False
2019-10-23,Public dataset: NREL PVDAQ (Photovoltaic Data Acquisition) via OEDI data lake,147.0,True,4.7402,4.8276,0.9819,20.18,0.0,153.74727,0.95611,True,0.95154,146.29666,1.00481,1.00481,False,0.0,False
2019-10-24,Public dataset: NREL PVDAQ (Photovoltaic Data Acquisition) via OEDI data lake,152.0,True,4.7902,4.9402,0.96964,16.18,0.0,159.83381,0.95099,True,0.95076,151.96348,1.00024,1.00481,False,0.0,False
2019-10-25,Public dataset: NREL PVDAQ (Photovoltaic Data Acquisition) via OEDI data lake,149.0,True,4.6661,4.6829,0.99641,17.67,0.0,155.08637,0.96075,True,0.94998,147.32875,1.01134,1.00481,False,0.0,False
2019-10-26,Public dataset: NREL PVDAQ (Photovoltaic Data Acquisition) via OEDI data lake,147.0,True,4.6606,4.6918,0.99335,20.34,0.0,152.31535,0.9651,True,0.9492,144.57743,1.01676,1.00481,False,0.0,False
2019-10-27,Public dataset: NREL PVDAQ (Photovoltaic Data Acquisition) via OEDI data lake,148.0,True,4.5607,4.6774,0.97505,14.53,0.0,153.81074,0.96222,True,0.94842,145.87679,1.01455,1.00481,False,0.0,False
2019-10-28,Public dataset: NREL PVDAQ (Photovoltaic Data Acquisition) via OEDI data lake,153.0,True,4.8007,4.8314,0.99365,8.58,0.0,167.65787,0.91257,True,0.94764,158.87876,0.963,1.00538,False,0.0,False
2019-10-29,Public dataset: NREL PVDAQ (Photovoltaic Data Acquisition) via OEDI data lake,151.0,True,4.7114,4.7455,0.99281,10.17,0.0,161.43153,0.93538,True,0.94686,152.85243,0.98788,1.00481,False,0.0,False
2019-10-30,Public dataset: NREL PVDAQ (Photovoltaic Data Acquisition) via OEDI data lake,159.0,True,4.8036,4.8288,0.99478,4.4,0.0,171.4774,0.92724,True,0.94608,162.23057,0.98009,1.00481,False,0.0,False
2019-10-31,Public dataset: NREL PVDAQ (Photovoltaic Data Acquisition) via OEDI data lake,152.0,True,4.5646,4.6279,0.98632,7.86,0.0,159.93532,0.95038,True,0.94529,151.18604,1.00538,1.00024,False,0.0,False
2019-11-01,Public dataset: NREL PVDAQ (Photovoltaic Data Acquisition) via OEDI data lake,142.0,True,4.5233,4.5931,0.9848,11.34,0.0,155.92182,0.91071,True,0.94451,147.27038,0.96421,0.98788,False,0.0,False
2019-11-02,Public dataset: NREL PVDAQ (Photovoltaic Data Acquisition) via OEDI data lake,143.0,True,4.3966,4.4462,0.98884,14.15,0.0,150.35185,0.9511,True,0.94373,141.89209,1.00781,0.98788,False,0.0,False
2019-11-03,Public dataset: NREL PVDAQ (Photovoltaic Data Acquisition) via OEDI data lake,139.0,True,4.308,4.367,0.98649,16.62,0.0,146.15165,0.95107,True,0.94295,137.81413,1.0086,0.98622,False,0.0,False
2019-11-04,Public dataset: NREL PVDAQ (Photovoltaic Data Acquisition) via OEDI data lake,137.0,True,4.2324,4.3075,0.98257,17.25,0.0,143.85485,0.95235,True,0.94217,135.53606,1.0108,0.98009,False,0.0,False
2019-11-05,Public dataset: NREL PVDAQ (Photovoltaic Data Acquisition) via OEDI data lake,132.0,True,4.183,4.2264,0.98973,17.38,0.0,142.17655,0.92842,True,0.94139,133.84382,0.98622,0.98622,False,0.0,False
2019-11-06,Public dataset: NREL PVDAQ (Photovoltaic Data Acquisition) via OEDI data lake,125.0,True,4.0416,4.2098,0.96005,18.14,0.0,136.7438,0.91412,True,0.94061,128.62272,0.97183,0.98213,False,0.0,False
2019-11-07,Public dataset: NREL PVDAQ (Photovoltaic Data Acquisition) via OEDI data lake,128.0,True,4.1743,4.2202,0.98912,18.05,0.0,142.77031,0.89654,True,0.93983,134.17987,0.95394,0.98418,False,0.0,False
2019-11-08,Public dataset: NREL PVDAQ (Photovoltaic Data Acquisition) via OEDI data lake,129.0,True,4.0728,4.1232,0.98778,17.88,0.0,139.05866,0.92767,True,0.93905,130.583,0.98788,0.98418,False,0.0,False
2019-11-09,Public dataset: NREL PVDAQ (Photovoltaic Data Acquisition) via OEDI data lake,127.0,True,4.0759,4.1261,0.98783,17.56,0.0,139.83569,0.90821,True,0.93827,131.20351,0.96796,0.98418,False,0.0,False
2019-11-10,Public dataset: NREL PVDAQ (Photovoltaic Data Acquisition) via OEDI data lake,122.0,True,3.9653,4.0471,0.97979,17.45,0.0,136.32714,0.89491,True,0.93749,127.80512,0.95458,0.97758,False,0.0,False
2019-11-11,Public dataset: NREL PVDAQ (Photovoltaic Data Acquisition) via OEDI data lake,124.0,True,3.9461,4.0099,0.98409,16.56,0.0,136.04768,0.91145,True,0.93671,127.43693,0.97303,0.97243,False,0.0,False
2019-11-12,Public dataset: NREL PVDAQ (Photovoltaic Data Acquisition) via OEDI data lake,123.0,True,3.822,3.9379,0.97057,16.16,0.0,132.98405,0.92492,True,0.93593,124.4634,0.98824,0.97183,False,0.0,False
2019-11-13,Public dataset: NREL PVDAQ (Photovoltaic Data Acquisition) via OEDI data lake,120.0,True,3.7834,3.9343,0.96165,17.36,0.0,130.65686,0.91844,True,0.93515,122.18331,0.98213,0.9699,False,0.0,False
2019-11-14,Public dataset: NREL PVDAQ (Photovoltaic Data Acquisition) via OEDI data lake,96.0,True,2.5745,3.7392,0.68852,16.68,0.0,83.36144,1.15161,False,0.93437,77.89009,1.23251,0.96796,False,0.0,False
2019-11-15,Public dataset: NREL PVDAQ (Photovoltaic Data Acquisition) via OEDI data lake,109.0,True,3.4114,3.7702,0.90483,18.26,0.0,116.8438,0.93287,True,0.93359,109.08365,0.99923,0.97303,False,0.0,False
2019-11-16,Public dataset: NREL PVDAQ (Photovoltaic Data Acquisition) via OEDI data lake,116.0,True,3.7356,3.7747,0.98964,17.21,0.0,130.48457,0.88899,True,0.93229,121.65002,0.95356,0.96796,False,0.0,False
2019-11-17,Public dataset: NREL PVDAQ (Photovoltaic Data Acquisition) via OEDI data lake,118.0,True,3.8338,3.865,0.99193,16.71,0.0,135.77591,0.86908,True,0.931,126.40782,0.93349,0.97303,False,0.0,False
2019-11-18,Public dataset: NREL PVDAQ (Photovoltaic Data Acquisition) via OEDI data lake,114.0,True,3.7882,3.8213,0.99134,17.4,0.0,133.57446,0.85346,True,0.92971,124.18583,0.91798,0.98206,False,0.0,False
2019-11-19,Public dataset: NREL PVDAQ (Photovoltaic Data Acquisition) via OEDI data lake,81.0,True,2.2543,3.6931,0.61041,18.05,15.79,70.83295,1.14354,False,0.92842,65.76282,1.2317,0.98206,False,0.0,False
2019-11-20,Public dataset: NREL PVDAQ (Photovoltaic Data Acquisition) via OEDI data lake,55.0,True,1.0241,3.5453,0.28886,12.3,19.91,31.49533,,False,0.92713,29.20028,,0.97172,False,0.0,False
2019-11-21,Public dataset: NREL PVDAQ (Photovoltaic Data Acquisition) via OEDI data lake,42.0,True,1.9241,3.642,0.52831,8.72,3.62,62.17051,0.67556,False,0.92584,57.55991,0.72967,0.96139,False,0.0,False
2019-11-22,Public dataset: NREL PVDAQ (Photovoltaic Data Acquisition) via OEDI data lake,121.0,True,3.2815,3.6535,0.89818,8.97,0.0,120.05573,1.00787,True,0.92455,110.99733,1.09012,0.96139,False,0.0,False
2019-11-23,Public dataset: NREL PVDAQ (Photovoltaic Data Acquisition) via OEDI data lake,117.0,True,3.6178,3.6365,0.99486,8.5,0.0,134.31423,0.87109,True,0.92326,124.00661,0.9435,0.96139,False,0.0,False
2019-11-24,Public dataset: NREL PVDAQ (Photovoltaic Data Acquisition) via OEDI data lake,121.0,True,3.6074,3.6434,0.99012,9.58,0.0,133.63889,0.90543,True,0.92197,123.21058,0.98206,0.97172,False,0.0,False
2019-11-25,Public dataset: NREL PVDAQ (Photovoltaic Data Acquisition) via OEDI data lake,116.0,True,3.4092,3.629,0.93943,8.9,0.0,125.51549,0.92419,True,0.92068,115.55903,1.00382,0.97796,False,0.0,False
2019-11-26,Public dataset: NREL PVDAQ (Photovoltaic Data Acquisition) via OEDI data lake,120.0,True,3.5815,3.6814,0.97286,4.91,0.0,135.7641,0.88389,True,0.91938,124.81941,0.96139,0.98206,False,0.0,False
2019-11-27,Public dataset: NREL PVDAQ (Photovoltaic Data Acquisition) via OEDI data lake,71.0,True,1.1789,3.3842,0.34835,6.7,2.49,36.74243,,False,0.91809,33.73298,,0.98206,False,0.0,False
2019-11-28,Public dataset: NREL PVDAQ (Photovoltaic Data Acquisition) via OEDI data lake,46.0,True,1.6704,3.4601,0.48276,5.81,14.22,56.37016,0.81603,False,0.9168,51.6803,0.89009,0.99294,False,0.0,False
2019-11-29,Public dataset: NREL PVDAQ (Photovoltaic Data Acquisition) via OEDI data lake,78.0,True,1.7417,3.425,0.50853,4.21,2.69,57.00718,1.36825,False,0.91551,52.19073,1.49452,1.00382,False,0.0,False
2019-11-30,Public dataset: NREL PVDAQ (Photovoltaic Data Acquisition) via OEDI data lake,117.0,True,3.1457,3.4591,0.9094,4.15,0.0,119.09881,0.98238,True,0.91422,108.88259,1.07455,0.99294,False,0.0,False
2019-12-01,Public dataset: NREL PVDAQ (Photovoltaic Data Acquisition) via OEDI data lake,77.0,True,2.119,3.2868,0.6447,4.78,0.0,72.23839,1.06592,False,0.91293,65.94856,1.16758,1.00382,False,0.0,False
2019-12-02,Public dataset: NREL PVDAQ (Photovoltaic Data Acquisition) via OEDI data lake,92.0,True,2.8358,3.3065,0.85764,7.85,0.0,103.62581,0.88781,True,0.91164,94.46929,0.97386,1.00382,False,0.0,False
2019-12-03,Public dataset: NREL PVDAQ (Photovoltaic Data Acquisition) via OEDI data lake,67.0,True,1.9975,3.311,0.60329,8.54,0.0,66.21275,1.01189,False,0.91035,60.27662,1.11154,1.01252,False,0.0,False
2019-12-04,Public dataset: NREL PVDAQ (Photovoltaic Data Acquisition) via OEDI data lake,14.0,True,0.8599,3.1145,0.2761,8.51,12.79,26.72237,,False,0.90906,24.29215,,1.043,False,0.0,False
2019-12-05,Public dataset: NREL PVDAQ (Photovoltaic Data Acquisition) via OEDI data lake,110.0,True,2.9462,3.3182,0.88789,9.32,0.26,108.81563,1.01088,True,0.90777,98.77909,1.1136,1.043,False,0.0,False
2019-12-06,Public dataset: NREL PVDAQ (Photovoltaic Data Acquisition) via OEDI data lake,96.0,True,2.7874,3.2292,0.86319,10.93,0.0,100.74837,0.95287,True,0.90647,91.32585,1.05118,1.03482,False,0.0,False
2019-12-07,Public dataset: NREL PVDAQ (Photovoltaic Data Acquisition) via OEDI data lake,41.0,True,1.7174,3.127,0.54922,11.16,0.16,55.34624,0.74079,False,0.90518,50.09852,0.81839,1.03482,False,0.0,False
2019-12-08,Public dataset: NREL PVDAQ (Photovoltaic Data Acquisition) via OEDI data lake,65.0,True,1.8857,3.2016,0.58899,11.26,0.53,61.61657,1.05491,False,0.90389,55.69477,1.16708,1.02016,False,0.0,False
2019-12-09,Public dataset: NREL PVDAQ (Photovoltaic Data Acquisition) via OEDI data lake,108.0,True,3.2981,3.3422,0.98681,9.72,0.47,125.06794,0.86353,True,0.9026,112.88655,0.95671,1.0055,False,0.0,False
2019-12-10,Public dataset: NREL PVDAQ (Photovoltaic Data Acquisition) via OEDI data lake,92.0,True,2.713,3.317,0.81791,8.56,0.0,99.49763,0.92465,False,0.90131,89.67829,1.02589,1.0055,False,0.0,False
2019-12-11,Public dataset: NREL PVDAQ (Photovoltaic Data Acquisition) via OEDI data lake,96.0,True,2.8121,3.2369,0.86876,8.96,0.0,103.07479,0.93136,True,0.90002,92.76935,1.03482,1.0055,False,0.0,False
2019-12-12,Public dataset: NREL PVDAQ (Photovoltaic Data Acquisition) via OEDI data lake,79.0,True,2.6038,3.1418,0.82876,9.39,0.0,94.51079,0.83588,False,0.89873,84.93957,0.93007,0.99039,False,0.0,False
2019-12-13,Public dataset: NREL PVDAQ (Photovoltaic Data Acquisition) via OEDI data lake,99.0,True,2.9477,3.1054,0.94922,10.2,0.0,109.71075,0.90237,True,0.89744,98.45858,1.0055,0.97527,True,0.02473,False
2019-12-14,Public dataset: NREL PVDAQ (Photovoltaic Data Acquisition) via OEDI data lake,86.0,True,2.3674,3.1769,0.74519,9.49,1.35,83.09441,1.03497,False,0.89615,74.4648,1.15491,0.96599,True,0.03401,False
2019-12-15,Public dataset: NREL PVDAQ (Photovoltaic Data Acquisition) via OEDI data lake,109.0,True,2.7854,3.2906,0.84647,6.11,1.0,104.30219,1.04504,False,0.89486,93.33543,1.16783,0.96599,True,0.03401,False
2019-12-16,Public dataset: NREL PVDAQ (Photovoltaic Data Acquisition) via OEDI data lake,110.0,True,3.359,3.3862,0.99197,2.54,0.0,132.65561,0.82921,True,0.89823,119.15501,0.92317,0.96599,True,0.03401,False
2019-12-17,Public dataset: NREL PVDAQ (Photovoltaic Data Acquisition) via OEDI data lake,108.0,True,3.1474,3.3583,0.9372,2.14,0.0,122.82399,0.87931,True,0.9016,110.73817,0.97527,0.97527,True,0.02473,False
2019-12-18,Public dataset: NREL PVDAQ (Photovoltaic Data Acquisition) via OEDI data lake,58.0,True,1.8168,3.2376,0.56116,3.57,0.0,61.06181,0.94986,False,0.90497,55.25927,1.0496,0.97527,True,0.02473,False
2019-12-19,Public dataset: NREL PVDAQ (Photovoltaic Data Acquisition) via OEDI data lake,104.0,True,3.1867,3.2122,0.99206,5.73,0.0,123.55893,0.8417,True,0.90835,112.23415,0.92663,0.95095,True,0.04905,False
2019-12-20,Public dataset: NREL PVDAQ (Photovoltaic Data Acquisition) via OEDI data lake,90.0,True,2.3138,3.1241,0.74063,6.17,0.0,83.04234,1.08378,False,0.91172,75.71114,1.18873,0.95095,True,0.04905,False
2019-12-21,Public dataset: NREL PVDAQ (Photovoltaic Data Acquisition) via OEDI data lake,74.0,True,1.8583,3.1934,0.58192,6.82,0.0,61.74179,1.19854,False,0.91509,56.49927,1.30975,0.946,True,0.054,False
2019-12-22,Public dataset: NREL PVDAQ (Photovoltaic Data Acquisition) via OEDI data lake,44.0,True,1.6008,3.1894,0.50191,6.84,0.0,52.15004,0.84372,False,0.91846,47.89782,0.91862,0.946,True,0.054,False
2019-12-23,Public dataset: NREL PVDAQ (Photovoltaic Data Acquisition) via OEDI data lake,22.0,True,0.642,3.0053,0.21362,9.36,2.21,19.93079,,False,0.92183,18.37289,,0.94432,True,0.05568,False
2019-12-24,Public dataset: NREL PVDAQ (Photovoltaic Data Acquisition) via OEDI data lake,61.0,True,1.5456,3.1027,0.49815,6.68,2.81,50.70384,1.20306,False,0.92521,46.91152,1.30032,0.95492,True,0.04508,False
2019-12-25,Public dataset: NREL PVDAQ (Photovoltaic Data Acquisition) via OEDI data lake,64.0,True,2.0107,3.126,0.64322,4.82,0.26,68.58155,0.9332,False,0.92858,63.68338,1.00497,0.94962,True,0.05038,False
2019-12-26,Public dataset: NREL PVDAQ (Photovoltaic Data Acquisition) via OEDI data lake,15.0,True,0.7378,3.1351,0.23534,4.23,6.3,23.49748,,False,0.93195,21.8985,,0.94962,True,0.05038,False
2019-12-27,Public dataset: NREL PVDAQ (Photovoltaic Data Acquisition) via OEDI data lake,88.0,True,2.6878,3.2218,0.83425,4.65,0.56,100.64053,0.8744,False,0.93532,94.13144,0.93486,0.95492,True,0.04508,False
2019-12-28,Public dataset: NREL PVDAQ (Photovoltaic Data Acquisition) via OEDI data lake,115.0,True,3.2362,3.3106,0.97753,2.37,0.08,126.9068,0.90618,True,0.9387,119.12687,0.96536,0.95492,True,0.04508,False
2019-12-29,Public dataset: NREL PVDAQ (Photovoltaic Data Acquisition) via OEDI data lake,83.0,True,1.909,3.211,0.59452,3.34,0.0,65.6483,1.26431,False,0.94207,61.84516,1.34206,0.94962,True,0.05038,False
2019-12-30,Public dataset: NREL PVDAQ (Photovoltaic Data Acquisition) via OEDI data lake,106.0,True,3.0833,3.1985,0.96398,4.1,0.0,118.72743,0.8928,True,0.94544,112.24969,0.94432,0.94962,True,0.05038,False
2019-12-31,Public dataset: NREL PVDAQ (Photovoltaic Data Acquisition) via OEDI data lake,111.0,True,3.161,3.3226,0.95136,4.86,0.0,122.51151,0.90604,True,0.94881,116.24047,0.95492,0.94962,True,0.05038,False
